Workbook
Name _: #N/A
Name __JJ1: [4]지입S3!#REF!
Name __JJ10: [5]자재단가!#REF!
Name __JJ100: #N/A
Name __JJ101: #N/A
Name __JJ102: #N/A
Name __JJ103: #N/A
Name __JJ104: #N/A
Name __JJ105: #N/A
Name __JJ106: #N/A
Name __JJ107: #N/A
Name __JJ108: #N/A
Name __JJ109: #N/A
Name __JJ11: [5]자재단가!#REF!
Name __JJ110: #N/A
Name __JJ111: #N/A
Name __JJ112: #N/A
Name __JJ113: [5]자재단가!#REF!
Name __JJ114: [5]자재단가!#REF!
Name __JJ115: [5]자재단가!#REF!
Name __JJ116: [5]자재단가!#REF!
Name __JJ117: [5]자재단가!#REF!
Name __JJ118: [5]자재단가!#REF!
Name __JJ119: [5]자재단가!#REF!
Name __JJ12: [5]자재단가!#REF!
Name __JJ120: [5]자재단가!#REF!
Name __JJ121: [5]자재단가!#REF!
Name __JJ122: [5]자재단가!#REF!
Name __JJ123: [5]자재단가!#REF!
Name __JJ124: [5]자재단가!#REF!
Name __JJ125: [5]자재단가!#REF!
Name __JJ126: [5]자재단가!#REF!
Name __JJ127: [5]자재단가!#REF!
Name __JJ128: [5]자재단가!#REF!
Name __JJ129: [5]자재단가!#REF!
Name __JJ13: [5]자재단가!#REF!
Name __JJ130: [5]자재단가!#REF!
Name __JJ131: [5]자재단가!#REF!
Name __JJ132: [5]자재단가!#REF!
Name __JJ133: [5]자재단가!#REF!
Name __JJ134: [5]자재단가!#REF!
Name __JJ135: [5]자재단가!#REF!
Name __JJ136: [5]자재단가!#REF!
Name __JJ137: [5]자재단가!#REF!
Name __JJ138: [5]자재단가!#REF!
Name __JJ139: [5]자재단가!#REF!
Name __JJ14: [5]자재단가!#REF!
Name __JJ140: [5]자재단가!#REF!
Name __JJ141: #N/A
Name __JJ142: #N/A
Name __JJ143: #N/A
Name __JJ144: #N/A
Name __JJ145: #N/A
Name __JJ146: #N/A
Name __JJ147: #N/A
Name __JJ148: #N/A
Name __JJ149: #N/A
Name __JJ15: [5]자재단가!#REF!
Name __JJ150: #N/A
Name __JJ151: #N/A

Sheet 총괄표
M2: [단위 : 백만원]
A3: 총괄표 | C3: 26년 | D3: 27년 | E3: 28년 | F3: 29년 | G3: 30년 | H3: 31년 | I3: 32년 | J3: 33년 | K3: 34년 | L3: 35년 | M3: 합계
A4: 수선유지비 | B4: 건물/구축물 | C4: ='26년'!$Y4 -> 4188 | D4: ='27년'!$Y4 -> 4250.82 | E4: ='28년'!$Y4 -> 4314.5823 | F4: ='29년'!$Y4 -> 4465.0467 | G4: ='30년'!$Y4 -> 4532.0224 | H4: ='31년'!$Y4 -> 4600.0027 | I4: ='32년'!$Y4 -> 4669.0027 | J4: ='33년'!$Y4 -> 4739.0378 | K4: ='34년'!Y4 -> 4810.1233 | L4: ='35년'!Y4 -> 4882.2752 | M4: =SUM(C4:L4) -> 45450.913
B5: 열원정기점검 | C5: ='26년'!$Y5 -> 27778 | D5: ='27년'!$Y5 -> 24868.567 | E5: ='28년'!$Y5 -> 28397.67 | F5: ='29년'!$Y5 -> 27126.644 | G5: ='30년'!$Y5 -> 23929.805 | H5: ='31년'!$Y5 -> 27692.36 | I5: ='32년'!$Y5 -> 25202.829 | J5: ='33년'!$Y5 -> 27981.359 | K5: ='34년'!Y5 -> 26340.013 | L5: ='35년'!Y5 -> 28620.527 | M5: =SUM(C5:L5) -> 267937.78
B6: 열원경상정비 | C6: ='26년'!$Y6 -> 42740 | D6: ='27년'!$Y6 -> 44031.816 | E6: ='28년'!$Y6 -> 46525.368 | F6: ='29년'!$Y6 -> 47223.248 | G6: ='30년'!$Y6 -> 47931.597 | H6: ='31년'!$Y6 -> 48650.571 | I6: ='32년'!$Y6 -> 49380.33 | J6: ='33년'!$Y6 -> 50121.035 | K6: ='34년'!Y6 -> 50872.85 | L6: ='35년'!Y6 -> 51635.943 | M6: =SUM(C6:L6) -> 479112.76
B7: 열원정기유지보수 | C7: ='26년'!$Y7 -> 10084 | D7: ='27년'!$Y7 -> 10962.615 | E7: ='28년'!$Y7 -> 11112.849 | F7: ='29년'!$Y7 -> 10505.577 | G7: ='30년'!$Y7 -> 10660.951 | H7: ='31년'!$Y7 -> 8532.1454 | I7: ='32년'!$Y7 -> 8660.1876 | J7: ='33년'!$Y7 -> 8790.1054 | K7: ='34년'!Y7 -> 8921.927 | L7: ='35년'!Y7 -> 9004.2849 | M7: =SUM(C7:L7) -> 97234.643
B8: 열원보완및개선 | C8: ='26년'!$Y8 -> 15268 | D8: ='27년'!$Y8 -> 13830.838 | E8: ='28년'!$Y8 -> 14558.38 | F8: ='29년'!$Y8 -> 14568.739 | G8: ='30년'!$Y8 -> 14210.99 | H8: ='31년'!$Y8 -> 14911.018 | I8: ='32년'!$Y8 -> 14710.292 | J8: ='33년'!$Y8 -> 15328.456 | K8: ='34년'!Y8 -> 16126.961 | L8: ='35년'!Y8 -> 15936.647 | M8: =SUM(C8:L8) -> 149450.32
B9: 비저장품(보수자재) | C9: ='26년'!$Y9 -> 1499 | D9: ='27년'!$Y9 -> 3900.645 | E9: ='28년'!$Y9 -> 4018.542 | F9: ='29년'!$Y9 -> 4155.0065 | G9: ='30년'!$Y9 -> 4318.8316 | H9: ='31년'!$Y9 -> 4383.614 | I9: ='32년'!$Y9 -> 4449.3683 | J9: ='33년'!$Y9 -> 4329.111 | K9: ='34년'!Y9 -> 4583.8504 | L9: ='35년'!Y9 -> 4652.6082 | M9: =SUM(C9:L9) -> 40290.577
B10: 소모품(자재공기구) | C10: ='26년'!$Y10 -> 198 | D10: ='27년'!$Y10 -> 435.435 | E10: ='28년'!$Y10 -> 448.59602 | F10: ='29년'!$Y10 -> 474.42951 | G10: ='30년'!$Y10 -> 481.54595 | H10: ='31년'!$Y10 -> 488.76914 | I10: ='32년'!$Y10 -> 496.10068 | J10: ='33년'!$Y10 -> 483.26532 | K10: ='34년'!Y10 -> 511.09532 | L10: ='35년'!Y10 -> 518.76175 | M10: =SUM(C10:L10) -> 4535.9987
B11: 계 | C11: ='26년'!$Y11 -> 101755 | D11: ='27년'!$Y11 -> 102280.74 | E11: ='28년'!$Y11 -> 109375.99 | F11: ='29년'!$Y11 -> 108518.69 | G11: ='30년'!$Y11 -> 106065.74 | H11: ='31년'!$Y11 -> 109258.48 | I11: ='32년'!$Y11 -> 107568.11 | J11: ='33년'!$Y11 -> 111772.37 | K11: ='34년'!$Y11 -> 112166.82 | L11: ='35년'!$Y11 -> 115251.05 | M11: =SUM(C11:L11) -> 1084013
A12: 지급수수료 | B12: 지급수수료 열원 | C12: ='26년'!$Y12 -> 5756 | D12: ='27년'!$Y12 -> 5659.8277 | E12: ='28년'!$Y12 -> 5744.7251 | F12: ='29년'!$Y12 -> 5944.8749 | G12: ='30년'!$Y12 -> 6034.048 | H12: ='31년'!$Y12 -> 6124.5588 | I12: ='32년'!$Y12 -> 6216.4272 | J12: ='33년'!$Y12 -> 6309.6736 | K12: ='34년'!Y12 -> 6404.3187 | L12: ='35년'!Y12 -> 6500.3834 | M12: =SUM(C12:L12) -> 60694.837
A13: 손익예산 합계 | C13: =C11+C12 -> 107511 | D13: =D11+D12 -> 107940.56 | E13: =E11+E12 -> 115120.71 | F13: =F11+F12 -> 114463.57 | G13: =G11+G12 -> 112099.79 | H13: =H11+H12 -> 115383.04 | I13: =I11+I12 -> 113784.54 | J13: =J11+J12 -> 118082.04 | ... L13: =L11+L12 -> 121751.43 | M13: =SUM(C13:L13) -> 1144707.8
A14: 건물 | C14: ='26년'!$Y14 -> 120 | D14: ='27년'!$Y14 -> 64 | E14: ='28년'!$Y14 -> 67 | F14: ='29년'!$Y14 -> 64 | G14: ='30년'!$Y14 -> 67 | H14: ='31년'!$Y14 -> 64 | I14: ='32년'!$Y14 -> 67 | J14: ='33년'!$Y14 -> 64 | K14: ='34년'!Y14 -> 67 | L14: ='35년'!Y14 -> 64 | M14: =SUM(C14:L14) -> 708
A15: 구축물 | C15: ='26년'!$Y15 -> 50 | D15: ='27년'!$Y15 -> 15 | E15: ='28년'!$Y15 -> 15 | F15: ='29년'!$Y15 -> 15 | G15: ='30년'!$Y15 -> 15 | H15: ='31년'!$Y15 -> 65 | I15: ='32년'!$Y15 -> 15 | J15: ='33년'!$Y15 -> 15 | K15: ='34년'!Y15 -> 15 | L15: ='35년'!Y15 -> 15 | M15: =SUM(C15:L15) -> 235
A16: 기계장치 | B16: 고온부품재생+LTSA | C16: ='26년'!$Y16 -> 16719 | D16: ='27년'!$Y16 -> 6120 | E16: ='28년'!$Y16 -> 16440.251 | F16: ='29년'!$Y16 -> 24522.969 | G16: ='30년'!$Y16 -> 11853 | H16: ='31년'!$Y16 -> 19145 | I16: ='32년'!$Y16 -> 12543.487 | J16: ='33년'!$Y16 -> 13440.364 | K16: ='34년'!Y16 -> 3489 | L16: ='35년'!Y16 -> 5282.6434 | M16: =SUM(C16:L16) -> 129555.71
B17: 기타기계장치 | C17: ='26년'!$Y17 -> 56441 | D17: ='27년'!$Y17 -> 19347.946 | E17: ='28년'!$Y17 -> 31407.071 | F17: ='29년'!$Y17 -> 14695.858 | G17: ='30년'!$Y17 -> 17909.211 | H17: ='31년'!$Y17 -> 17273.059 | I17: ='32년'!$Y17 -> 17266.099 | J17: ='33년'!$Y17 -> 15236.931 | K17: ='34년'!Y17 -> 18622.447 | L17: ='35년'!Y17 -> 16455.669 | M17: =SUM(C17:L17) -> 224655.29
B18: 계 | C18: =C16+C17 -> 73160 | D18: =D16+D17 -> 25467.946 | E18: =E16+E17 -> 47847.322 | F18: =F16+F17 -> 39218.827 | G18: =G16+G17 -> 29762.211 | H18: =H16+H17 -> 36418.059 | I18: =I16+I17 -> 29809.586 | J18: =J16+J17 -> 28677.295 | ... L18: =L16+L17 -> 21738.313 | M18: =SUM(C18:L18) -> 354211.01
A19: 건가-외주비 | B19: 중대형 MI 및 소형 A급 정비 | C19: ='26년'!$Y19 -> 2392 | D19: ='27년'!$Y19 -> 0 | E19: ='28년'!$Y19 -> 14761.168 | F19: ='29년'!$Y19 -> 5075 | G19: ='30년'!$Y19 -> 8711.6158 | H19: ='31년'!$Y19 -> 15108.122 | I19: ='32년'!$Y19 -> 3985.4531 | J19: ='33년'!$Y19 -> 0 | K19: ='34년'!Y19 -> 16140.5 | L19: ='35년'!Y19 -> 9716.7267 | M19: =SUM(C19:L19) -> 75890.585
A20: 공구와기구 | C20: ='26년'!$Y20 -> 1484 | D20: ='27년'!$Y20 -> 936.77608 | E20: ='28년'!$Y20 -> 1310.7905 | F20: ='29년'!$Y20 -> 1486.6942 | G20: ='30년'!$Y20 -> 1037.8349 | H20: ='31년'!$Y20 -> 1041.7793 | I20: ='32년'!$Y20 -> 1277.5263 | J20: ='33년'!$Y20 -> 1011.8224 | K20: ='34년'!Y20 -> 1165.7543 | L20: ='35년'!Y20 -> 1174.9306 | M20: =SUM(C20:L20) -> 11927.908
A21: 예비품 | B21: 재생고온부품 | C21: ='26년'!$Y21 -> 1804 | D21: ='27년'!$Y21 -> 16939 | E21: ='28년'!$Y21 -> 36744 | F21: ='29년'!$Y21 -> 38410 | G21: ='30년'!$Y21 -> 30919 | H21: ='31년'!$Y21 -> 144201.17 | I21: ='32년'!$Y21 -> 17583 | J21: ='33년'!$Y21 -> 35112 | K21: ='34년'!Y21 -> 31158 | L21: ='35년'!Y21 -> 18887 | M21: =SUM(C21:L21) -> 371757.17
B22: 자산화예비품 | C22: ='26년'!$Y22 -> 10656 | D22: ='27년'!$Y22 -> 3266.1286 | E22: ='28년'!$Y22 -> 6679.71 | F22: ='29년'!$Y22 -> 5537.4019 | G22: ='30년'!$Y22 -> 4808.2641 | H22: ='31년'!$Y22 -> 4889.227 | I22: ='32년'!$Y22 -> 5196.7306 | J22: ='33년'!$Y22 -> 3617.7185 | K22: ='34년'!Y22 -> 7097.3097 | L22: ='35년'!Y22 -> 5872.0628 | M22: =SUM(C22:L22) -> 57620.553
B23: 저장품 | C23: ='26년'!$Y23 -> 1296 | D23: ='27년'!$Y23 -> 724.09136 | E23: ='28년'!$Y23 -> 920.49064 | F23: ='29년'!$Y23 -> 848.8938 | G23: ='30년'!$Y23 -> 862.5597 | H23: ='31년'!$Y23 -> 1138.1824 | I23: ='32년'!$Y23 -> 765.42163 | J23: ='33년'!$Y23 -> 766 | K23: ='34년'!Y23 -> 766.5 | L23: ='35년'!Y23 -> 766.5 | M23: =SUM(C23:L23) -> 8854.6396
B24: 계 | C24: =SUM(C21:C23) -> 13756 | D24: =SUM(D21:D23) -> 20929.22 | E24: =SUM(E21:E23) -> 44344.201 | F24: =SUM(F21:F23) -> 44796.296 | G24: =SUM(G21:G23) -> 36589.824 | H24: =SUM(H21:H23) -> 150228.58 | I24: =SUM(I21:I23) -> 23545.152 | J24: =SUM(J21:J23) -> 39495.719 | ... L24: =SUM(L21:L23) -> 25525.563 | M24: =SUM(C24:L24) -> 438232.36
A25: 자본예산 합계 | C25: =C14+C15+C18+C19+C20+C24 -> 90962 | D25: =D14+D15+D18+D19+D20+D24 -> 47412.942 | E25: =E14+E15+E18+E19+E20+E24 -> 108345.48 | F25: =F14+F15+F18+F19+F20+F24 -> 90655.817 | G25: =G14+G15+G18+G19+G20+G24 -> 76183.486 | H25: =H14+H15+H18+H19+H20+H24 -> 202925.54 | I25: =I14+I15+I18+I19+I20+I24 -> 58699.717 | J25: =J14+J15+J18+J19+J20+J24 -> 69263.836 | ... M25: =M14+M15+M18+M19+M20+M24 -> 881204.86
A26: 투자비 | B26: 열원공사비 등 | C26: ='26년'!$Y26 -> 12593 | D26: ='27년'!$Y26 -> 37608.612 | E26: ='28년'!$Y26 -> 12497.592 | F26: ='29년'!$Y26 -> 12685.056 | G26: ='30년'!$Y26 -> 12875.332 | H26: ='31년'!$Y26 -> 13068.462 | I26: ='32년'!$Y26 -> 13264.489 | J26: ='33년'!$Y26 -> 13463.456 | K26: ='34년'!Y26 -> 13665.408 | L26: ='35년'!Y26 -> 13870.389 | M26: =SUM(C26:L26) -> 155591.79
N31: [단위 : 천원]
A32: 손익예산(2025중장기) | C32: 25년 | D32: 26년 | E32: 27년 | F32: 28년 | G32: 29년 | H32: 30년 | I32: 31년 | J32: 32년 | K32: 33년 | L32: 34년 | M32: 35년 | N32: 합계
A33: 수선유지비 | B33: 건물/구축물 | C33: 5701000 | D33: 2694046 | E33: 2749161 | F33: 2806509 | G33: 2897385 | H33: 3042681 | I33: 3150236 | J33: 3355134 | K33: 3557305 | L33: 3820528 | N33: =SUM(C33:L33) -> 33773985
B34: 열원정기점검 | C34: 25374000 | D34: 30376472 | E34: 25190155 | F34: 29860119 | G34: 27005853 | H34: 27681421 | I34: 25099692 | J34: 29294562 | K34: 27771028 | L34: 27013513 | N34: =SUM(C34:L34) -> 274666815
B35: 열원경상정비 | C35: 42214000 | D35: 44648210 | E35: 45247898 | F35: 47765508 | G35: 48658740 | H35: 49628431 | I35: 50689902 | J35: 51863884 | K35: 53178415 | L35: 54671559 | N35: =SUM(C35:L35) -> 488566547
B36: 열원정기유지보수 | C36: 10910000 | D36: 10622779 | E36: 10779426 | F36: 10984997 | G36: 11148087 | H36: 11313114 | I36: 9194105 | J36: 9332092 | K36: 9472103 | L36: 9614170 | N36: =SUM(C36:L36) -> 103370873
B37: 열원보완및개선 | C37: 14774000 | D37: 13602256 | E37: 14262535 | F37: 18641590 | G37: 16465844 | H37: 13300349 | I37: 18125830 | J37: 14594278 | K37: 15921342 | L37: 15063257 | N37: =SUM(C37:L37) -> 154751281
B38: 계 | C38: =SUM(C33:C37) -> 98973000 | D38: =SUM(D33:D37) -> 101943763 | E38: =SUM(E33:E37) -> 98229175 | F38: =SUM(F33:F37) -> 110058723 | G38: =SUM(G33:G37) -> 106175909 | H38: =SUM(H33:H37) -> 104965996 | I38: =SUM(I33:I37) -> 106259765 | J38: =SUM(J33:J37) -> 108439950 | ... L38: =SUM(L33:L37) -> 110183027 | N38: =SUM(N33:N37) -> 1055129501
A39: 지급수수료 | B39: 지급수수료 열원 | C39: 6676000 | D39: 6525589 | E39: 6621723 | F39: 7195220 | G39: 7303149 | H39: 7412696 | I39: 7523886 | J39: 7636745 | K39: 7751296 | L39: 7867565 | N39: =SUM(C39:L39) -> 72513869
A40: 손익예산 합계 | C40: =C38+C39 -> 105649000 | D40: =D38+D39 -> 108469352 | E40: =E38+E39 -> 104850898 | F40: =F38+F39 -> 117253943 | G40: =G38+G39 -> 113479058 | H40: =H38+H39 -> 112378692 | I40: =I38+I39 -> 113783651 | J40: =J38+J39 -> 116076695 | ... L40: =L38+L39 -> 118050592 | N40: =N38+N39 -> 1127643370
A42: 손익예산(2026중장기) | C42: 25년 | D42: 26년 | E42: 27년 | F42: 28년 | G42: 29년 | H42: 30년 | I42: 31년 | J42: 32년 | K42: 33년 | L42: 34년 | M42: 35년 | N42: 합계
A43: 수선유지비 | B43: 건물/구축물 | D43: =TRUNC(C4*1000) -> 4188000 | E43: =TRUNC(D4*1000) -> 4250820 | F43: =TRUNC(E4*1000) -> 4314582 | G43: =TRUNC(F4*1000) -> 4465046 | H43: =TRUNC(G4*1000) -> 4532022 | I43: =TRUNC(H4*1000) -> 4600002 | J43: =TRUNC(I4*1000) -> 4669002 | K43: =TRUNC(J4*1000) -> 4739037 | ... M43: =TRUNC(L4*1000) -> 4882275 | N43: =SUM(D43:M43) -> 45450909
B44: 열원정기점검 | D44: =TRUNC(C5*1000) -> 27778000 | E44: =TRUNC(D5*1000) -> 24868567 | F44: =TRUNC(E5*1000) -> 28397670 | G44: =TRUNC(F5*1000) -> 27126644 | H44: =TRUNC(G5*1000) -> 23929804 | I44: =TRUNC(H5*1000) -> 27692359 | J44: =TRUNC(I5*1000) -> 25202829 | K44: =TRUNC(J5*1000) -> 27981359 | ... M44: =TRUNC(L5*1000) -> 28620527 | N44: =SUM(D44:M44) -> 267937772
B45: 열원경상정비 | D45: =TRUNC(C6*1000) -> 42740000 | E45: =TRUNC(D6*1000) -> 44031816 | F45: =TRUNC(E6*1000) -> 46525367 | G45: =TRUNC(F6*1000) -> 47223248 | H45: =TRUNC(G6*1000) -> 47931597 | I45: =TRUNC(H6*1000) -> 48650571 | J45: =TRUNC(I6*1000) -> 49380329 | K45: =TRUNC(J6*1000) -> 50121034 | ... M45: =TRUNC(L6*1000) -> 51635942 | N45: =SUM(D45:M45) -> 479112754
B46: 열원정기유지보수 | D46: =TRUNC(C7*1000) -> 10084000 | E46: =TRUNC(D7*1000) -> 10962614 | F46: =TRUNC(E7*1000) -> 11112848 | G46: =TRUNC(F7*1000) -> 10505577 | H46: =TRUNC(G7*1000) -> 10660951 | I46: =TRUNC(H7*1000) -> 8532145 | J46: =TRUNC(I7*1000) -> 8660187 | K46: =TRUNC(J7*1000) -> 8790105 | ... M46: =TRUNC(L7*1000) -> 9004284 | N46: =SUM(D46:M46) -> 97234638
B47: 열원보완및개선 | D47: =TRUNC(C8*1000) -> 15268000 | E47: =TRUNC(D8*1000) -> 13830838 | F47: =TRUNC(E8*1000) -> 14558379 | G47: =TRUNC(F8*1000) -> 14568739 | H47: =TRUNC(G8*1000) -> 14210989 | I47: =TRUNC(H8*1000) -> 14911018 | J47: =TRUNC(I8*1000) -> 14710291 | K47: =TRUNC(J8*1000) -> 15328456 | ... M47: =TRUNC(L8*1000) -> 15936646 | N47: =SUM(D47:M47) -> 149450317
B48: 비저장품(보수자재) | D48: =TRUNC(C9*1000) -> 1499000 | E48: =TRUNC(D9*1000) -> 3900645 | F48: =TRUNC(E9*1000) -> 4018541 | G48: =TRUNC(F9*1000) -> 4155006 | H48: =TRUNC(G9*1000) -> 4318831 | I48: =TRUNC(H9*1000) -> 4383614 | J48: =TRUNC(I9*1000) -> 4449368 | K48: =TRUNC(J9*1000) -> 4329111 | ... M48: =TRUNC(L9*1000) -> 4652608 | N48: =SUM(D48:M48) -> 40290574
B49: 소모품(자재공기구) | D49: =TRUNC(C10*1000) -> 198000 | E49: =TRUNC(D10*1000) -> 435435 | F49: =TRUNC(E10*1000) -> 448596 | G49: =TRUNC(F10*1000) -> 474429 | H49: =TRUNC(G10*1000) -> 481545 | I49: =TRUNC(H10*1000) -> 488769 | J49: =TRUNC(I10*1000) -> 496100 | K49: =TRUNC(J10*1000) -> 483265 | ... M49: =TRUNC(L10*1000) -> 518761 | N49: =SUM(D49:M49) -> 4535995
B50: 계 | D50: =SUM(D43:D49) -> 101755000 | E50: =SUM(E43:E49) -> 102280735 | F50: =SUM(F43:F49) -> 109375983 | G50: =SUM(G43:G49) -> 108518689 | H50: =SUM(H43:H49) -> 106065739 | I50: =SUM(I43:I49) -> 109258478 | J50: =SUM(J43:J49) -> 107568106 | K50: =SUM(K43:K49) -> 111772367 | ... N50: =SUM(N43:N49) -> 1084012959
A51: 지급수수료 | B51: 지급수수료 열원 | D51: =TRUNC(C12*1000) -> 5756000 | E51: =TRUNC(D12*1000) -> 5659827 | F51: =TRUNC(E12*1000) -> 5744725 | G51: =TRUNC(F12*1000) -> 5944874 | H51: =TRUNC(G12*1000) -> 6034048 | I51: =TRUNC(H12*1000) -> 6124558 | J51: =TRUNC(I12*1000) -> 6216427 | K51: =TRUNC(J12*1000) -> 6309673 | ... M51: =TRUNC(L12*1000) -> 6500383 | N51: =SUM(D51:M51) -> 60694833
A52: 손익예산 합계 | D52: =D50+D51 -> 107511000 | E52: =E50+E51 -> 107940562 | F52: =F50+F51 -> 115120708 | G52: =G50+G51 -> 114463563 | H52: =H50+H51 -> 112099787 | I52: =I50+I51 -> 115383036 | J52: =J50+J51 -> 113784533 | K52: =K50+K51 -> 118082040 | ... N52: =N50+N51 -> 1144707792

Sheet 26년
Y2: [단위 : 백만원]
A3: 2026년 | C3: 동탄 | D3: 화성 | E3: 파주 | F3: 광교 | G3: 판교 | H3: 삼송 | I3: 양산 | J3: 대구 | K3: 청주 | L3: 소계 | M3: 수원 | N3: 광주전남 | O3: 강남 | P3: 소계 | Q3: 중앙 | R3: 고양 | S3: 용인 | T3: 분당 | U3: 세종 | V3: 김해 | W3: 평택 | X3: 소계 | Y3: 합계
A4: 수선유지비 | B4: 건물/구축물 | C4: =동탄!C6 -> 951 | D4: =화성!C6 -> 367 | E4: =파주!C6 -> 792 | F4: =광교!C6 -> 44 | G4: =판교!C6 -> 306 | H4: =삼송!C6 -> 287 | I4: =양산!C6 -> 163 | J4: =대구!C6 -> 3 | K4: =청주!C6 -> 30 | L4: =SUM(C4:K4) -> 2943 | M4: =수원!C6 -> 224 | N4: =광주전남!C6 -> 239 | O4: =강남!C6 -> 161 | P4: =SUM(M4:O4) -> 624 | Q4: =중앙!C6 -> 207 | R4: =고양!C6 -> 106 | S4: =용인!C6 -> 86 | T4: =분당!C6 -> 40 | U4: =세종!C6 -> 32 | V4: =김해!C6 -> 150 | W4: =평택!C6 -> 0 | X4: =SUM(Q4:W4) -> 621 | Y4: =L4+P4+X4 -> 4188
B5: 열원정기점검 | C5: =동탄!C7 -> 6867 | D5: =화성!C7 -> 1061 | E5: =파주!C7 -> 4021 | F5: =광교!C7 -> 1391 | G5: =판교!C7 -> 706 | H5: =삼송!C7 -> 1477 | I5: =양산!C7 -> 811 | J5: =대구!C7 -> 2118 | K5: =청주!C7 -> 1763 | L5: =SUM(C5:K5) -> 20215 | M5: =수원!C7 -> 872 | N5: =광주전남!C7 -> 1213 | O5: =강남!C7 -> 1829 | P5: =SUM(M5:O5) -> 3914 | Q5: =중앙!C7 -> 1344 | R5: =고양!C7 -> 635 | S5: =용인!C7 -> 472 | T5: =분당!C7 -> 611 | U5: =세종!C7 -> 114 | V5: =김해!C7 -> 308 | W5: =평택!C7 -> 165 | X5: =SUM(Q5:W5) -> 3649 | Y5: =L5+P5+X5 -> 27778
B6: 열원경상정비 | C6: =동탄!C8 -> 7974 | D6: =화성!C8 -> 6160 | E6: =파주!C8 -> 5757 | F6: =광교!C8 -> 2366 | G6: =판교!C8 -> 2456 | H6: =삼송!C8 -> 1772 | I6: =양산!C8 -> 2208 | J6: =대구!C8 -> 3653 | K6: =청주!C8 -> 3319 | L6: =SUM(C6:K6) -> 35665 | M6: =수원!C8 -> 703 | N6: =광주전남!C8 -> 1748 | O6: =강남!C8 -> 1227 | P6: =SUM(M6:O6) -> 3678 | Q6: =중앙!C8 -> 1064 | R6: =고양!C8 -> 699 | S6: =용인!C8 -> 677 | T6: =분당!C8 -> 604 | U6: =세종!C8 -> 273 | V6: =김해!C8 -> 40 | W6: =평택!C8 -> 40 | X6: =SUM(Q6:W6) -> 3397 | Y6: =L6+P6+X6 -> 42740
B7: 열원정기유지보수 | C7: =동탄!C9 -> 5248 | D7: =화성!C9 -> 372 | E7: =파주!C9 -> 647 | F7: =광교!C9 -> 188 | G7: =판교!C9 -> 188 | H7: =삼송!C9 -> 159 | I7: =양산!C9 -> 233 | J7: =대구!C9 -> 266 | K7: =청주!C9 -> 203 | L7: =SUM(C7:K7) -> 7504 | M7: =수원!C9 -> 150 | N7: =광주전남!C9 -> 208 | O7: =강남!C9 -> 587 | P7: =SUM(M7:O7) -> 945 | Q7: =중앙!C9 -> 687 | R7: =고양!C9 -> 538 | S7: =용인!C9 -> 119 | T7: =분당!C9 -> 84 | U7: =세종!C9 -> 61 | V7: =김해!C9 -> 53 | W7: =평택!C9 -> 93 | X7: =SUM(Q7:W7) -> 1635 | Y7: =L7+P7+X7 -> 10084
B8: 열원보완및개선 | C8: =동탄!C10 -> 3214 | D8: =화성!C10 -> 1224 | E8: =파주!C10 -> 1455 | F8: =광교!C10 -> 1242 | G8: =판교!C10 -> 469 | H8: =삼송!C10 -> 392 | I8: =양산!C10 -> 895 | J8: =대구!C10 -> 772 | K8: =청주!C10 -> 372 | L8: =SUM(C8:K8) -> 10035 | M8: =수원!C10 -> 290 | N8: =광주전남!C10 -> 712 | O8: =강남!C10 -> 637 | P8: =SUM(M8:O8) -> 1639 | Q8: =중앙!C10 -> 1052 | R8: =고양!C10 -> 1248 | S8: =용인!C10 -> 223 | T8: =분당!C10 -> 444 | U8: =세종!C10 -> 335 | V8: =김해!C10 -> 264 | W8: =평택!C10 -> 28 | X8: =SUM(Q8:W8) -> 3594 | Y8: =L8+P8+X8 -> 15268
B9: 비저장품(보수자재) | C9: =동탄!C11 -> 280 | D9: =화성!C11 -> 216 | E9: =파주!C11 -> 202 | F9: =광교!C11 -> 83 | G9: =판교!C11 -> 86 | H9: =삼송!C11 -> 62 | I9: =양산!C11 -> 77 | J9: =대구!C11 -> 128 | K9: =청주!C11 -> 117 | L9: =SUM(C9:K9) -> 1251 | M9: =수원!C11 -> 25 | N9: =광주전남!C11 -> 61 | O9: =강남!C11 -> 43 | P9: =SUM(M9:O9) -> 129 | Q9: =중앙!C11 -> 37 | R9: =고양!C11 -> 25 | S9: =용인!C11 -> 24 | T9: =분당!C11 -> 21 | U9: =세종!C11 -> 10 | V9: =김해!C11 -> 1 | W9: =평택!C11 -> 1 | X9: =SUM(Q9:W9) -> 119 | Y9: =L9+P9+X9 -> 1499
B10: 소모품(자재공기구) | C10: =동탄!C12 -> 37 | D10: =화성!C12 -> 29 | E10: =파주!C12 -> 27 | F10: =광교!C12 -> 11 | G10: =판교!C12 -> 11 | H10: =삼송!C12 -> 8 | I10: =양산!C12 -> 10 | J10: =대구!C12 -> 17 | K10: =청주!C12 -> 16 | L10: =SUM(C10:K10) -> 166 | M10: =수원!C12 -> 3 | N10: =광주전남!C12 -> 8 | O10: =강남!C12 -> 6 | P10: =SUM(M10:O10) -> 17 | Q10: =중앙!C12 -> 5 | R10: =고양!C12 -> 3 | S10: =용인!C12 -> 3 | T10: =분당!C12 -> 3 | U10: =세종!C12 -> 1 | V10: =김해!C12 -> 0 | W10: =평택!C12 -> 0 | X10: =SUM(Q10:W10) -> 15 | Y10: =L10+P10+X10 -> 198
B11: 계 | C11: =SUM(C4:C10) -> 24571 | D11: =SUM(D4:D10) -> 9429 | E11: =SUM(E4:E10) -> 12901 | F11: =SUM(F4:F10) -> 5325 | G11: =SUM(G4:G10) -> 4222 | H11: =SUM(H4:H10) -> 4157 | I11: =SUM(I4:I10) -> 4397 | J11: =SUM(J4:J10) -> 6957 | K11: =SUM(K4:K10) -> 5820 | L11: =SUM(C11:K11) -> 77779 | M11: =SUM(M4:M10) -> 2267 | N11: =SUM(N4:N10) -> 4189 | O11: =SUM(O4:O10) -> 4490 | P11: =SUM(M11:O11) -> 10946 | Q11: =SUM(Q4:Q10) -> 4396 | R11: =SUM(R4:R10) -> 3254 | S11: =SUM(S4:S10) -> 1604 | T11: =SUM(T4:T10) -> 1807 | U11: =SUM(U4:U10) -> 826 | V11: =SUM(V4:V10) -> 816 | W11: =SUM(W4:W10) -> 327 | X11: =SUM(Q11:W11) -> 13030 | Y11: =L11+P11+X11 -> 101755
A12: 지급수수료 | B12: 지급수수료 열원 | C12: =동탄!C13 -> 619 | D12: =화성!C13 -> 369 | E12: =파주!C13 -> 561 | F12: =광교!C13 -> 234 | G12: =판교!C13 -> 214 | H12: =삼송!C13 -> 229 | I12: =양산!C13 -> 667 | J12: =대구!C13 -> 422 | K12: =청주!C13 -> 439 | L12: =SUM(C12:K12) -> 3754 | M12: =수원!C13 -> 105 | N12: =광주전남!C13 -> 777 | O12: =강남!C13 -> 237 | P12: =SUM(M12:O12) -> 1119 | Q12: =중앙!C13 -> 238 | R12: =고양!C13 -> 100 | S12: =용인!C13 -> 191 | T12: =분당!C13 -> 65 | U12: =세종!C13 -> 78 | V12: =김해!C13 -> 160 | W12: =평택!C13 -> 51 | X12: =SUM(Q12:W12) -> 883 | Y12: =L12+P12+X12 -> 5756
A13: 손익예산 합계 | C13: =C12+C11 -> 25190 | D13: =D12+D11 -> 9798 | E13: =E12+E11 -> 13462 | F13: =F12+F11 -> 5559 | G13: =G12+G11 -> 4436 | H13: =H12+H11 -> 4386 | I13: =I12+I11 -> 5064 | J13: =J12+J11 -> 7379 | K13: =K12+K11 -> 6259 | L13: =SUM(C13:K13) -> 81533 | M13: =M12+M11 -> 2372 | N13: =N12+N11 -> 4966 | O13: =O12+O11 -> 4727 | P13: =SUM(M13:O13) -> 12065 | Q13: =Q12+Q11 -> 4634 | R13: =R12+R11 -> 3354 | S13: =S12+S11 -> 1795 | T13: =T12+T11 -> 1872 | U13: =U12+U11 -> 904 | V13: =V12+V11 -> 976 | W13: =W12+W11 -> 378 | X13: =SUM(Q13:W13) -> 13913 | Y13: =L13+P13+X13 -> 107511 | Z13: =Y13-'[38]26년'!$Y$11 -> 9796.7764
A14: 건물 | C14: =동탄!C15 -> 19 | D14: =화성!C15 -> 22 | E14: =파주!C15 -> 1 | F14: =광교!C15 -> 28 | G14: =판교!C15 -> 6 | H14: =삼송!C15 -> 0 | I14: =양산!C15 -> 11 | J14: =대구!C15 -> 1 | K14: =청주!C15 -> 1 | L14: =SUM(C14:K14) -> 89 | M14: =수원!C15 -> 0 | N14: =광주전남!C15 -> 0 | O14: =강남!C15 -> 0 | P14: =SUM(M14:O14) -> 0 | Q14: =중앙!C15 -> 0 | R14: =고양!C15 -> 20 | S14: =용인!C15 -> 0 | T14: =분당!C15 -> 11 | U14: =세종!C15 -> 0 | V14: =김해!C15 -> 0 | W14: =평택!C15 -> 0 | X14: =SUM(Q14:W14) -> 31 | Y14: =L14+P14+X14 -> 120
A15: 구축물 | C15: =동탄!C16 -> 0 | D15: =화성!C16 -> 0 | E15: =파주!C16 -> 50 | F15: =광교!C16 -> 0 | G15: =판교!C16 -> 0 | H15: =삼송!C16 -> 0 | I15: =양산!C16 -> 0 | J15: =대구!C16 -> 0 | K15: =청주!C16 -> 0 | L15: =SUM(C15:K15) -> 50 | M15: =수원!C16 -> 0 | N15: =광주전남!C16 -> 0 | O15: =강남!C16 -> 0 | P15: =SUM(M15:O15) -> 0 | Q15: =중앙!C16 -> 0 | R15: =고양!C16 -> 0 | S15: =용인!C16 -> 0 | T15: =분당!C16 -> 0 | U15: =세종!C16 -> 0 | V15: =김해!C16 -> 0 | W15: =평택!C16 -> 0 | X15: =SUM(Q15:W15) -> 0 | Y15: =L15+P15+X15 -> 50
A16: 기계장치 | B16: 고온부품재생+LTSA | C16: =동탄!C17 -> 12336 | D16: =화성!C17 -> 2162 | E16: =파주!C17 -> 894 | F16: =광교!C17 -> 1327 | G16: =판교!C17 -> 0 | H16: =삼송!C17 -> 0 | I16: =양산!C17 -> 0 | J16: =대구!C17 -> 0 | K16: =청주!C17 -> 0 | L16: =SUM(C16:K16) -> 16719 | M16: =수원!C17 -> 0 | N16: =광주전남!C17 -> 0 | O16: =강남!C17 -> 0 | P16: =SUM(M16:O16) -> 0 | Q16: =중앙!C17 -> 0 | R16: =고양!C17 -> 0 | S16: =용인!C17 -> 0 | T16: =분당!C17 -> 0 | U16: =세종!C17 -> 0 | V16: =김해!C17 -> 0 | W16: =평택!C17 -> 0 | X16: =SUM(Q16:W16) -> 0 | Y16: =L16+P16+X16 -> 16719
B17: 기타기계장치 | C17: =동탄!C18 -> 5696 | D17: =화성!C18 -> 5727 | E17: =파주!C18 -> 6420 | F17: =광교!C18 -> 7345 | G17: =판교!C18 -> 3678 | H17: =삼송!C18 -> 1196 | I17: =양산!C18 -> 4141 | J17: =대구!C18 -> 4729 | K17: =청주!C18 -> 802 | L17: =SUM(C17:K17) -> 39734 | M17: =수원!C18 -> 960 | N17: =광주전남!C18 -> 2701 | O17: =강남!C18 -> 1351 | P17: =SUM(M17:O17) -> 5012 | Q17: =중앙!C18 -> 3447 | R17: =고양!C18 -> 4511 | S17: =용인!C18 -> 1504 | T17: =분당!C18 -> 2098 | U17: =세종!C18 -> 128 | V17: =김해!C18 -> 1 | W17: =평택!C18 -> 6 | X17: =SUM(Q17:W17) -> 11695 | Y17: =L17+P17+X17 -> 56441
B18: 계 | C18: =SUM(C16:C17) -> 18032 | D18: =SUM(D16:D17) -> 7889 | E18: =SUM(E16:E17) -> 7314 | F18: =SUM(F16:F17) -> 8672 | G18: =SUM(G16:G17) -> 3678 | H18: =SUM(H16:H17) -> 1196 | I18: =SUM(I16:I17) -> 4141 | J18: =SUM(J16:J17) -> 4729 | K18: =SUM(K16:K17) -> 802 | L18: =SUM(C18:K18) -> 56453 | M18: =SUM(M16:M17) -> 960 | N18: =SUM(N16:N17) -> 2701 | O18: =SUM(O16:O17) -> 1351 | P18: =SUM(M18:O18) -> 5012 | Q18: =SUM(Q16:Q17) -> 3447 | R18: =SUM(R16:R17) -> 4511 | S18: =SUM(S16:S17) -> 1504 | T18: =SUM(T16:T17) -> 2098 | U18: =SUM(U16:U17) -> 128 | V18: =SUM(V16:V17) -> 1 | W18: =SUM(W16:W17) -> 6 | X18: =SUM(Q18:W18) -> 11695 | Y18: =L18+P18+X18 -> 73160
A19: 건가-외주비 | B19: MI 및 A급 정비 | C19: =동탄!C19 -> 0 | D19: =화성!C19 -> 0 | E19: =파주!C19 -> 600 | F19: =광교!C19 -> 0 | G19: =판교!C19 -> 690 | H19: =삼송!C19 -> 0 | I19: =양산!C19 -> 0 | J19: =대구!C19 -> 0 | K19: =청주!C19 -> 0 | L19: =SUM(C19:K19) -> 1290 | M19: =수원!C19 -> 0 | N19: =광주전남!C19 -> 702 | O19: =강남!C19 -> 400 | P19: =SUM(M19:O19) -> 1102 | Q19: =중앙!C19 -> 0 | R19: =고양!C19 -> 0 | S19: =용인!C19 -> 0 | T19: =분당!C19 -> 0 | U19: =세종!C19 -> 0 | V19: =김해!C19 -> 0 | W19: =평택!C19 -> 0 | X19: =SUM(Q19:W19) -> 0 | Y19: =L19+P19+X19 -> 2392
A20: 공구와기구 | C20: =동탄!C20 -> 158 | D20: =화성!C20 -> 77 | E20: =파주!C20 -> 413 | F20: =광교!C20 -> 26 | G20: =판교!C20 -> 4 | H20: =삼송!C20 -> 0 | I20: =양산!C20 -> 452 | J20: =대구!C20 -> 152 | K20: =청주!C20 -> 127 | L20: =SUM(C20:K20) -> 1409 | M20: =수원!C20 -> 29 | N20: =광주전남!C20 -> 0 | O20: =강남!C20 -> 9 | P20: =SUM(M20:O20) -> 38 | Q20: =중앙!C20 -> 0 | R20: =고양!C20 -> 21 | S20: =용인!C20 -> 10 | T20: =분당!C20 -> 6 | U20: =세종!C20 -> 0 | V20: =김해!C20 -> 0 | W20: =평택!C20 -> 0 | X20: =SUM(Q20:W20) -> 37 | Y20: =L20+P20+X20 -> 1484
A21: 예비품 | B21: 재생고온부품 | C21: =동탄!C21 -> 0 | D21: =화성!C21 -> 0 | E21: =파주!C21 -> 1304 | F21: =광교!C21 -> 0 | G21: =판교!C21 -> 500 | H21: =삼송!C21 -> 0 | I21: =양산!C21 -> 0 | J21: =대구!C21 -> 0 | K21: =청주!C21 -> 0 | L21: =SUM(C21:K21) -> 1804 | M21: =수원!C21 -> 0 | N21: =광주전남!C21 -> 0 | O21: =강남!C21 -> 0 | P21: =SUM(M21:O21) -> 0 | Q21: =중앙!C21 -> 0 | R21: =고양!C21 -> 0 | S21: =용인!C21 -> 0 | T21: =분당!C21 -> 0 | U21: =세종!C21 -> 0 | V21: =김해!C21 -> 0 | W21: =평택!C21 -> 0 | X21: =SUM(Q21:W21) -> 0 | Y21: =L21+P21+X21 -> 1804
B22: 자산화예비품 | C22: =동탄!C22 -> 2498 | D22: =화성!C22 -> 536 | E22: =파주!C22 -> 1939 | F22: =광교!C22 -> 824 | G22: =판교!C22 -> 535 | H22: =삼송!C22 -> 1519 | I22: =양산!C22 -> 1467 | J22: =대구!C22 -> 185 | K22: =청주!C22 -> 627 | L22: =SUM(C22:K22) -> 10130 | M22: =수원!C22 -> 0 | N22: =광주전남!C22 -> 345 | O22: =강남!C22 -> 17 | P22: =SUM(M22:O22) -> 362 | Q22: =중앙!C22 -> 29 | R22: =고양!C22 -> 0 | S22: =용인!C22 -> 0 | T22: =분당!C22 -> 0 | U22: =세종!C22 -> 135 | V22: =김해!C22 -> 0 | W22: =평택!C22 -> 0 | X22: =SUM(Q22:W22) -> 164 | Y22: =L22+P22+X22 -> 10656
B23: 저장품 | C23: =동탄!C23 -> 1 | D23: =화성!C23 -> 71 | E23: =파주!C23 -> 343 | F23: =광교!C23 -> 398 | G23: =판교!C23 -> 175 | H23: =삼송!C23 -> 160 | I23: =양산!C23 -> 91 | J23: =대구!C23 -> 42 | K23: =청주!C23 -> 0 | L23: =SUM(C23:K23) -> 1281 | M23: =수원!C23 -> 0 | N23: =광주전남!C23 -> 0 | O23: =강남!C23 -> 0 | P23: =SUM(M23:O23) -> 0 | Q23: =중앙!C23 -> 0 | R23: =고양!C23 -> 10 | S23: =용인!C23 -> 0 | T23: =분당!C23 -> 0 | U23: =세종!C23 -> 0 | V23: =김해!C23 -> 0 | W23: =평택!C23 -> 5 | X23: =SUM(Q23:W23) -> 15 | Y23: =L23+P23+X23 -> 1296
B24: 계 | C24: =SUM(C21:C23) -> 2499 | D24: =SUM(D21:D23) -> 607 | E24: =SUM(E21:E23) -> 3586 | F24: =SUM(F21:F23) -> 1222 | G24: =SUM(G21:G23) -> 1210 | H24: =SUM(H21:H23) -> 1679 | I24: =SUM(I21:I23) -> 1558 | J24: =SUM(J21:J23) -> 227 | K24: =SUM(K21:K23) -> 627 | L24: =SUM(C24:K24) -> 13215 | M24: =SUM(M21:M23) -> 0 | N24: =SUM(N21:N23) -> 345 | O24: =SUM(O21:O23) -> 17 | P24: =SUM(M24:O24) -> 362 | Q24: =SUM(Q21:Q23) -> 29 | R24: =SUM(R21:R23) -> 10 | S24: =SUM(S21:S23) -> 0 | T24: =SUM(T21:T23) -> 0 | U24: =SUM(U21:U23) -> 135 | V24: =SUM(V21:V23) -> 0 | W24: =SUM(W21:W23) -> 5 | X24: =SUM(Q24:W24) -> 179 | Y24: =L24+P24+X24 -> 13756
A25: 자본예산 합계 | C25: =C14+C15+C19+C18+C20+C24 -> 20708 | D25: =D14+D15+D19+D18+D20+D24 -> 8595 | E25: =E14+E15+E19+E18+E20+E24 -> 11964 | F25: =F14+F15+F19+F18+F20+F24 -> 9948 | G25: =G14+G15+G19+G18+G20+G24 -> 5588 | H25: =H14+H15+H19+H18+H20+H24 -> 2875 | I25: =I14+I15+I19+I18+I20+I24 -> 6162 | J25: =J14+J15+J19+J18+J20+J24 -> 5109 | ... Y25: =Y14+Y15+Y19+Y18+Y20+Y24 -> 90962 | Z25: =Y25-'[38]26년'!$Y$23 -> 42545.156
A26: 투자비 | B26: 열원공사비 등 | C26: =동탄!C25 -> 3370 | D26: =화성!C25 -> 0 | E26: =파주!C25 -> 0 | F26: =광교!C25 -> 0 | G26: =판교!C25 -> 4194 | H26: =삼송!C25 -> 0 | I26: =양산!C25 -> 0 | J26: =대구!C25 -> 0 | K26: =청주!C25 -> 1696 | L26: =SUM(C26:K26) -> 9260 | M26: =수원!C25 -> 130 | N26: =광주전남!C25 -> 0 | O26: =강남!C25 -> 3203 | P26: =SUM(M26:O26) -> 3333 | Q26: =중앙!C25 -> 0 | R26: =고양!C25 -> 0 | S26: =용인!C25 -> 0 | T26: =분당!C25 -> 0 | U26: =세종!C25 -> 0 | V26: =김해!C25 -> 0 | W26: =평택!C25 -> 0 | X26: =SUM(Q26:W26) -> 0 | Y26: =L26+P26+X26 -> 12593
B31: 건물/구축물 | C31: 661 | D31: 367 | E31: 432 | F31: 44 | G31: 206 | H31: 267 | I31: 163 | J31: 3 | K31: 30 | L31: 2173 | M31: 224 | N31: 39 | O31: 161 | P31: 424 | Q31: 207 | R31: 106 | S31: 86 | T31: 40 | U31: 32 | V31: 150 | W31: 0
B32: 열원정기점검 | C32: 6647 | D32: 1061 | E32: 3970 | F32: 1391 | G32: 706 | H32: 1477 | I32: 811 | J32: 2118 | K32: 1763 | L32: 19944 | M32: 872 | N32: 1213 | O32: 1829 | P32: 3914 | Q32: 1344 | R32: 635 | S32: 472 | T32: 611 | U32: 114 | V32: 308 | W32: 165
B33: 열원경상정비 | C33: 7774 | D33: 5910 | E33: 5657 | F33: 2366 | G33: 2456 | H33: 1772 | I33: 2208 | J33: 3603 | K33: 3269 | L33: 35015 | M33: 703 | N33: 1748 | O33: 1227 | P33: 3678 | Q33: 1064 | R33: 699 | S33: 677 | T33: 604 | U33: 273 | V33: 40 | W33: 40
B34: 열원정기유지보수 | C34: 4974 | D34: 372 | E34: 618 | F34: 175 | G34: 188 | H34: 159 | I34: 196 | J34: 266 | K34: 203 | L34: 7151 | M34: 150 | N34: 208 | O34: 587 | P34: 945 | Q34: 687 | R34: 538 | S34: 119 | T34: 84 | U34: 61 | V34: 53 | W34: 93
B35: 열원보완및개선 | C35: 2940 | D35: 1137 | E35: 1447 | F35: 1208 | G35: 454 | H35: 315 | I35: 775 | J35: 769 | K35: 310 | L35: 9355 | M35: 246 | N35: 712 | O35: 349 | P35: 1307 | Q35: 711 | R35: 1199 | S35: 219 | T35: 442 | U35: 282 | V35: 264 | W35: 28
B36: 비저장품(보수자재) | C36: 280 | D36: 216 | E36: 202 | F36: 83 | G36: 86 | H36: 62 | I36: 77 | J36: 128 | K36: 117 | L36: 1251 | M36: 25 | N36: 61 | O36: 43 | P36: 129 | Q36: 37 | R36: 25 | S36: 24 | T36: 21 | U36: 10 | V36: 1 | W36: 1
B37: 소모품(자재공기구) | C37: 37 | D37: 29 | E37: 27 | F37: 11 | G37: 11 | H37: 8 | I37: 10 | J37: 17 | K37: 16 | L37: 166 | M37: 3 | N37: 8 | O37: 6 | P37: 17 | Q37: 5 | R37: 3 | S37: 3 | T37: 3 | U37: 1 | V37: 0 | W37: 0
B39: 지급수수료 열원 | C39: 558 | D39: 369 | E39: 492 | F39: 196 | G39: 208 | H39: 227 | I39: 624 | J39: 422 | K39: 439 | L39: 3535 | M39: 101 | N39: 766 | O39: 237 | P39: 1104 | Q39: 238 | R39: 85 | S39: 163 | T39: 65 | U39: 78 | V39: 152 | W39: 41
C41: 19 | D41: 22 | E41: 1 | F41: 28 | G41: 6 | H41: 0 | I41: 11 | J41: 1 | K41: 1 | L41: 89 | M41: 0 | N41: 0 | O41: 0 | P41: 0 | Q41: 0 | R41: 20 | S41: 0 | T41: 11 | U41: 0 | V41: 0 | W41: 0
C42: 0 | D42: 0 | E42: 50 | F42: 0 | G42: 0 | H42: 0 | I42: 0 | J42: 0 | K42: 0 | L42: 50 | M42: 0 | N42: 0 | O42: 0 | P42: 0 | Q42: 0 | R42: 0 | S42: 0 | T42: 0 | U42: 0 | V42: 0 | W42: 0
C43: 12336 | D43: 2162 | E43: 894 | F43: 1327 | G43: 0 | H43: 0 | I43: 0 | J43: 0 | K43: 0 | L43: 16719 | M43: 0 | N43: 0 | O43: 0 | P43: 0 | Q43: 0 | R43: 0 | S43: 0 | T43: 0 | U43: 0 | V43: 0 | W43: 0
C44: 5696 | D44: 5727 | E44: 6420 | F44: 7345 | G44: 3678 | H44: 1196 | I44: 4141 | J44: 4729 | K44: 802 | L44: 39734 | M44: 960 | N44: 2701 | O44: 1351 | P44: 5012 | Q44: 3447 | R44: 4511 | S44: 1504 | T44: 2098 | U44: 128 | V44: 1 | W44: 6
C46: 0 | D46: 0 | E46: 600 | F46: 0 | G46: 690 | H46: 0 | I46: 0 | J46: 0 | K46: 0 | L46: 1290 | M46: 0 | N46: 702 | O46: 400 | P46: 1102 | Q46: 0 | R46: 0 | S46: 0 | T46: 0 | U46: 0 | V46: 0 | W46: 0
C47: 158 | D47: 77 | E47: 413 | F47: 26 | G47: 4 | H47: 0 | I47: 452 | J47: 152 | K47: 127 | L47: 1409 | M47: 29 | N47: 0 | O47: 9 | P47: 38 | Q47: 0 | R47: 21 | S47: 10 | T47: 6 | U47: 0 | V47: 0 | W47: 0
C48: 0 | D48: 0 | E48: 1304 | F48: 0 | G48: 500 | H48: 0 | I48: 0 | J48: 0 | K48: 0 | L48: 1804 | M48: 0 | N48: 0 | O48: 0 | P48: 0 | Q48: 0 | R48: 0 | S48: 0 | T48: 0 | U48: 0 | V48: 0 | W48: 0
C49: 2498 | D49: 536 | E49: 1939 | F49: 824 | G49: 535 | H49: 1519 | I49: 1467 | J49: 185 | K49: 627 | L49: 10130 | M49: 0 | N49: 345 | O49: 17 | P49: 362 | Q49: 29 | R49: 0 | S49: 0 | T49: 0 | U49: 135 | V49: 0 | W49: 0
C50: 1 | D50: 71 | E50: 343 | F50: 398 | G50: 175 | H50: 160 | I50: 91 | J50: 42 | K50: 0 | L50: 1281 | M50: 0 | N50: 0 | O50: 0 | P50: 0 | Q50: 0 | R50: 10 | S50: 0 | T50: 0 | U50: 0 | V50: 0 | W50: 5
Y52: =SUM(C52:X52) -> 0
C53: 3370 | D53: 0 | E53: 0 | F53: 0 | G53: 4194 | H53: 0 | I53: 0 | J53: 0 | K53: 1696 | L53: 9260 | M53: 130 | N53: 0 | O53: 3203 | P53: 3333 | Q53: 0 | R53: 0 | S53: 0 | T53: 0 | U53: 0 | V53: 0 | W53: 0 | Y53: =SUM(C53:X53) -> 25186

Sheet 27년
Y2: [단위 : 백만원]
A3: 2027년 | C3: 동탄 | D3: 화성 | E3: 파주 | F3: 광교 | G3: 판교 | H3: 삼송 | I3: 양산 | J3: 대구 | K3: 청주 | L3: 소계 | M3: 수원 | N3: 광주전남 | O3: 강남 | P3: 소계 | Q3: 중앙 | R3: 고양 | S3: 용인 | T3: 분당 | U3: 세종 | V3: 김해 | W3: 평택 | X3: 소계 | Y3: 합계
A4: 수선유지비 | B4: 건물/구축물 | C4: =동탄!D6 -> 965.265 | D4: =화성!D6 -> 372.505 | E4: =파주!D6 -> 803.88 | F4: =광교!D6 -> 44.66 | G4: =판교!D6 -> 310.59 | H4: =삼송!D6 -> 291.305 | I4: =양산!D6 -> 165.445 | J4: =대구!D6 -> 3.045 | K4: =청주!D6 -> 30.45 | L4: =SUM(C4:K4) -> 2987.145 | M4: =수원!D6 -> 227.36 | N4: =광주전남!D6 -> 242.585 | O4: =강남!D6 -> 163.415 | P4: =SUM(M4:O4) -> 633.36 | Q4: =중앙!D6 -> 210.105 | R4: =고양!D6 -> 107.59 | S4: =용인!D6 -> 87.29 | T4: =분당!D6 -> 40.6 | U4: =세종!D6 -> 32.48 | V4: =김해!D6 -> 152.25 | W4: =평택!D6 -> 0 | X4: =SUM(Q4:W4) -> 630.315 | Y4: =L4+P4+X4 -> 4250.82
B5: 열원정기점검 | C5: =동탄!D7 -> 3355.5819 | D5: =화성!D7 -> 3898.1252 | E5: =파주!D7 -> 2118.4816 | F5: =광교!D7 -> 965.84083 | G5: =판교!D7 -> 864.77602 | H5: =삼송!D7 -> 640.79995 | I5: =양산!D7 -> 1733.35 | J5: =대구!D7 -> 2506.6448 | K5: =청주!D7 -> 1108.5221 | L5: =SUM(C5:K5) -> 17192.122 | M5: =수원!D7 -> 885.08 | N5: =광주전남!D7 -> 1231.195 | O5: =강남!D7 -> 1856.435 | P5: =SUM(M5:O5) -> 3972.71 | Q5: =중앙!D7 -> 1364.16 | R5: =고양!D7 -> 644.525 | S5: =용인!D7 -> 479.08 | T5: =분당!D7 -> 620.165 | U5: =세종!D7 -> 115.71 | V5: =김해!D7 -> 312.62 | W5: =평택!D7 -> 167.475 | X5: =SUM(Q5:W5) -> 3703.735 | Y5: =L5+P5+X5 -> 24868.567
B6: 열원경상정비 | C6: =동탄!D8 -> 8215.0141 | D6: =화성!D8 -> 6346.186 | E6: =파주!D8 -> 5931.0053 | F6: =광교!D8 -> 2437.5123 | G6: =판교!D8 -> 2530.2326 | H6: =삼송!D8 -> 1825.5587 | I6: =양산!D8 -> 2274.7368 | J6: =대구!D8 -> 3763.4119 | K6: =청주!D8 -> 3419.3168 | L6: =SUM(C6:K6) -> 36742.975 | M6: =수원!D8 -> 724.24817 | N6: =광주전남!D8 -> 1800.8333 | O6: =강남!D8 -> 1264.0861 | P6: =SUM(M6:O6) -> 3789.1675 | Q6: =중앙!D8 -> 1096.1594 | R6: =고양!D8 -> 720.12727 | S6: =용인!D8 -> 697.46232 | T6: =분당!D8 -> 622.2559 | U6: =세종!D8 -> 281.25142 | V6: =김해!D8 -> 41.209 | W6: =평택!D8 -> 41.209 | X6: =SUM(Q6:W6) -> 3499.6743 | Y6: =L6+P6+X6 -> 44031.816
B7: 열원정기유지보수 | C7: =동탄!D9 -> 5254.0748 | D7: =화성!D9 -> 377.58 | E7: =파주!D9 -> 656.705 | F7: =광교!D9 -> 990.82 | G7: =판교!D9 -> 190.82 | H7: =삼송!D9 -> 161.385 | I7: =양산!D9 -> 236.495 | J7: =대구!D9 -> 269.99 | K7: =청주!D9 -> 206.045 | L7: =SUM(C7:K7) -> 8343.9148 | M7: =수원!D9 -> 152.25 | N7: =광주전남!D9 -> 211.12 | O7: =강남!D9 -> 595.805 | P7: =SUM(M7:O7) -> 959.175 | Q7: =중앙!D9 -> 697.305 | R7: =고양!D9 -> 546.07 | S7: =용인!D9 -> 120.785 | T7: =분당!D9 -> 85.26 | U7: =세종!D9 -> 61.915 | V7: =김해!D9 -> 53.795 | W7: =평택!D9 -> 94.395 | X7: =SUM(Q7:W7) -> 1659.525 | Y7: =L7+P7+X7 -> 10962.615
B8: 열원보완및개선 | C8: =동탄!D10 -> 2343.6967 | D8: =화성!D10 -> 1242.36 | E8: =파주!D10 -> 729.15676 | F8: =광교!D10 -> 1260.63 | G8: =판교!D10 -> 476.035 | H8: =삼송!D10 -> 397.88 | I8: =양산!D10 -> 908.425 | J8: =대구!D10 -> 783.58 | K8: =청주!D10 -> 377.58 | L8: =SUM(C8:K8) -> 8519.3435 | M8: =수원!D10 -> 294.35 | N8: =광주전남!D10 -> 722.68 | O8: =강남!D10 -> 646.555 | P8: =SUM(M8:O8) -> 1663.585 | Q8: =중앙!D10 -> 1067.78 | R8: =고양!D10 -> 1266.72 | S8: =용인!D10 -> 226.345 | T8: =분당!D10 -> 450.66 | U8: =세종!D10 -> 340.025 | V8: =김해!D10 -> 267.96 | W8: =평택!D10 -> 28.42 | X8: =SUM(Q8:W8) -> 3647.91 | Y8: =L8+P8+X8 -> 13830.838
B9: 비저장품(보수자재) | C9: =동탄!D11 -> 754.145 | D9: =화성!D11 -> 582.61 | E9: =파주!D11 -> 544.04 | F9: =광교!D11 -> 223.3 | G9: =판교!D11 -> 232.435 | H9: =삼송!D11 -> 50.75 | I9: =양산!D11 -> 208.075 | J9: =대구!D11 -> 345.1 | K9: =청주!D11 -> 313.635 | L9: =SUM(C9:K9) -> 3254.09 | M9: =수원!D11 -> 63.945 | N9: =광주전남!D11 -> 159.355 | O9: =강남!D11 -> 111.65 | P9: =SUM(M9:O9) -> 334.95 | Q9: =중앙!D11 -> 97.44 | R9: =고양!D11 -> 63.945 | S9: =용인!D11 -> 61.915 | T9: =분당!D11 -> 54.81 | U9: =세종!D11 -> 25.375 | V9: =김해!D11 -> 4.06 | W9: =평택!D11 -> 4.06 | X9: =SUM(Q9:W9) -> 311.605 | Y9: =L9+P9+X9 -> 3900.645
B10: 소모품(자재공기구) | C10: =동탄!D12 -> 84.245 | D10: =화성!D12 -> 64.96 | E10: =파주!D12 -> 60.9 | F10: =광교!D12 -> 24.36 | G10: =판교!D12 -> 25.375 | H10: =삼송!D12 -> 6.09 | I10: =양산!D12 -> 23.345 | J10: =대구!D12 -> 38.57 | K10: =청주!D12 -> 34.51 | L10: =SUM(C10:K10) -> 362.355 | M10: =수원!D12 -> 7.105 | N10: =광주전남!D12 -> 17.255 | O10: =강남!D12 -> 12.18 | P10: =SUM(M10:O10) -> 36.54 | Q10: =중앙!D12 -> 11.165 | R10: =고양!D12 -> 7.105 | S10: =용인!D12 -> 7.105 | T10: =분당!D12 -> 6.09 | U10: =세종!D12 -> 3.045 | V10: =김해!D12 -> 1.015 | W10: =평택!D12 -> 1.015 | X10: =SUM(Q10:W10) -> 36.54 | Y10: =L10+P10+X10 -> 435.435
B11: 계 | C11: =SUM(C4:C10) -> 20972.023 | D11: =SUM(D4:D10) -> 12884.326 | E11: =SUM(E4:E10) -> 10844.169 | F11: =SUM(F4:F10) -> 5947.1232 | G11: =SUM(G4:G10) -> 4630.2636 | H11: =SUM(H4:H10) -> 3373.7686 | I11: =SUM(I4:I10) -> 5549.8718 | J11: =SUM(J4:J10) -> 7710.3417 | K11: =SUM(K4:K10) -> 5490.0589 | L11: =SUM(C11:K11) -> 77401.945 | M11: =SUM(M4:M10) -> 2354.3382 | N11: =SUM(N4:N10) -> 4385.0233 | O11: =SUM(O4:O10) -> 4650.1261 | P11: =SUM(M11:O11) -> 11389.488 | Q11: =SUM(Q4:Q10) -> 4544.1144 | R11: =SUM(R4:R10) -> 3356.0823 | S11: =SUM(S4:S10) -> 1679.9823 | T11: =SUM(T4:T10) -> 1879.8409 | U11: =SUM(U4:U10) -> 859.80142 | V11: =SUM(V4:V10) -> 832.909 | W11: =SUM(W4:W10) -> 336.574 | X11: =SUM(Q11:W11) -> 13489.304 | Y11: =L11+P11+X11 -> 102280.74
A12: 지급수수료 | B12: 지급수수료 열원 | C12: =동탄!D13 -> 445.77269 | D12: =화성!D13 -> 374.535 | E12: =파주!D13 -> 569.415 | F12: =광교!D13 -> 237.51 | G12: =판교!D13 -> 217.21 | H12: =삼송!D13 -> 232.435 | I12: =양산!D13 -> 677.005 | J12: =대구!D13 -> 428.33 | K12: =청주!D13 -> 445.585 | L12: =SUM(C12:K12) -> 3627.7977 | M12: =수원!D13 -> 106.575 | N12: =광주전남!D13 -> 788.655 | O12: =강남!D13 -> 240.555 | P12: =SUM(M12:O12) -> 1135.785 | Q12: =중앙!D13 -> 241.57 | R12: =고양!D13 -> 101.5 | S12: =용인!D13 -> 193.865 | T12: =분당!D13 -> 65.975 | U12: =세종!D13 -> 79.17 | V12: =김해!D13 -> 162.4 | W12: =평택!D13 -> 51.765 | X12: =SUM(Q12:W12) -> 896.245 | Y12: =L12+P12+X12 -> 5659.8277
A13: 손익예산 합계 | C13: =C12+C11 -> 21417.795 | D13: =D12+D11 -> 13258.861 | E13: =E12+E11 -> 11413.584 | F13: =F12+F11 -> 6184.6332 | G13: =G12+G11 -> 4847.4736 | H13: =H12+H11 -> 3606.2036 | I13: =I12+I11 -> 6226.8768 | J13: =J12+J11 -> 8138.6717 | K13: =K12+K11 -> 5935.6439 | L13: =SUM(C13:K13) -> 81029.743 | M13: =M12+M11 -> 2460.9132 | N13: =N12+N11 -> 5173.6783 | O13: =O12+O11 -> 4890.6811 | P13: =SUM(M13:O13) -> 12525.273 | Q13: =Q12+Q11 -> 4785.6844 | R13: =R12+R11 -> 3457.5823 | S13: =S12+S11 -> 1873.8473 | T13: =T12+T11 -> 1945.8159 | U13: =U12+U11 -> 938.97142 | V13: =V12+V11 -> 995.309 | W13: =W12+W11 -> 388.339 | X13: =SUM(Q13:W13) -> 14385.549 | Y13: =L13+P13+X13 -> 107940.56
A14: 건물 | C14: =동탄!D15 -> 19 | D14: =화성!D15 -> 0 | E14: =파주!D15 -> 0 | F14: =광교!D15 -> 28 | G14: =판교!D15 -> 6 | H14: =삼송!D15 -> 0 | I14: =양산!D15 -> 11 | J14: =대구!D15 -> 0 | K14: =청주!D15 -> 0 | L14: =SUM(C14:K14) -> 64 | M14: =수원!D15 -> 0 | N14: =광주전남!D15 -> 0 | O14: =강남!D15 -> 0 | P14: =SUM(M14:O14) -> 0 | Q14: =중앙!D15 -> 0 | R14: =고양!D15 -> 0 | S14: =용인!D15 -> 0 | T14: =분당!D15 -> 0 | U14: =세종!D15 -> 0 | V14: =김해!D15 -> 0 | W14: =평택!D15 -> 0 | X14: =SUM(Q14:W14) -> 0 | Y14: =L14+P14+X14 -> 64
A15: 구축물 | C15: =동탄!D16 -> 0 | D15: =화성!D16 -> 15 | E15: =파주!D16 -> 0 | F15: =광교!D16 -> 0 | G15: =판교!D16 -> 0 | H15: =삼송!D16 -> 0 | I15: =양산!D16 -> 0 | J15: =대구!D16 -> 0 | K15: =청주!D16 -> 0 | L15: =SUM(C15:K15) -> 15 | M15: =수원!D16 -> 0 | N15: =광주전남!D16 -> 0 | O15: =강남!D16 -> 0 | P15: =SUM(M15:O15) -> 0 | Q15: =중앙!D16 -> 0 | R15: =고양!D16 -> 0 | S15: =용인!D16 -> 0 | T15: =분당!D16 -> 0 | U15: =세종!D16 -> 0 | V15: =김해!D16 -> 0 | W15: =평택!D16 -> 0 | X15: =SUM(Q15:W15) -> 0 | Y15: =L15+P15+X15 -> 15
A16: 기계장치 | B16: 고온부품재생+LTSA | C16: =동탄!D17 -> 0 | D16: =화성!D17 -> 3000 | E16: =파주!D17 -> 2344 | F16: =광교!D17 -> 63 | G16: =판교!D17 -> 0 | H16: =삼송!D17 -> 713 | I16: =양산!D17 -> 0 | J16: =대구!D17 -> 0 | K16: =청주!D17 -> 0 | L16: =SUM(C16:K16) -> 6120 | M16: =수원!D17 -> 0 | N16: =광주전남!D17 -> 0 | O16: =강남!D17 -> 0 | P16: =SUM(M16:O16) -> 0 | Q16: =중앙!D17 -> 0 | R16: =고양!D17 -> 0 | S16: =용인!D17 -> 0 | T16: =분당!D17 -> 0 | U16: =세종!D17 -> 0 | V16: =김해!D17 -> 0 | W16: =평택!D17 -> 0 | X16: =SUM(Q16:W16) -> 0 | Y16: =L16+P16+X16 -> 6120
B17: 기타기계장치 | C17: =동탄!D18 -> 328.03298 | D17: =화성!D18 -> 2074.0999 | E17: =파주!D18 -> 2092.1431 | F17: =광교!D18 -> 725.97267 | G17: =판교!D18 -> 2112 | H17: =삼송!D18 -> 844.86944 | I17: =양산!D18 -> 913.80957 | J17: =대구!D18 -> 2500 | K17: =청주!D18 -> 706 | L17: =SUM(C17:K17) -> 12296.928 | M17: =수원!D18 -> 356.58101 | N17: =광주전남!D18 -> 1522.6725 | O17: =강남!D18 -> 1371.265 | P17: =SUM(M17:O17) -> 3250.5186 | Q17: =중앙!D18 -> 941.62565 | R17: =고양!D18 -> 1168.2751 | S17: =용인!D18 -> 571.77487 | T17: =분당!D18 -> 950.89767 | U17: =세종!D18 -> 77.266875 | V17: =김해!D18 -> 81.387775 | W17: =평택!D18 -> 9.272025 | X17: =SUM(Q17:W17) -> 3800.5 | Y17: =L17+P17+X17 -> 19347.946
B18: 계 | C18: =SUM(C16:C17) -> 328.03298 | D18: =SUM(D16:D17) -> 5074.0999 | E18: =SUM(E16:E17) -> 4436.1431 | F18: =SUM(F16:F17) -> 788.97267 | G18: =SUM(G16:G17) -> 2112 | H18: =SUM(H16:H17) -> 1557.8694 | I18: =SUM(I16:I17) -> 913.80957 | J18: =SUM(J16:J17) -> 2500 | K18: =SUM(K16:K17) -> 706 | L18: =SUM(C18:K18) -> 18416.928 | M18: =SUM(M16:M17) -> 356.58101 | N18: =SUM(N16:N17) -> 1522.6725 | O18: =SUM(O16:O17) -> 1371.265 | P18: =SUM(M18:O18) -> 3250.5186 | Q18: =SUM(Q16:Q17) -> 941.62565 | R18: =SUM(R16:R17) -> 1168.2751 | S18: =SUM(S16:S17) -> 571.77487 | T18: =SUM(T16:T17) -> 950.89767 | U18: =SUM(U16:U17) -> 77.266875 | V18: =SUM(V16:V17) -> 81.387775 | W18: =SUM(W16:W17) -> 9.272025 | X18: =SUM(Q18:W18) -> 3800.5 | Y18: =L18+P18+X18 -> 25467.946
A19: 건가-외주비 | B19: MI 및 A급 정비 | C19: =동탄!D19 -> 0 | D19: =화성!D19 -> 0 | E19: =파주!D19 -> 0 | F19: =광교!D19 -> 0 | G19: =판교!D19 -> 0 | H19: =삼송!D19 -> 0 | I19: =양산!D19 -> 0 | J19: =대구!D19 -> 0 | K19: =청주!D19 -> 0 | L19: =SUM(C19:K19) -> 0 | M19: =수원!D19 -> 0 | N19: =광주전남!D19 -> 0 | O19: =강남!D19 -> 0 | P19: =SUM(M19:O19) -> 0 | Q19: =중앙!D19 -> 0 | R19: =고양!D19 -> 0 | S19: =용인!D19 -> 0 | T19: =분당!D19 -> 0 | U19: =세종!D19 -> 0 | V19: =김해!D19 -> 0 | W19: =평택!D19 -> 0 | X19: =SUM(Q19:W19) -> 0 | Y19: =L19+P19+X19 -> 0
A20: 공구와기구 | C20: =동탄!D20 -> 56.602091 | D20: =화성!D20 -> 76 | E20: =파주!D20 -> 419.195 | F20: =광교!D20 -> 11.850124 | G20: =판교!D20 -> 34.473088 | H20: =삼송!D20 -> 19 | I20: =양산!D20 -> 28.725561 | J20: =대구!D20 -> 102 | K20: =청주!D20 -> 62.520339 | L20: =SUM(C20:K20) -> 810.3662 | M20: =수원!D20 -> 0 | N20: =광주전남!D20 -> 75.40988 | O20: =강남!D20 -> 30 | P20: =SUM(M20:O20) -> 105.40988 | Q20: =중앙!D20 -> 0 | R20: =고양!D20 -> 21 | S20: =용인!D20 -> 0 | T20: =분당!D20 -> 0 | U20: =세종!D20 -> 0 | V20: =김해!D20 -> 0 | W20: =평택!D20 -> 0 | X20: =SUM(Q20:W20) -> 21 | Y20: =L20+P20+X20 -> 936.77608
A21: 예비품 | B21: 재생고온부품 | C21: =동탄!D21 -> 0 | D21: =화성!D21 -> 8166 | E21: =파주!D21 -> 0 | F21: =광교!D21 -> 8182 | G21: =판교!D21 -> 591 | H21: =삼송!D21 -> 0 | I21: =양산!D21 -> 0 | J21: =대구!D21 -> 0 | K21: =청주!D21 -> 0 | L21: =SUM(C21:K21) -> 16939 | M21: =수원!D21 -> 0 | N21: =광주전남!D21 -> 0 | O21: =강남!D21 -> 0 | P21: =SUM(M21:O21) -> 0 | Q21: =중앙!D21 -> 0 | R21: =고양!D21 -> 0 | S21: =용인!D21 -> 0 | T21: =분당!D21 -> 0 | U21: =세종!D21 -> 0 | V21: =김해!D21 -> 0 | W21: =평택!D21 -> 0 | X21: =SUM(Q21:W21) -> 0 | Y21: =L21+P21+X21 -> 16939
B22: 자산화예비품 | C22: =동탄!D22 -> 363 | D22: =화성!D22 -> 1052.8726 | E22: =파주!D22 -> 18 | F22: =광교!D22 -> 157.59798 | G22: =판교!D22 -> 180 | H22: =삼송!D22 -> 100 | I22: =양산!D22 -> 145.43334 | J22: =대구!D22 -> 369 | K22: =청주!D22 -> 358.22464 | L22: =SUM(C22:K22) -> 2744.1286 | M22: =수원!D22 -> 0 | N22: =광주전남!D22 -> 386 | O22: =강남!D22 -> 107 | P22: =SUM(M22:O22) -> 493 | Q22: =중앙!D22 -> 29 | R22: =고양!D22 -> 0 | S22: =용인!D22 -> 0 | T22: =분당!D22 -> 0 | U22: =세종!D22 -> 0 | V22: =김해!D22 -> 0 | W22: =평택!D22 -> 0 | X22: =SUM(Q22:W22) -> 29 | Y22: =L22+P22+X22 -> 3266.1286
B23: 저장품 | C23: =동탄!D23 -> 2 | D23: =화성!D23 -> 107 | E23: =파주!D23 -> 126 | F23: =광교!D23 -> 13 | G23: =판교!D23 -> 54 | H23: =삼송!D23 -> 104 | I23: =양산!D23 -> 91 | J23: =대구!D23 -> 6 | K23: =청주!D23 -> 84 | L23: =SUM(C23:K23) -> 587 | M23: =수원!D23 -> 0 | N23: =광주전남!D23 -> 84 | O23: =강남!D23 -> 43.09136 | P23: =SUM(M23:O23) -> 127.09136 | Q23: =중앙!D23 -> 0 | R23: =고양!D23 -> 10 | S23: =용인!D23 -> 0 | T23: =분당!D23 -> 0 | U23: =세종!D23 -> 0 | V23: =김해!D23 -> 0 | W23: =평택!D23 -> 0 | X23: =SUM(Q23:W23) -> 10 | Y23: =L23+P23+X23 -> 724.09136
B24: 계 | C24: =SUM(C21:C23) -> 365 | D24: =SUM(D21:D23) -> 9325.8726 | E24: =SUM(E21:E23) -> 144 | F24: =SUM(F21:F23) -> 8352.598 | G24: =SUM(G21:G23) -> 825 | H24: =SUM(H21:H23) -> 204 | I24: =SUM(I21:I23) -> 236.43334 | J24: =SUM(J21:J23) -> 375 | K24: =SUM(K21:K23) -> 442.22464 | L24: =SUM(C24:K24) -> 20270.129 | M24: =SUM(M21:M23) -> 0 | N24: =SUM(N21:N23) -> 470 | O24: =SUM(O21:O23) -> 150.09136 | P24: =SUM(M24:O24) -> 620.09136 | Q24: =SUM(Q21:Q23) -> 29 | R24: =SUM(R21:R23) -> 10 | S24: =SUM(S21:S23) -> 0 | T24: =SUM(T21:T23) -> 0 | U24: =SUM(U21:U23) -> 0 | V24: =SUM(V21:V23) -> 0 | W24: =SUM(W21:W23) -> 0 | X24: =SUM(Q24:W24) -> 39 | Y24: =L24+P24+X24 -> 20929.22
A25: 자본예산 합계 | C25: =C14+C15+C19+C18+C20+C24 -> 768.63507 | D25: =D14+D15+D19+D18+D20+D24 -> 14490.973 | E25: =E14+E15+E19+E18+E20+E24 -> 4999.3381 | F25: =F14+F15+F19+F18+F20+F24 -> 9181.4208 | G25: =G14+G15+G19+G18+G20+G24 -> 2977.4731 | H25: =H14+H15+H19+H18+H20+H24 -> 1780.8694 | I25: =I14+I15+I19+I18+I20+I24 -> 1189.9685 | J25: =J14+J15+J19+J18+J20+J24 -> 2977 | ... Y25: =Y14+Y15+Y19+Y18+Y20+Y24 -> 47412.942
A26: 투자비 | B26: 열원공사비 등 | C26: =동탄!D25 -> 1173.0355 | D26: =화성!D25 -> 343.1715 | E26: =파주!D25 -> 20000 | F26: =광교!D25 -> 140.07 | G26: =판교!D25 -> 1418.97 | H26: =삼송!D25 -> 719.635 | I26: =양산!D25 -> 2.03 | J26: =대구!D25 -> 648.585 | K26: =청주!D25 -> 3011.505 | L26: =SUM(C26:K26) -> 27457.002 | M26: =수원!D25 -> 43.645 | N26: =광주전남!D25 -> 538.965 | O26: =강남!D25 -> 7000 | P26: =SUM(M26:O26) -> 7582.61 | Q26: =중앙!D25 -> 1058 | R26: =고양!D25 -> 702 | S26: =용인!D25 -> 547 | T26: =분당!D25 -> 0 | U26: =세종!D25 -> 0 | V26: =김해!D25 -> 262 | W26: =평택!D25 -> 0 | X26: =SUM(Q26:W26) -> 2569 | Y26: =L26+P26+X26 -> 37608.612
B31: 건물/구축물 | C31: =INT(C4*0.8)-200 -> 572 | D31: =INT(D4*0.8) -> 298 | E31: =INT(E4*0.8)-300 -> 343 | F31: =INT(F4*0.8) -> 35 | G31: =INT(G4*0.8) -> 248 | H31: =INT(H4*0.8)-50 -> 183 | I31: =INT(I4*0.8) -> 132 | J31: =INT(J4*0.8) -> 2 | K31: =INT(K4*0.8) -> 24 | M31: =INT(M4*0.8) -> 181 | N31: =INT(N4*0.8) -> 194 | O31: =INT(O4*0.8) -> 130 | Q31: =INT(Q4*0.8) -> 168 | R31: =INT(R4*0.8) -> 86 | S31: =INT(S4*0.8) -> 69 | T31: =INT(T4*0.8) -> 32 | U31: =INT(U4*0.8) -> 25 | V31: =INT(V4*0.8) -> 121 | W31: =INT(W4*0.8) -> 0 | Y31: =SUM(C31:X31) -> 2843
B32: 열원정기점검 | C32: =INT(C5*0.95) -> 3187 | D32: =INT(D5*0.95) -> 3703 | E32: =INT(E5*0.95) -> 2012 | F32: =INT(F5*0.95) -> 917 | G32: =INT(G5*0.95) -> 821 | H32: =INT(H5*0.95) -> 608 | I32: =INT(I5*0.95) -> 1646 | J32: =INT(J5*0.95) -> 2381 | K32: =INT(K5*0.95) -> 1053 | M32: =INT(M5*0.95) -> 840 | N32: =INT(N5*0.95) -> 1169 | O32: =INT(O5*0.95) -> 1763 | Q32: =INT(Q5*0.95) -> 1295 | R32: =INT(R5*0.95) -> 612 | S32: =INT(S5*0.95) -> 455 | T32: =INT(T5*0.95) -> 589 | U32: =INT(U5*0.95) -> 109 | V32: =INT(V5*0.95) -> 296 | W32: =INT(W5*0.95) -> 159 | Y32: =SUM(C32:X32) -> 23615
B33: 열원경상정비 | C33: =C6 -> 8215.0141 | D33: =D6 -> 6346.186 | E33: =E6 -> 5931.0053 | F33: =F6 -> 2437.5123 | G33: =G6 -> 2530.2326 | H33: =H6 -> 1825.5587 | I33: =I6 -> 2274.7368 | J33: =J6 -> 3763.4119 | K33: =K6 -> 3419.3168 | M33: =M6 -> 724.24817 | N33: =N6 -> 1800.8333 | O33: =O6 -> 1264.0861 | Q33: =Q6 -> 1096.1594 | R33: =R6 -> 720.12727 | S33: =S6 -> 697.46232 | T33: =T6 -> 622.2559 | U33: =U6 -> 281.25142 | V33: =V6 -> 41.209 | W33: =W6 -> 41.209 | Y33: =Y6 -> 44031.816
B34: 열원정기유지보수 | C34: =C7 -> 5254.0748 | D34: =D7 -> 377.58 | E34: =E7 -> 656.705 | F34: =F7 -> 990.82 | G34: =G7 -> 190.82 | H34: =H7 -> 161.385 | I34: =I7 -> 236.495 | J34: =J7 -> 269.99 | K34: =K7 -> 206.045 | M34: =M7 -> 152.25 | N34: =N7 -> 211.12 | O34: =O7 -> 595.805 | Q34: =Q7 -> 697.305 | R34: =R7 -> 546.07 | S34: =S7 -> 120.785 | T34: =T7 -> 85.26 | U34: =U7 -> 61.915 | V34: =V7 -> 53.795 | W34: =W7 -> 94.395 | Y34: =SUM(C34:X34) -> 10962.615
B35: 열원보완및개선 | C35: =INT(C8*0.8) -> 1874 | D35: =INT(D8*0.8) -> 993 | E35: =INT(E8*0.8) -> 583 | F35: =INT(F8*0.8) -> 1008 | G35: =INT(G8*0.8) -> 380 | H35: =INT(H8*0.8) -> 318 | I35: =INT(I8*0.8) -> 726 | J35: =INT(J8*0.8) -> 626 | K35: =INT(K8*0.8) -> 302 | M35: =INT(M8*0.8) -> 235 | N35: =INT(N8*0.8) -> 578 | O35: =INT(O8*0.8) -> 517 | Q35: =INT(Q8*0.8) -> 854 | R35: =INT(R8*0.8) -> 1013 | S35: =INT(S8*0.8) -> 181 | T35: =INT(T8*0.8) -> 360 | U35: =INT(U8*0.8) -> 272 | V35: =INT(V8*0.8) -> 214 | W35: =INT(W8*0.8) -> 22 | Y35: =SUM(C35:X35) -> 11056
B36: 비저장품(보수자재) | C36: =C9 -> 754.145 | D36: =D9 -> 582.61 | E36: =E9 -> 544.04 | F36: =F9 -> 223.3 | G36: =G9 -> 232.435 | H36: =H9 -> 50.75 | I36: =I9 -> 208.075 | J36: =J9 -> 345.1 | K36: =K9 -> 313.635 | M36: =M9 -> 63.945 | N36: =N9 -> 159.355 | O36: =O9 -> 111.65 | Q36: =Q9 -> 97.44 | R36: =R9 -> 63.945 | S36: =S9 -> 61.915 | T36: =T9 -> 54.81 | U36: =U9 -> 25.375 | V36: =V9 -> 4.06 | W36: =W9 -> 4.06 | Y36: =SUM(C36:X36) -> 3900.645
B37: 소모품(자재공기구) | C37: =C10 -> 84.245 | D37: =D10 -> 64.96 | E37: =E10 -> 60.9 | F37: =F10 -> 24.36 | G37: =G10 -> 25.375 | H37: =H10 -> 6.09 | I37: =I10 -> 23.345 | J37: =J10 -> 38.57 | K37: =K10 -> 34.51 | M37: =M10 -> 7.105 | N37: =N10 -> 17.255 | O37: =O10 -> 12.18 | Q37: =Q10 -> 11.165 | R37: =R10 -> 7.105 | S37: =S10 -> 7.105 | T37: =T10 -> 6.09 | U37: =U10 -> 3.045 | V37: =V10 -> 1.015 | W37: =W10 -> 1.015 | Y37: =SUM(C37:X37) -> 435.435
B39: 지급수수료 열원 | C39: =INT(C12*0.9) -> 401 | D39: =INT(D12*0.9) -> 337 | E39: =INT(E12*0.9) -> 512 | F39: =INT(F12*0.9) -> 213 | G39: =INT(G12*0.9) -> 195 | H39: =INT(H12*0.9) -> 209 | I39: =INT(I12*0.9) -> 609 | J39: =INT(J12*0.9) -> 385 | K39: =INT(K12*0.9) -> 401 | M39: =INT(M12*0.9) -> 95 | N39: =INT(N12*0.9) -> 709 | O39: =INT(O12*0.9) -> 216 | Q39: =INT(Q12*0.9) -> 217 | R39: =INT(R12*0.9) -> 91 | S39: =INT(S12*0.9) -> 174 | T39: =INT(T12*0.9) -> 59 | U39: =INT(U12*0.9) -> 71 | V39: =INT(V12*0.9) -> 146 | W39: =INT(W12*0.9) -> 46 | Y39: =SUM(C39:X39) -> 5086
Y40: =SUM(Y31:Y39) -> 101930.51 | Z40: =Y13-Y40 -> 6010.0536
C41: =C14 -> 19 | D41: =D14 -> 0 | E41: =E14 -> 0 | F41: =F14 -> 28 | G41: =G14 -> 6 | H41: =H14 -> 0 | I41: =I14 -> 11 | J41: =J14 -> 0 | K41: =K14 -> 0 | M41: =M14 -> 0 | N41: =N14 -> 0 | O41: =O14 -> 0 | Q41: =Q14 -> 0 | R41: =R14 -> 0 | S41: =S14 -> 0 | T41: =T14 -> 0 | U41: =U14 -> 0 | V41: =V14 -> 0 | W41: =W14 -> 0
C42: =C15 -> 0 | D42: =D15 -> 15 | E42: =E15 -> 0 | F42: =F15 -> 0 | G42: =G15 -> 0 | H42: =H15 -> 0 | I42: =I15 -> 0 | J42: =J15 -> 0 | K42: =K15 -> 0 | M42: =M15 -> 0 | N42: =N15 -> 0 | O42: =O15 -> 0 | Q42: =Q15 -> 0 | R42: =R15 -> 0 | S42: =S15 -> 0 | T42: =T15 -> 0 | U42: =U15 -> 0 | V42: =V15 -> 0 | W42: =W15 -> 0
C43: =C16 -> 0 | D43: =D16 -> 3000 | E43: =E16 -> 2344 | F43: =F16 -> 63 | G43: =G16 -> 0 | H43: =H16 -> 713 | I43: =I16 -> 0 | J43: =J16 -> 0 | K43: =K16 -> 0 | M43: =M16 -> 0 | N43: =N16 -> 0 | O43: =O16 -> 0 | Q43: =Q16 -> 0 | R43: =R16 -> 0 | S43: =S16 -> 0 | T43: =T16 -> 0 | U43: =U16 -> 0 | V43: =V16 -> 0 | W43: =W16 -> 0
C44: =C17 -> 328.03298 | D44: =D17 -> 2074.0999 | E44: =E17 -> 2092.1431 | F44: =F17 -> 725.97267 | G44: =G17 -> 2112 | H44: =H17 -> 844.86944 | I44: =I17 -> 913.80957 | J44: =J17 -> 2500 | K44: =K17 -> 706 | M44: =M17 -> 356.58101 | N44: =N17 -> 1522.6725 | O44: =O17 -> 1371.265 | Q44: =Q17 -> 941.62565 | R44: =R17 -> 1168.2751 | S44: =S17 -> 571.77487 | T44: =T17 -> 950.89767 | U44: =U17 -> 77.266875 | V44: =V17 -> 81.387775 | W44: =W17 -> 9.272025
C45: =C18 -> 328.03298 | D45: =D18 -> 5074.0999 | E45: =E18 -> 4436.1431 | F45: =F18 -> 788.97267 | G45: =G18 -> 2112 | H45: =H18 -> 1557.8694 | I45: =I18 -> 913.80957 | J45: =J18 -> 2500 | K45: =K18 -> 706 | M45: =M18 -> 356.58101 | N45: =N18 -> 1522.6725 | O45: =O18 -> 1371.265 | Q45: =Q18 -> 941.62565 | R45: =R18 -> 1168.2751 | S45: =S18 -> 571.77487 | T45: =T18 -> 950.89767 | U45: =U18 -> 77.266875 | V45: =V18 -> 81.387775 | W45: =W18 -> 9.272025
C46: =C19 -> 0 | D46: =D19 -> 0 | E46: =E19 -> 0 | F46: =F19 -> 0 | G46: =G19 -> 0 | H46: =H19 -> 0 | I46: =I19 -> 0 | J46: =J19 -> 0 | K46: =K19 -> 0 | M46: =M19 -> 0 | N46: =N19 -> 0 | O46: =O19 -> 0 | Q46: =Q19 -> 0 | R46: =R19 -> 0 | S46: =S19 -> 0 | T46: =T19 -> 0 | U46: =U19 -> 0 | V46: =V19 -> 0 | W46: =W19 -> 0
C47: =C20 -> 56.602091 | D47: =D20 -> 76 | E47: =E20 -> 419.195 | F47: =F20 -> 11.850124 | G47: =G20 -> 34.473088 | H47: =H20 -> 19 | I47: =I20 -> 28.725561 | J47: =J20 -> 102 | K47: =K20 -> 62.520339 | M47: =M20 -> 0 | N47: =N20 -> 75.40988 | O47: =O20 -> 30 | Q47: =Q20 -> 0 | R47: =R20 -> 21 | S47: =S20 -> 0 | T47: =T20 -> 0 | U47: =U20 -> 0 | V47: =V20 -> 0 | W47: =W20 -> 0
C48: =C21 -> 0 | D48: =D21 -> 8166 | E48: =E21 -> 0 | F48: =F21 -> 8182 | G48: =G21 -> 591 | H48: =H21 -> 0 | I48: =I21 -> 0 | J48: =J21 -> 0 | K48: =K21 -> 0 | M48: =M21 -> 0 | N48: =N21 -> 0 | O48: =O21 -> 0 | Q48: =Q21 -> 0 | R48: =R21 -> 0 | S48: =S21 -> 0 | T48: =T21 -> 0 | U48: =U21 -> 0 | V48: =V21 -> 0 | W48: =W21 -> 0
C49: =C22 -> 363 | D49: =D22 -> 1052.8726 | E49: =E22 -> 18 | F49: =F22 -> 157.59798 | G49: =G22 -> 180 | H49: =H22 -> 100 | I49: =I22 -> 145.43334 | J49: =J22 -> 369 | K49: =K22 -> 358.22464 | M49: =M22 -> 0 | N49: =N22 -> 386 | O49: =O22 -> 107 | Q49: =Q22 -> 29 | R49: =R22 -> 0 | S49: =S22 -> 0 | T49: =T22 -> 0 | U49: =U22 -> 0 | V49: =V22 -> 0 | W49: =W22 -> 0
C50: =C23 -> 2 | D50: =D23 -> 107 | E50: =E23 -> 126 | F50: =F23 -> 13 | G50: =G23 -> 54 | H50: =H23 -> 104 | I50: =I23 -> 91 | J50: =J23 -> 6 | K50: =K23 -> 84 | M50: =M23 -> 0 | N50: =N23 -> 84 | O50: =O23 -> 43.09136 | Q50: =Q23 -> 0 | R50: =R23 -> 10 | S50: =S23 -> 0 | T50: =T23 -> 0 | U50: =U23 -> 0 | V50: =V23 -> 0 | W50: =W23 -> 0
C51: =C24 -> 365 | D51: =D24 -> 9325.8726 | E51: =E24 -> 144 | F51: =F24 -> 8352.598 | G51: =G24 -> 825 | H51: =H24 -> 204 | I51: =I24 -> 236.43334 | J51: =J24 -> 375 | K51: =K24 -> 442.22464 | M51: =M24 -> 0 | N51: =N24 -> 470 | O51: =O24 -> 150.09136 | Q51: =Q24 -> 29 | R51: =R24 -> 10 | S51: =S24 -> 0 | T51: =T24 -> 0 | U51: =U24 -> 0 | V51: =V24 -> 0 | W51: =W24 -> 0
C52: =C41+C42+C46+C45+C47+C51 -> 768.63507 | D52: =D41+D42+D46+D45+D47+D51 -> 14490.973 | E52: =E41+E42+E46+E45+E47+E51 -> 4999.3381 | F52: =F41+F42+F46+F45+F47+F51 -> 9181.4208 | G52: =G41+G42+G46+G45+G47+G51 -> 2977.4731 | H52: =H41+H42+H46+H45+H47+H51 -> 1780.8694 | I52: =I41+I42+I46+I45+I47+I51 -> 1189.9685 | J52: =J41+J42+J46+J45+J47+J51 -> 2977 | ... W52: =W41+W42+W46+W45+W47+W51 -> 9.272025 | Y52: =SUM(C52:X52) -> 47412.942
C53: =C26 -> 1173.0355 | D53: =D26 -> 343.1715 | E53: =E26 -> 20000 | F53: =F26 -> 140.07 | G53: =G26 -> 1418.97 | H53: =H26 -> 719.635 | I53: =I26 -> 2.03 | J53: =J26 -> 648.585 | K53: =K26 -> 3011.505 | M53: =M26 -> 43.645 | N53: =N26 -> 538.965 | O53: =O26-3500 -> 3500 | Q53: =Q26 -> 1058 | R53: =R26 -> 702 | S53: =S26 -> 547 | T53: =T26 -> 0 | U53: =U26 -> 0 | V53: =V26 -> 262 | W53: =W26 -> 0 | Y53: =SUM(C53:X53) -> 34108.612
C54: =C27 -> 0 | D54: =D27 -> 0 | E54: =E27 -> 0 | F54: =F27 -> 0 | G54: =G27 -> 0 | H54: =H27 -> 0 | I54: =I27 -> 0 | J54: =J27 -> 0 | K54: =K27 -> 0 | M54: =M27 -> 0 | N54: =N27 -> 0 | O54: =O27 -> 0 | Q54: =Q27 -> 0 | R54: =R27 -> 0 | S54: =S27 -> 0 | T54: =T27 -> 0 | U54: =U27 -> 0 | V54: =V27 -> 0 | W54: =W27 -> 0
C55: =C28 -> 0 | D55: =D28 -> 0 | E55: =E28 -> 0 | F55: =F28 -> 0 | G55: =G28 -> 0 | H55: =H28 -> 0 | I55: =I28 -> 0 | J55: =J28 -> 0 | K55: =K28 -> 0 | M55: =M28 -> 0 | N55: =N28 -> 0 | O55: =O28 -> 0 | Q55: =Q28 -> 0 | R55: =R28 -> 0 | S55: =S28 -> 0 | T55: =T28 -> 0 | U55: =U28 -> 0 | V55: =V28 -> 0 | W55: =W28 -> 0
C56: =C29 -> 0 | D56: =D29 -> 0 | E56: =E29 -> 0 | F56: =F29 -> 0 | G56: =G29 -> 0 | H56: =H29 -> 0 | I56: =I29 -> 0 | J56: =J29 -> 0 | K56: =K29 -> 0 | M56: =M29 -> 0 | N56: =N29 -> 0 | O56: =O29 -> 0 | Q56: =Q29 -> 0 | R56: =R29 -> 0 | S56: =S29 -> 0 | T56: =T29 -> 0 | U56: =U29 -> 0 | V56: =V29 -> 0 | W56: =W29 -> 0

Sheet 28년
Y2: [단위 : 백만원]
A3: 2028년 | C3: 동탄 | D3: 화성 | E3: 파주 | F3: 광교 | G3: 판교 | H3: 삼송 | I3: 양산 | J3: 대구 | K3: 청주 | L3: 소계 | M3: 수원 | N3: 광주전남 | O3: 강남 | P3: 소계 | Q3: 중앙 | R3: 고양 | S3: 용인 | T3: 분당 | U3: 세종 | V3: 김해 | W3: 평택 | X3: 소계 | Y3: 합계
A4: 수선유지비 | B4: 건물/구축물 | C4: =동탄!E6 -> 979.74397 | D4: =화성!E6 -> 378.09257 | E4: =파주!E6 -> 815.9382 | F4: =광교!E6 -> 45.3299 | G4: =판교!E6 -> 315.24885 | H4: =삼송!E6 -> 295.67457 | I4: =양산!E6 -> 167.92667 | J4: =대구!E6 -> 3.090675 | K4: =청주!E6 -> 30.90675 | L4: =SUM(C4:K4) -> 3031.9522 | M4: =수원!E6 -> 230.7704 | N4: =광주전남!E6 -> 246.22377 | O4: =강남!E6 -> 165.86622 | P4: =SUM(M4:O4) -> 642.8604 | Q4: =중앙!E6 -> 213.25657 | R4: =고양!E6 -> 109.20385 | S4: =용인!E6 -> 88.59935 | T4: =분당!E6 -> 41.209 | U4: =세종!E6 -> 32.9672 | V4: =김해!E6 -> 154.53375 | W4: =평택!E6 -> 0 | X4: =SUM(Q4:W4) -> 639.76972 | Y4: =L4+P4+X4 -> 4314.5823
B5: 열원정기점검 | C5: =동탄!E7 -> 7292.4852 | D5: =화성!E7 -> 1362.4303 | E5: =파주!E7 -> 4142.5347 | F5: =광교!E7 -> 1775.5619 | G5: =판교!E7 -> 877.74766 | H5: =삼송!E7 -> 650.41195 | I5: =양산!E7 -> 835.51247 | J5: =대구!E7 -> 1125.1499 | K5: =청주!E7 -> 2544.2445 | L5: =SUM(C5:K5) -> 20606.079 | M5: =수원!E7 -> 898.3562 | N5: =광주전남!E7 -> 1249.6629 | O5: =강남!E7 -> 1884.2815 | P5: =SUM(M5:O5) -> 4032.3006 | Q5: =중앙!E7 -> 1384.6224 | R5: =고양!E7 -> 654.19287 | S5: =용인!E7 -> 486.2662 | T5: =분당!E7 -> 629.46747 | U5: =세종!E7 -> 117.44565 | V5: =김해!E7 -> 317.3093 | W5: =평택!E7 -> 169.98712 | X5: =SUM(Q5:W5) -> 3759.291 | Y5: =L5+P5+X5 -> 28397.67
B6: 열원경상정비 | C6: =동탄!E8 -> 8338.2394 | D6: =화성!E8 -> 6441.3788 | E6: =파주!E8 -> 6019.9704 | F6: =광교!E8 -> 2474.075 | G6: =판교!E8 -> 2568.1861 | H6: =삼송!E8 -> 1852.9421 | I6: =양산!E8 -> 2308.8579 | J6: =대구!E8 -> 3819.8631 | K6: =청주!E8 -> 3470.6065 | L6: =SUM(C6:K6) -> 37294.119 | M6: =수원!E8 -> 2568.1861 | N6: =광주전남!E8 -> 1827.8458 | O6: =강남!E8 -> 1283.0474 | P6: =SUM(M6:O6) -> 5679.0793 | Q6: =중앙!E8 -> 1112.6018 | R6: =고양!E8 -> 730.92918 | S6: =용인!E8 -> 707.92426 | T6: =분당!E8 -> 631.58974 | U6: =세종!E8 -> 285.4702 | V6: =김해!E8 -> 41.827135 | W6: =평택!E8 -> 41.827135 | X6: =SUM(Q6:W6) -> 3552.1694 | Y6: =L6+P6+X6 -> 46525.368
B7: 열원정기유지보수 | C7: =동탄!E9 -> 5330.6809 | D7: =화성!E9 -> 383.2437 | E7: =파주!E9 -> 666.55557 | F7: =광교!E9 -> 993.6823 | G7: =판교!E9 -> 193.6823 | H7: =삼송!E9 -> 163.80577 | I7: =양산!E9 -> 240.04242 | J7: =대구!E9 -> 274.03985 | K7: =청주!E9 -> 209.13567 | L7: =SUM(C7:K7) -> 8454.8685 | M7: =수원!E9 -> 154.53375 | N7: =광주전남!E9 -> 214.2868 | O7: =강남!E9 -> 604.74207 | P7: =SUM(M7:O7) -> 973.56262 | Q7: =중앙!E9 -> 707.76457 | R7: =고양!E9 -> 554.26105 | S7: =용인!E9 -> 122.59677 | T7: =분당!E9 -> 86.5389 | U7: =세종!E9 -> 62.843725 | V7: =김해!E9 -> 54.601925 | W7: =평택!E9 -> 95.810925 | X7: =SUM(Q7:W7) -> 1684.4179 | Y7: =L7+P7+X7 -> 11112.849
B8: 열원보완및개선 | C8: =동탄!E10 -> 2524.3569 | D8: =화성!E10 -> 876.68629 | E8: =파주!E10 -> 1498.9774 | F8: =광교!E10 -> 1279.5394 | G8: =판교!E10 -> 483.17552 | H8: =삼송!E10 -> 403.8482 | I8: =양산!E10 -> 922.05137 | J8: =대구!E10 -> 795.3337 | K8: =청주!E10 -> 383.2437 | L8: =SUM(C8:K8) -> 9167.2125 | M8: =수원!E10 -> 298.76525 | N8: =광주전남!E10 -> 733.5202 | O8: =강남!E10 -> 656.25332 | P8: =SUM(M8:O8) -> 1688.5388 | Q8: =중앙!E10 -> 1083.7967 | R8: =고양!E10 -> 1285.7208 | S8: =용인!E10 -> 229.74017 | T8: =분당!E10 -> 457.4199 | U8: =세종!E10 -> 345.12537 | V8: =김해!E10 -> 271.9794 | W8: =평택!E10 -> 28.8463 | X8: =SUM(Q8:W8) -> 3702.6286 | Y8: =L8+P8+X8 -> 14558.38
B9: 비저장품(보수자재) | C9: =동탄!E11 -> 776.93903 | D9: =화성!E11 -> 600.21939 | E9: =파주!E11 -> 560.48361 | F9: =광교!E11 -> 230.04924 | G9: =판교!E11 -> 239.46035 | H9: =삼송!E11 -> 52.283919 | I9: =양산!E11 -> 214.36407 | J9: =대구!E11 -> 355.53065 | K9: =청주!E11 -> 323.11462 | L9: =SUM(C9:K9) -> 3352.4449 | M9: =수원!E11 -> 65.877738 | N9: =광주전남!E11 -> 164.1715 | O9: =강남!E11 -> 115.02462 | P9: =SUM(M9:O9) -> 345.07386 | Q9: =중앙!E11 -> 100.38512 | R9: =고양!E11 -> 65.877738 | S9: =용인!E11 -> 63.786381 | T9: =분당!E11 -> 56.466632 | U9: =세종!E11 -> 26.141959 | V9: =김해!E11 -> 4.1827135 | W9: =평택!E11 -> 4.1827135 | X9: =SUM(Q9:W9) -> 321.02326 | Y9: =L9+P9+X9 -> 4018.542
B10: 소모품(자재공기구) | C10: =동탄!E12 -> 86.791305 | D10: =화성!E12 -> 66.923416 | E10: =파주!E12 -> 62.740702 | F10: =광교!E12 -> 25.096281 | G10: =판교!E12 -> 26.141959 | H10: =삼송!E12 -> 6.2740702 | I10: =양산!E12 -> 24.050603 | J10: =대구!E12 -> 39.735778 | K10: =청주!E12 -> 35.553065 | L10: =SUM(C10:K10) -> 373.30718 | M10: =수원!E12 -> 7.3197486 | N10: =광주전남!E12 -> 17.776532 | O10: =강남!E12 -> 12.54814 | P10: =SUM(M10:O10) -> 37.644421 | Q10: =중앙!E12 -> 11.502462 | R10: =고양!E12 -> 7.3197486 | S10: =용인!E12 -> 7.3197486 | T10: =분당!E12 -> 6.2740702 | U10: =세종!E12 -> 3.1370351 | V10: =김해!E12 -> 1.0456784 | W10: =평택!E12 -> 1.0456784 | X10: =SUM(Q10:W10) -> 37.644421 | Y10: =L10+P10+X10 -> 448.59602
B11: 계 | C11: =SUM(C4:C10) -> 25329.237 | D11: =SUM(D4:D10) -> 10108.974 | E11: =SUM(E4:E10) -> 13767.201 | F11: =SUM(F4:F10) -> 6823.3341 | G11: =SUM(G4:G10) -> 4703.6427 | H11: =SUM(H4:H10) -> 3425.2406 | I11: =SUM(I4:I10) -> 4712.8055 | J11: =SUM(J4:J10) -> 6412.7437 | K11: =SUM(K4:K10) -> 6996.8048 | L11: =SUM(C11:K11) -> 82279.983 | M11: =SUM(M4:M10) -> 4223.8092 | N11: =SUM(N4:N10) -> 4453.4875 | O11: =SUM(O4:O10) -> 4721.7633 | P11: =SUM(M11:O11) -> 13399.06 | Q11: =SUM(Q4:Q10) -> 4613.9296 | R11: =SUM(R4:R10) -> 3407.5052 | S11: =SUM(S4:S10) -> 1706.2329 | T11: =SUM(T4:T10) -> 1908.9657 | U11: =SUM(U4:U10) -> 873.13114 | V11: =SUM(V4:V10) -> 845.4799 | W11: =SUM(W4:W10) -> 341.69988 | X11: =SUM(Q11:W11) -> 13696.944 | Y11: =L11+P11+X11 -> 109375.99
A12: 지급수수료 | B12: 지급수수료 열원 | C12: =동탄!E13 -> 452.45928 | D12: =화성!E13 -> 380.15302 | E12: =파주!E13 -> 577.95622 | F12: =광교!E13 -> 241.07265 | G12: =판교!E13 -> 220.46815 | H12: =삼송!E13 -> 235.92152 | I12: =양산!E13 -> 687.16007 | J12: =대구!E13 -> 434.75495 | K12: =청주!E13 -> 452.26877 | L12: =SUM(C12:K12) -> 3682.2147 | M12: =수원!E13 -> 108.17362 | N12: =광주전남!E13 -> 800.48482 | O12: =강남!E13 -> 244.16332 | P12: =SUM(M12:O12) -> 1152.8218 | Q12: =중앙!E13 -> 245.19355 | R12: =고양!E13 -> 103.0225 | S12: =용인!E13 -> 196.77297 | T12: =분당!E13 -> 66.964625 | U12: =세종!E13 -> 80.35755 | V12: =김해!E13 -> 164.836 | W12: =평택!E13 -> 52.541475 | X12: =SUM(Q12:W12) -> 909.68867 | Y12: =L12+P12+X12 -> 5744.7251
A13: 손익예산 합계 | C13: =C12+C11 -> 25781.696 | D13: =D12+D11 -> 10489.127 | E13: =E12+E11 -> 14345.157 | F13: =F12+F11 -> 7064.4067 | G13: =G12+G11 -> 4924.1109 | H13: =H12+H11 -> 3661.1621 | I13: =I12+I11 -> 5399.9655 | J13: =J12+J11 -> 6847.4986 | K13: =K12+K11 -> 7449.0736 | L13: =SUM(C13:K13) -> 85962.198 | M13: =M12+M11 -> 4331.9828 | N13: =N12+N11 -> 5253.9724 | O13: =O12+O11 -> 4965.9266 | P13: =SUM(M13:O13) -> 14551.882 | Q13: =Q12+Q11 -> 4859.1232 | R13: =R12+R11 -> 3510.5277 | S13: =S12+S11 -> 1903.0059 | T13: =T12+T11 -> 1975.9303 | U13: =U12+U11 -> 953.48869 | V13: =V12+V11 -> 1010.3159 | W13: =W12+W11 -> 394.24135 | X13: =SUM(Q13:W13) -> 14606.633 | Y13: =L13+P13+X13 -> 115120.71
A14: 건물 | C14: =동탄!E15 -> 0 | D14: =화성!E15 -> 22 | E14: =파주!E15 -> 0 | F14: =광교!E15 -> 28 | G14: =판교!E15 -> 6 | H14: =삼송!E15 -> 0 | I14: =양산!E15 -> 11 | J14: =대구!E15 -> 0 | K14: =청주!E15 -> 0 | L14: =SUM(C14:K14) -> 67 | M14: =수원!E15 -> 0 | N14: =광주전남!E15 -> 0 | O14: =강남!E15 -> 0 | P14: =SUM(M14:O14) -> 0 | Q14: =중앙!E15 -> 0 | R14: =고양!E15 -> 0 | S14: =용인!E15 -> 0 | T14: =분당!E15 -> 0 | U14: =세종!E15 -> 0 | V14: =김해!E15 -> 0 | W14: =평택!E15 -> 0 | X14: =SUM(Q14:W14) -> 0 | Y14: =L14+P14+X14 -> 67
A15: 구축물 | C15: =동탄!E16 -> 0 | D15: =화성!E16 -> 15 | E15: =파주!E16 -> 0 | F15: =광교!E16 -> 0 | G15: =판교!E16 -> 0 | H15: =삼송!E16 -> 0 | I15: =양산!E16 -> 0 | J15: =대구!E16 -> 0 | K15: =청주!E16 -> 0 | L15: =SUM(C15:K15) -> 15 | M15: =수원!E16 -> 0 | N15: =광주전남!E16 -> 0 | O15: =강남!E16 -> 0 | P15: =SUM(M15:O15) -> 0 | Q15: =중앙!E16 -> 0 | R15: =고양!E16 -> 0 | S15: =용인!E16 -> 0 | T15: =분당!E16 -> 0 | U15: =세종!E16 -> 0 | V15: =김해!E16 -> 0 | W15: =평택!E16 -> 0 | X15: =SUM(Q15:W15) -> 0 | Y15: =L15+P15+X15 -> 15
A16: 기계장치 | B16: 고온부품재생+LTSA | C16: =동탄!E17 -> 3711.251 | D16: =화성!E17 -> 1757 | E16: =파주!E17 -> 0 | F16: =광교!E17 -> 0 | G16: =판교!E17 -> 0 | H16: =삼송!E17 -> 0 | I16: =양산!E17 -> 4336 | J16: =대구!E17 -> 6636 | K16: =청주!E17 -> 0 | L16: =SUM(C16:K16) -> 16440.251 | M16: =수원!E17 -> 0 | N16: =광주전남!E17 -> 0 | O16: =강남!E17 -> 0 | P16: =SUM(M16:O16) -> 0 | Q16: =중앙!E17 -> 0 | R16: =고양!E17 -> 0 | S16: =용인!E17 -> 0 | T16: =분당!E17 -> 0 | U16: =세종!E17 -> 0 | V16: =김해!E17 -> 0 | W16: =평택!E17 -> 0 | X16: =SUM(Q16:W16) -> 0 | Y16: =L16+P16+X16 -> 16440.251
B17: 기타기계장치 | C17: =동탄!E18 -> 15149 | D17: =화성!E18 -> 1669.5249 | E17: =파주!E18 -> 2627.5442 | F17: =광교!E18 -> 1044.2383 | G17: =판교!E18 -> 1180.2363 | H17: =삼송!E18 -> 290.85591 | I17: =양산!E18 -> 180 | J17: =대구!E18 -> 1402.8877 | K17: =청주!E18 -> 706 | L17: =SUM(C17:K17) -> 24250.287 | M17: =수원!E18 -> 361.92972 | N17: =광주전남!E18 -> 1545.5126 | O17: =강남!E18 -> 1391.834 | P17: =SUM(M17:O17) -> 3299.2763 | Q17: =중앙!E18 -> 955.75003 | R17: =고양!E18 -> 1185.7993 | S17: =용인!E18 -> 580.3515 | T17: =분당!E18 -> 965.16114 | U17: =세종!E18 -> 78.425878 | V17: =김해!E18 -> 82.608592 | W17: =평택!E18 -> 9.4111054 | X17: =SUM(Q17:W17) -> 3857.5075 | Y17: =L17+P17+X17 -> 31407.071
B18: 계 | C18: =SUM(C16:C17) -> 18860.251 | D18: =SUM(D16:D17) -> 3426.5249 | E18: =SUM(E16:E17) -> 2627.5442 | F18: =SUM(F16:F17) -> 1044.2383 | G18: =SUM(G16:G17) -> 1180.2363 | H18: =SUM(H16:H17) -> 290.85591 | I18: =SUM(I16:I17) -> 4516 | J18: =SUM(J16:J17) -> 8038.8877 | K18: =SUM(K16:K17) -> 706 | L18: =SUM(C18:K18) -> 40690.538 | M18: =SUM(M16:M17) -> 361.92972 | N18: =SUM(N16:N17) -> 1545.5126 | O18: =SUM(O16:O17) -> 1391.834 | P18: =SUM(M18:O18) -> 3299.2763 | Q18: =SUM(Q16:Q17) -> 955.75003 | R18: =SUM(R16:R17) -> 1185.7993 | S18: =SUM(S16:S17) -> 580.3515 | T18: =SUM(T16:T17) -> 965.16114 | U18: =SUM(U16:U17) -> 78.425878 | V18: =SUM(V16:V17) -> 82.608592 | W18: =SUM(W16:W17) -> 9.4111054 | X18: =SUM(Q18:W18) -> 3857.5075 | Y18: =L18+P18+X18 -> 47847.322
A19: 건가-외주비 | B19: MI 및 A급 정비 | C19: =동탄!E19 -> 5000 | D19: =화성!E19 -> 0 | E19: =파주!E19 -> 9761.168 | F19: =광교!E19 -> 0 | G19: =판교!E19 -> 0 | H19: =삼송!E19 -> 0 | I19: =양산!E19 -> 0 | J19: =대구!E19 -> 0 | K19: =청주!E19 -> 0 | L19: =SUM(C19:K19) -> 14761.168 | M19: =수원!E19 -> 0 | N19: =광주전남!E19 -> 0 | O19: =강남!E19 -> 0 | P19: =SUM(M19:O19) -> 0 | Q19: =중앙!E19 -> 0 | R19: =고양!E19 -> 0 | S19: =용인!E19 -> 0 | T19: =분당!E19 -> 0 | U19: =세종!E19 -> 0 | V19: =김해!E19 -> 0 | W19: =평택!E19 -> 0 | X19: =SUM(Q19:W19) -> 0 | Y19: =L19+P19+X19 -> 14761.168
A20: 공구와기구 | C20: =동탄!E20 -> 57.451122 | D20: =화성!E20 -> 76 | E20: =파주!E20 -> 425.48292 | F20: =광교!E20 -> 60.599669 | G20: =판교!E20 -> 34.990184 | H20: =삼송!E20 -> 19 | I20: =양산!E20 -> 3 | J20: =대구!E20 -> 328 | K20: =청주!E20 -> 28.725561 | L20: =SUM(C20:K20) -> 1033.2495 | M20: =수원!E20 -> 150 | N20: =광주전남!E20 -> 76.541028 | O20: =강남!E20 -> 30 | P20: =SUM(M20:O20) -> 256.54103 | Q20: =중앙!E20 -> 0 | R20: =고양!E20 -> 21 | S20: =용인!E20 -> 0 | T20: =분당!E20 -> 0 | U20: =세종!E20 -> 0 | V20: =김해!E20 -> 0 | W20: =평택!E20 -> 0 | X20: =SUM(Q20:W20) -> 21 | Y20: =L20+P20+X20 -> 1310.7905
A21: 예비품 | B21: 재생고온부품 | C21: =동탄!E21 -> 0 | D21: =화성!E21 -> 0 | E21: =파주!E21 -> 20192 | F21: =광교!E21 -> 175 | G21: =판교!E21 -> 0 | H21: =삼송!E21 -> 0 | I21: =양산!E21 -> 0 | J21: =대구!E21 -> 0 | K21: =청주!E21 -> 0 | L21: =SUM(C21:K21) -> 20367 | M21: =수원!E21 -> 15663 | N21: =광주전남!E21 -> 0 | O21: =강남!E21 -> 714 | P21: =SUM(M21:O21) -> 16377 | Q21: =중앙!E21 -> 0 | R21: =고양!E21 -> 0 | S21: =용인!E21 -> 0 | T21: =분당!E21 -> 0 | U21: =세종!E21 -> 0 | V21: =김해!E21 -> 0 | W21: =평택!E21 -> 0 | X21: =SUM(Q21:W21) -> 0 | Y21: =L21+P21+X21 -> 36744
B22: 자산화예비품 | C22: =동탄!E22 -> 867.5 | D22: =화성!E22 -> 614.51511 | E22: =파주!E22 -> 1935.3946 | F22: =광교!E22 -> 244.68545 | G22: =판교!E22 -> 180 | H22: =삼송!E22 -> 50 | I22: =양산!E22 -> 147.61484 | J22: =대구!E22 -> 1610 | K22: =청주!E22 -> 358 | L22: =SUM(C22:K22) -> 6007.71 | M22: =수원!E22 -> 150 | N22: =광주전남!E22 -> 386 | O22: =강남!E22 -> 107 | P22: =SUM(M22:O22) -> 643 | Q22: =중앙!E22 -> 29 | R22: =고양!E22 -> 0 | S22: =용인!E22 -> 0 | T22: =분당!E22 -> 0 | U22: =세종!E22 -> 0 | V22: =김해!E22 -> 0 | W22: =평택!E22 -> 0 | X22: =SUM(Q22:W22) -> 29 | Y22: =L22+P22+X22 -> 6679.71
B23: 저장품 | C23: =동탄!E23 -> 2 | D23: =화성!E23 -> 79 | E23: =파주!E23 -> 155 | F23: =광교!E23 -> 124.65253 | G23: =판교!E23 -> 54 | H23: =삼송!E23 -> 20 | I23: =양산!E23 -> 91 | J23: =대구!E23 -> 170.10038 | K23: =청주!E23 -> 84 | L23: =SUM(C23:K23) -> 779.75291 | M23: =수원!E23 -> 3 | N23: =광주전남!E23 -> 84 | O23: =강남!E23 -> 43.737731 | P23: =SUM(M23:O23) -> 130.73773 | Q23: =중앙!E23 -> 0 | R23: =고양!E23 -> 10 | S23: =용인!E23 -> 0 | T23: =분당!E23 -> 0 | U23: =세종!E23 -> 0 | V23: =김해!E23 -> 0 | W23: =평택!E23 -> 0 | X23: =SUM(Q23:W23) -> 10 | Y23: =L23+P23+X23 -> 920.49064
B24: 계 | C24: =SUM(C21:C23) -> 869.5 | D24: =SUM(D21:D23) -> 693.51511 | E24: =SUM(E21:E23) -> 22282.395 | F24: =SUM(F21:F23) -> 544.33799 | G24: =SUM(G21:G23) -> 234 | H24: =SUM(H21:H23) -> 70 | I24: =SUM(I21:I23) -> 238.61484 | J24: =SUM(J21:J23) -> 1780.1004 | K24: =SUM(K21:K23) -> 442 | L24: =SUM(C24:K24) -> 27154.463 | M24: =SUM(M21:M23) -> 15816 | N24: =SUM(N21:N23) -> 470 | O24: =SUM(O21:O23) -> 864.73773 | P24: =SUM(M24:O24) -> 17150.738 | Q24: =SUM(Q21:Q23) -> 29 | R24: =SUM(R21:R23) -> 10 | S24: =SUM(S21:S23) -> 0 | T24: =SUM(T21:T23) -> 0 | U24: =SUM(U21:U23) -> 0 | V24: =SUM(V21:V23) -> 0 | W24: =SUM(W21:W23) -> 0 | X24: =SUM(Q24:W24) -> 39 | Y24: =L24+P24+X24 -> 44344.201
A25: 자본예산 합계 | C25: =C14+C15+C19+C18+C20+C24 -> 24787.202 | D25: =D14+D15+D19+D18+D20+D24 -> 4233.04 | E25: =E14+E15+E19+E18+E20+E24 -> 35096.59 | F25: =F14+F15+F19+F18+F20+F24 -> 1677.176 | G25: =G14+G15+G19+G18+G20+G24 -> 1455.2265 | H25: =H14+H15+H19+H18+H20+H24 -> 379.85591 | I25: =I14+I15+I19+I18+I20+I24 -> 4768.6148 | J25: =J14+J15+J19+J18+J20+J24 -> 10146.988 | ... Y25: =Y14+Y15+Y19+Y18+Y20+Y24 -> 108345.48
A26: 투자비 | B26: 열원공사비 등 | C26: =동탄!E25 -> 1190.631 | D26: =화성!E25 -> 348.31907 | E26: =파주!E25 -> 442.06955 | F26: =광교!E25 -> 142.17105 | G26: =판교!E25 -> 1440.2545 | H26: =삼송!E25 -> 730.42952 | I26: =양산!E25 -> 2.06045 | J26: =대구!E25 -> 658.31377 | K26: =청주!E25 -> 3056.6776 | L26: =SUM(C26:K26) -> 8010.9266 | M26: =수원!E25 -> 44.299675 | N26: =광주전남!E25 -> 547.04947 | O26: =강남!E25 -> 1287.7812 | P26: =SUM(M26:O26) -> 1879.1304 | Q26: =중앙!E25 -> 1073.87 | R26: =고양!E25 -> 712.53 | S26: =용인!E25 -> 555.205 | T26: =분당!E25 -> 0 | U26: =세종!E25 -> 0 | V26: =김해!E25 -> 265.93 | W26: =평택!E25 -> 0 | X26: =SUM(Q26:W26) -> 2607.535 | Y26: =L26+P26+X26 -> 12497.592
B31: 건물/구축물 | C31: =INT(C4*0.9)-50 -> 831 | D31: =INT(D4*0.9) -> 340 | E31: =INT(E4*0.9)-50 -> 684 | F31: =INT(F4*0.9) -> 40 | G31: =INT(G4*0.9) -> 283 | H31: =INT(H4*0.9) -> 266 | I31: =INT(I4*0.9) -> 151 | J31: =INT(J4*0.9) -> 2 | K31: =INT(K4*0.9) -> 27 | M31: =INT(M4*0.9) -> 207 | N31: =INT(N4*0.9) -> 221 | O31: =INT(O4*0.9) -> 149 | Q31: =INT(Q4*0.9) -> 191 | R31: =INT(R4*0.9) -> 98 | S31: =INT(S4*0.9) -> 79 | T31: =INT(T4*0.9) -> 37 | U31: =INT(U4*0.9) -> 29 | V31: =INT(V4*0.9) -> 139 | W31: =INT(W4*0.9) -> 0 | Y31: =SUM(C31:X31) -> 3774
B32: 열원정기점검 | C32: =INT(C5*0.9) -> 6563 | D32: =INT(D5*0.9) -> 1226 | E32: =INT(E5*0.9) -> 3728 | F32: =INT(F5*0.9) -> 1598 | G32: =INT(G5*0.9) -> 789 | H32: =INT(H5*0.9) -> 585 | I32: =INT(I5*0.9) -> 751 | J32: =INT(J5*0.9) -> 1012 | K32: =INT(K5*0.9) -> 2289 | M32: =INT(M5*0.9) -> 808 | N32: =INT(N5*0.9) -> 1124 | O32: =INT(O5*0.9) -> 1695 | Q32: =INT(Q5*0.9) -> 1246 | R32: =INT(R5*0.9) -> 588 | S32: =INT(S5*0.9) -> 437 | T32: =INT(T5*0.9) -> 566 | U32: =INT(U5*0.9) -> 105 | V32: =INT(V5*0.9) -> 285 | W32: =INT(W5*0.9) -> 152 | Y32: =SUM(C32:X32) -> 25547
B33: 열원경상정비 | C33: =C6 -> 8338.2394 | D33: =D6 -> 6441.3788 | E33: =E6 -> 6019.9704 | F33: =F6 -> 2474.075 | G33: =G6 -> 2568.1861 | H33: =H6 -> 1852.9421 | I33: =I6 -> 2308.8579 | J33: =J6 -> 3819.8631 | K33: =K6 -> 3470.6065 | M33: =M6 -> 2568.1861 | N33: =N6 -> 1827.8458 | O33: =O6 -> 1283.0474 | Q33: =Q6 -> 1112.6018 | R33: =R6 -> 730.92918 | S33: =S6 -> 707.92426 | T33: =T6 -> 631.58974 | U33: =U6 -> 285.4702 | V33: =V6 -> 41.827135 | W33: =W6 -> 41.827135 | Y33: =Y6 -> 46525.368
B34: 열원정기유지보수 | C34: =INT(C7*0.9) -> 4797 | D34: =INT(D7*0.9) -> 344 | E34: =INT(E7*0.9) -> 599 | F34: =INT(F7*0.9) -> 894 | G34: =INT(G7*0.9) -> 174 | H34: =INT(H7*0.9) -> 147 | I34: =INT(I7*0.9) -> 216 | J34: =INT(J7*0.9) -> 246 | K34: =INT(K7*0.9) -> 188 | M34: =INT(M7*0.9) -> 139 | N34: =INT(N7*0.9) -> 192 | O34: =INT(O7*0.9) -> 544 | Q34: =INT(Q7*0.9) -> 636 | R34: =INT(R7*0.9) -> 498 | S34: =INT(S7*0.9) -> 110 | T34: =INT(T7*0.9) -> 77 | U34: =INT(U7*0.9) -> 56 | V34: =INT(V7*0.9) -> 49 | W34: =INT(W7*0.9) -> 86 | Y34: =SUM(C34:X34) -> 9992
B35: 열원보완및개선 | C35: =INT(C8*0.9) -> 2271 | D35: =INT(D8*0.9) -> 789 | E35: =INT(E8*0.9) -> 1349 | F35: =INT(F8*0.9) -> 1151 | G35: =INT(G8*0.9) -> 434 | H35: =INT(H8*0.9) -> 363 | I35: =INT(I8*0.9) -> 829 | J35: =INT(J8*0.9) -> 715 | K35: =INT(K8*0.9) -> 344 | M35: =INT(M8*0.9) -> 268 | N35: =INT(N8*0.9) -> 660 | O35: =INT(O8*0.9) -> 590 | Q35: =INT(Q8*0.9) -> 975 | R35: =INT(R8*0.9) -> 1157 | S35: =INT(S8*0.9) -> 206 | T35: =INT(T8*0.9) -> 411 | U35: =INT(U8*0.9) -> 310 | V35: =INT(V8*0.9) -> 244 | W35: =INT(W8*0.9) -> 25 | Y35: =SUM(C35:X35) -> 13091
B36: 비저장품(보수자재) | C36: =INT(C9*0.9) -> 699 | D36: =INT(D9*0.9) -> 540 | E36: =INT(E9*0.9) -> 504 | F36: =INT(F9*0.9) -> 207 | G36: =INT(G9*0.9) -> 215 | H36: =INT(H9*0.9) -> 47 | I36: =INT(I9*0.9) -> 192 | J36: =INT(J9*0.9) -> 319 | K36: =INT(K9*0.9) -> 290 | M36: =INT(M9*0.9) -> 59 | N36: =INT(N9*0.9) -> 147 | O36: =INT(O9*0.9) -> 103 | Q36: =INT(Q9*0.9) -> 90 | R36: =INT(R9*0.9) -> 59 | S36: =INT(S9*0.9) -> 57 | T36: =INT(T9*0.9) -> 50 | U36: =INT(U9*0.9) -> 23 | V36: =INT(V9*0.9) -> 3 | W36: =INT(W9*0.9) -> 3 | Y36: =SUM(C36:X36) -> 3607
B37: 소모품(자재공기구) | C37: =INT(C10*0.9) -> 78 | D37: =INT(D10*0.9) -> 60 | E37: =INT(E10*0.9) -> 56 | F37: =INT(F10*0.9) -> 22 | G37: =INT(G10*0.9) -> 23 | H37: =INT(H10*0.9) -> 5 | I37: =INT(I10*0.9) -> 21 | J37: =INT(J10*0.9) -> 35 | K37: =INT(K10*0.9) -> 31 | M37: =INT(M10*0.9) -> 6 | N37: =INT(N10*0.9) -> 15 | O37: =INT(O10*0.9) -> 11 | Q37: =INT(Q10*0.9) -> 10 | R37: =INT(R10*0.9) -> 6 | S37: =INT(S10*0.9) -> 6 | T37: =INT(T10*0.9) -> 5 | U37: =INT(U10*0.9) -> 2 | V37: =INT(V10*0.9) -> 0 | W37: =INT(W10*0.9) -> 0 | Y37: =SUM(C37:X37) -> 392
B39: 지급수수료 열원 | C39: =INT(C12*0.9) -> 407 | D39: =INT(D12*0.9) -> 342 | E39: =INT(E12*0.9) -> 520 | F39: =INT(F12*0.9) -> 216 | G39: =INT(G12*0.9) -> 198 | H39: =INT(H12*0.9) -> 212 | I39: =INT(I12*0.9) -> 618 | J39: =INT(J12*0.9) -> 391 | K39: =INT(K12*0.9) -> 407 | M39: =INT(M12*0.9) -> 97 | N39: =INT(N12*0.9) -> 720 | O39: =INT(O12*0.9) -> 219 | Q39: =INT(Q12*0.9) -> 220 | R39: =INT(R12*0.9) -> 92 | S39: =INT(S12*0.9) -> 177 | T39: =INT(T12*0.9) -> 60 | U39: =INT(U12*0.9) -> 72 | V39: =INT(V12*0.9) -> 148 | W39: =INT(W12*0.9) -> 47 | Y39: =SUM(C39:X39) -> 5163
Y40: =SUM(Y31:Y39) -> 108091.37 | Z40: =Y13-Y40 -> 7029.3446
C41: =C14 -> 0 | D41: =D14 -> 22 | E41: =E14 -> 0 | F41: =F14 -> 28 | G41: =G14 -> 6 | H41: =H14 -> 0 | I41: =I14 -> 11 | J41: =J14 -> 0 | K41: =K14 -> 0 | M41: =M14 -> 0 | N41: =N14 -> 0 | O41: =O14 -> 0 | Q41: =Q14 -> 0 | R41: =R14 -> 0 | S41: =S14 -> 0 | T41: =T14 -> 0 | U41: =U14 -> 0 | V41: =V14 -> 0 | W41: =W14 -> 0
C42: =C15 -> 0 | D42: =D15 -> 15 | E42: =E15 -> 0 | F42: =F15 -> 0 | G42: =G15 -> 0 | H42: =H15 -> 0 | I42: =I15 -> 0 | J42: =J15 -> 0 | K42: =K15 -> 0 | M42: =M15 -> 0 | N42: =N15 -> 0 | O42: =O15 -> 0 | Q42: =Q15 -> 0 | R42: =R15 -> 0 | S42: =S15 -> 0 | T42: =T15 -> 0 | U42: =U15 -> 0 | V42: =V15 -> 0 | W42: =W15 -> 0
C43: =C16 -> 3711.251 | D43: =D16 -> 1757 | E43: =E16 -> 0 | F43: =F16 -> 0 | G43: =G16 -> 0 | H43: =H16 -> 0 | I43: =I16 -> 4336 | J43: =J16 -> 6636 | K43: =K16 -> 0 | M43: =M16 -> 0 | N43: =N16 -> 0 | O43: =O16 -> 0 | Q43: =Q16 -> 0 | R43: =R16 -> 0 | S43: =S16 -> 0 | T43: =T16 -> 0 | U43: =U16 -> 0 | V43: =V16 -> 0 | W43: =W16 -> 0
B44: 기타기계장치 | C44: =INT(C17*0.9)-6500 -> 7134 | D44: =INT(D17*0.9) -> 1502 | E44: =INT(E17*0.9) -> 2364 | F44: =INT(F17*0.9) -> 939 | G44: =INT(G17*0.9) -> 1062 | H44: =INT(H17*0.9) -> 261 | I44: =INT(I17*0.9) -> 162 | J44: =INT(J17*0.9) -> 1262 | K44: =INT(K17*0.9) -> 635 | M44: =INT(M17*0.9) -> 325 | N44: =INT(N17*0.9) -> 1390 | O44: =INT(O17*0.9) -> 1252 | Q44: =INT(Q17*0.9) -> 860 | R44: =INT(R17*0.9) -> 1067 | S44: =INT(S17*0.9) -> 522 | T44: =INT(T17*0.9) -> 868 | U44: =INT(U17*0.9) -> 70 | V44: =INT(V17*0.9) -> 74 | W44: =INT(W17*0.9) -> 8
C45: =C43+C44 -> 10845.251 | D45: =D43+D44 -> 3259 | E45: =E43+E44 -> 2364 | F45: =F43+F44 -> 939 | G45: =G43+G44 -> 1062 | H45: =H43+H44 -> 261 | I45: =I43+I44 -> 4498 | J45: =J43+J44 -> 7898 | ... W45: =W43+W44 -> 8
C46: =C19 -> 5000 | D46: =D19 -> 0 | E46: =E19 -> 9761.168 | F46: =F19 -> 0 | G46: =G19 -> 0 | H46: =H19 -> 0 | I46: =I19 -> 0 | J46: =J19 -> 0 | K46: =K19 -> 0 | M46: =M19 -> 0 | N46: =N19 -> 0 | O46: =O19 -> 0 | Q46: =Q19 -> 0 | R46: =R19 -> 0 | S46: =S19 -> 0 | T46: =T19 -> 0 | U46: =U19 -> 0 | V46: =V19 -> 0 | W46: =W19 -> 0
C47: =C20 -> 57.451122 | D47: =D20 -> 76 | E47: =E20 -> 425.48292 | F47: =F20 -> 60.599669 | G47: =G20 -> 34.990184 | H47: =H20 -> 19 | I47: =I20 -> 3 | J47: =J20 -> 328 | K47: =K20 -> 28.725561 | M47: =M20 -> 150 | N47: =N20 -> 76.541028 | O47: =O20 -> 30 | Q47: =Q20 -> 0 | R47: =R20 -> 21 | S47: =S20 -> 0 | T47: =T20 -> 0 | U47: =U20 -> 0 | V47: =V20 -> 0 | W47: =W20 -> 0
C48: =C21 -> 0 | D48: =D21 -> 0 | E48: =E21 -> 20192 | F48: =F21 -> 175 | G48: =G21 -> 0 | H48: =H21 -> 0 | I48: =I21 -> 0 | J48: =J21 -> 0 | K48: =K21 -> 0 | M48: =M21 -> 15663 | N48: =N21 -> 0 | O48: =O21 -> 714 | Q48: =Q21 -> 0 | R48: =R21 -> 0 | S48: =S21 -> 0 | T48: =T21 -> 0 | U48: =U21 -> 0 | V48: =V21 -> 0 | W48: =W21 -> 0
C49: =C22 -> 867.5 | D49: =D22 -> 614.51511 | E49: =E22 -> 1935.3946 | F49: =F22 -> 244.68545 | G49: =G22 -> 180 | H49: =H22 -> 50 | I49: =I22 -> 147.61484 | J49: =J22 -> 1610 | K49: =K22 -> 358 | M49: =M22 -> 150 | N49: =N22 -> 386 | O49: =O22 -> 107 | Q49: =Q22 -> 29 | R49: =R22 -> 0 | S49: =S22 -> 0 | T49: =T22 -> 0 | U49: =U22 -> 0 | V49: =V22 -> 0 | W49: =W22 -> 0
C50: =C23 -> 2 | D50: =D23 -> 79 | E50: =E23 -> 155 | F50: =F23 -> 124.65253 | G50: =G23 -> 54 | H50: =H23 -> 20 | I50: =I23 -> 91 | J50: =J23 -> 170.10038 | K50: =K23 -> 84 | M50: =M23 -> 3 | N50: =N23 -> 84 | O50: =O23 -> 43.737731 | Q50: =Q23 -> 0 | R50: =R23 -> 10 | S50: =S23 -> 0 | T50: =T23 -> 0 | U50: =U23 -> 0 | V50: =V23 -> 0 | W50: =W23 -> 0
C51: =C24 -> 869.5 | D51: =D24 -> 693.51511 | E51: =E24 -> 22282.395 | F51: =F24 -> 544.33799 | G51: =G24 -> 234 | H51: =H24 -> 70 | I51: =I24 -> 238.61484 | J51: =J24 -> 1780.1004 | K51: =K24 -> 442 | M51: =M24 -> 15816 | N51: =N24 -> 470 | O51: =O24 -> 864.73773 | Q51: =Q24 -> 29 | R51: =R24 -> 10 | S51: =S24 -> 0 | T51: =T24 -> 0 | U51: =U24 -> 0 | V51: =V24 -> 0 | W51: =W24 -> 0
C52: =C41+C42+C46+C45+C47+C51 -> 16772.202 | D52: =D41+D42+D46+D45+D47+D51 -> 4065.5151 | E52: =E41+E42+E46+E45+E47+E51 -> 34833.046 | F52: =F41+F42+F46+F45+F47+F51 -> 1571.9377 | G52: =G41+G42+G46+G45+G47+G51 -> 1336.9902 | H52: =H41+H42+H46+H45+H47+H51 -> 350 | I52: =I41+I42+I46+I45+I47+I51 -> 4750.6148 | J52: =J41+J42+J46+J45+J47+J51 -> 10006.1 | ... W52: =W41+W42+W46+W45+W47+W51 -> 8 | Y52: =SUM(C52:X52) -> 98695.41
C53: =C26 -> 1190.631 | D53: =D26 -> 348.31907 | E53: =E26 -> 442.06955 | F53: =F26 -> 142.17105 | G53: =G26 -> 1440.2545 | H53: =H26 -> 730.42952 | I53: =I26 -> 2.06045 | J53: =J26 -> 658.31377 | K53: =K26 -> 3056.6776 | M53: =M26 -> 44.299675 | N53: =N26 -> 547.04947 | O53: =O26 -> 1287.7812 | Q53: =Q26 -> 1073.87 | R53: =R26 -> 712.53 | S53: =S26 -> 555.205 | T53: =T26 -> 0 | U53: =U26 -> 0 | V53: =V26 -> 265.93 | W53: =W26 -> 0 | Y53: =SUM(C53:X53) -> 12497.592
C54: =C27 -> 0 | D54: =D27 -> 0 | E54: =E27 -> 0 | F54: =F27 -> 0 | G54: =G27 -> 0 | H54: =H27 -> 0 | I54: =I27 -> 0 | J54: =J27 -> 0 | K54: =K27 -> 0 | M54: =M27 -> 0 | N54: =N27 -> 0 | O54: =O27 -> 0 | Q54: =Q27 -> 0 | R54: =R27 -> 0 | S54: =S27 -> 0 | T54: =T27 -> 0 | U54: =U27 -> 0 | V54: =V27 -> 0 | W54: =W27 -> 0
C55: =C28 -> 0 | D55: =D28 -> 0 | E55: =E28 -> 0 | F55: =F28 -> 0 | G55: =G28 -> 0 | H55: =H28 -> 0 | I55: =I28 -> 0 | J55: =J28 -> 0 | K55: =K28 -> 0 | M55: =M28 -> 0 | N55: =N28 -> 0 | O55: =O28 -> 0 | Q55: =Q28 -> 0 | R55: =R28 -> 0 | S55: =S28 -> 0 | T55: =T28 -> 0 | U55: =U28 -> 0 | V55: =V28 -> 0 | W55: =W28 -> 0
C56: =C29 -> 0 | D56: =D29 -> 0 | E56: =E29 -> 0 | F56: =F29 -> 0 | G56: =G29 -> 0 | H56: =H29 -> 0 | I56: =I29 -> 0 | J56: =J29 -> 0 | K56: =K29 -> 0 | M56: =M29 -> 0 | N56: =N29 -> 0 | O56: =O29 -> 0 | Q56: =Q29 -> 0 | R56: =R29 -> 0 | S56: =S29 -> 0 | T56: =T29 -> 0 | U56: =U29 -> 0 | V56: =V29 -> 0 | W56: =W29 -> 0

Sheet 29년
Y2: [단위 : 백만원]
A3: 2029년 | C3: 동탄 | D3: 화성 | E3: 파주 | F3: 광교 | G3: 판교 | H3: 삼송 | I3: 양산 | J3: 대구 | K3: 청주 | L3: 소계 | M3: 수원 | N3: 광주전남 | O3: 강남 | P3: 소계 | Q3: 중앙 | R3: 고양 | S3: 용인 | T3: 분당 | U3: 세종 | V3: 김해 | W3: 평택 | X3: 소계 | Y3: 합계
A4: 수선유지비 | B4: 건물/구축물 | C4: =동탄!F6 -> 994.44013 | D4: =화성!F6 -> 383.76396 | E4: =파주!F6 -> 828.17727 | F4: =광교!F6 -> 46.009848 | G4: =판교!F6 -> 319.97758 | H4: =삼송!F6 -> 300.10969 | I4: =양산!F6 -> 170.44558 | J4: =대구!F6 -> 3.1370351 | K4: =청주!F6 -> 31.370351 | L4: =SUM(C4:K4) -> 3077.4315 | M4: =수원!F6 -> 319.97758 | N4: =광주전남!F6 -> 249.91713 | O4: =강남!F6 -> 168.35422 | P4: =SUM(M4:O4) -> 738.24893 | Q4: =중앙!F6 -> 216.45542 | R4: =고양!F6 -> 110.84191 | S4: =용인!F6 -> 89.92834 | T4: =분당!F6 -> 41.827135 | U4: =세종!F6 -> 33.461708 | V4: =김해!F6 -> 156.85176 | W4: =평택!F6 -> 0 | X4: =SUM(Q4:W4) -> 649.36627 | Y4: =L4+P4+X4 -> 4465.0467
B5: 열원정기점검 | C5: =동탄!F7 -> 7362.4224 | D5: =화성!F7 -> 4015.9461 | E5: =파주!F7 -> 2182.5128 | F5: =광교!F7 -> 995.03337 | G5: =판교!F7 -> 890.91387 | H5: =삼송!F7 -> 660.16813 | I5: =양산!F7 -> 848.04516 | J5: =대구!F7 -> 1142.0272 | K5: =청주!F7 -> 1142.0272 | L5: =SUM(C5:K5) -> 19239.096 | M5: =수원!F7 -> 890.91387 | N5: =광주전남!F7 -> 1268.4079 | O5: =강남!F7 -> 1912.5457 | P5: =SUM(M5:O5) -> 4071.8675 | Q5: =중앙!F7 -> 1405.3917 | R5: =고양!F7 -> 664.00577 | S5: =용인!F7 -> 493.56019 | T5: =분당!F7 -> 638.90949 | U5: =세종!F7 -> 119.20733 | V5: =김해!F7 -> 322.06894 | W5: =평택!F7 -> 172.53693 | X5: =SUM(Q5:W5) -> 3815.6804 | Y5: =L5+P5+X5 -> 27126.644
B6: 열원경상정비 | C6: =동탄!F8 -> 8463.313 | D6: =화성!F8 -> 6537.9995 | E6: =파주!F8 -> 6110.27 | F6: =광교!F8 -> 2511.1862 | G6: =판교!F8 -> 2606.7089 | H6: =삼송!F8 -> 1880.7362 | I6: =양산!F8 -> 2343.4907 | J6: =대구!F8 -> 3877.1611 | K6: =청주!F8 -> 3522.6656 | L6: =SUM(C6:K6) -> 37853.531 | M6: =수원!F8 -> 2606.7089 | N6: =광주전남!F8 -> 1855.2635 | O6: =강남!F8 -> 1302.2931 | P6: =SUM(M6:O6) -> 5764.2654 | Q6: =중앙!F8 -> 1129.2908 | R6: =고양!F8 -> 741.89312 | S6: =용인!F8 -> 718.54312 | T6: =분당!F8 -> 641.06358 | U6: =세종!F8 -> 289.75225 | V6: =김해!F8 -> 42.454542 | W6: =평택!F8 -> 42.454542 | X6: =SUM(Q6:W6) -> 3605.452 | Y6: =L6+P6+X6 -> 47223.248
B7: 열원정기유지보수 | C7: =동탄!F9 -> 5408.9411 | D7: =화성!F9 -> 388.99236 | E7: =파주!F9 -> 676.55391 | F7: =광교!F9 -> 196.58753 | G7: =판교!F9 -> 196.58753 | H7: =삼송!F9 -> 166.26286 | I7: =양산!F9 -> 243.64306 | J7: =대구!F9 -> 278.15045 | K7: =청주!F9 -> 212.27271 | L7: =SUM(C7:K7) -> 7767.9915 | M7: =수원!F9 -> 196.58753 | N7: =광주전남!F9 -> 217.5011 | O7: =강남!F9 -> 613.81321 | P7: =SUM(M7:O7) -> 1027.9018 | Q7: =중앙!F9 -> 718.38104 | R7: =고양!F9 -> 562.57497 | S7: =용인!F9 -> 124.43573 | T7: =분당!F9 -> 87.836983 | U7: =세종!F9 -> 63.786381 | V7: =김해!F9 -> 55.420954 | W7: =평택!F9 -> 97.248089 | X7: =SUM(Q7:W7) -> 1709.6841 | Y7: =L7+P7+X7 -> 10505.577
B8: 열원보완및개선 | C8: =동탄!F10 -> 2547.2222 | D8: =화성!F10 -> 1279.9103 | E8: =파주!F10 -> 751.19552 | F8: =광교!F10 -> 1298.7325 | G8: =판교!F10 -> 490.42316 | H8: =삼송!F10 -> 409.90592 | I8: =양산!F10 -> 935.88215 | J8: =대구!F10 -> 807.26371 | K8: =청주!F10 -> 388.99236 | L8: =SUM(C8:K8) -> 8909.5279 | M8: =수원!F10 -> 490.42316 | N8: =광주전남!F10 -> 744.523 | O8: =강남!F10 -> 666.09712 | P8: =SUM(M8:O8) -> 1901.0433 | Q8: =중앙!F10 -> 1100.0537 | R8: =고양!F10 -> 1305.0066 | S8: =용인!F10 -> 233.18628 | T8: =분당!F10 -> 464.2812 | U8: =세종!F10 -> 350.30226 | V8: =김해!F10 -> 276.05909 | W8: =평택!F10 -> 29.278994 | X8: =SUM(Q8:W8) -> 3758.1681 | Y8: =L8+P8+X8 -> 14568.739
B9: 비저장품(보수자재) | C9: =동탄!F11-100 -> 688.59312 | D9: =화성!F11 -> 609.22268 | E9: =파주!F11 -> 568.89086 | F9: =광교!F11 -> 233.49998 | G9: =판교!F11 -> 243.05225 | H9: =삼송!F11 -> 53.068178 | I9: =양산!F11 -> 217.57953 | J9: =대구!F11 -> 360.86361 | K9: =청주!F11 -> 327.96134 | L9: =SUM(C9:K9) -> 3302.7315 | M9: =수원!F11 -> 243.05225 | N9: =광주전남!F11 -> 166.63408 | O9: =강남!F11 -> 116.74999 | P9: =SUM(M9:O9) -> 526.43632 | Q9: =중앙!F11 -> 101.8909 | R9: =고양!F11 -> 66.865904 | S9: =용인!F11 -> 64.743177 | T9: =분당!F11 -> 57.313632 | U9: =세종!F11 -> 26.534089 | V9: =김해!F11 -> 4.2454542 | W9: =평택!F11 -> 4.2454542 | X9: =SUM(Q9:W9) -> 325.83861 | Y9: =L9+P9+X9 -> 4155.0065
B10: 소모품(자재공기구) | C10: =동탄!F12 -> 88.093175 | D10: =화성!F12 -> 67.927267 | E10: =파주!F12 -> 63.681813 | F10: =광교!F12 -> 25.472725 | G10: =판교!F12 -> 26.534089 | H10: =삼송!F12 -> 6.3681813 | I10: =양산!F12 -> 24.411362 | J10: =대구!F12 -> 40.331815 | K10: =청주!F12 -> 36.086361 | L10: =SUM(C10:K10) -> 378.90679 | M10: =수원!F12 -> 26.534089 | N10: =광주전남!F12 -> 18.04318 | O10: =강남!F12 -> 12.736363 | P10: =SUM(M10:O10) -> 57.313632 | Q10: =중앙!F12 -> 11.674999 | R10: =고양!F12 -> 7.4295449 | S10: =용인!F12 -> 7.4295449 | T10: =분당!F12 -> 6.3681813 | U10: =세종!F12 -> 3.1840907 | V10: =김해!F12 -> 1.0613636 | W10: =평택!F12 -> 1.0613636 | X10: =SUM(Q10:W10) -> 38.209088 | Y10: =L10+P10+X10 -> 474.42951
B11: 계 | C11: =SUM(C4:C10) -> 25553.025 | D11: =SUM(D4:D10) -> 13283.762 | E11: =SUM(E4:E10) -> 11181.282 | F11: =SUM(F4:F10) -> 5306.5222 | G11: =SUM(G4:G10) -> 4774.1974 | H11: =SUM(H4:H10) -> 3476.6192 | I11: =SUM(I4:I10) -> 4783.4976 | J11: =SUM(J4:J10) -> 6508.9348 | K11: =SUM(K4:K10) -> 5661.3759 | L11: =SUM(C11:K11) -> 80529.216 | M11: =SUM(M4:M10) -> 4774.1974 | N11: =SUM(N4:N10) -> 4520.2898 | O11: =SUM(O4:O10) -> 4792.5897 | P11: =SUM(M11:O11) -> 14087.077 | Q11: =SUM(Q4:Q10) -> 4683.1386 | R11: =SUM(R4:R10) -> 3458.6178 | S11: =SUM(S4:S10) -> 1731.8264 | T11: =SUM(T4:T10) -> 1937.6002 | U11: =SUM(U4:U10) -> 886.22811 | V11: =SUM(V4:V10) -> 858.1621 | W11: =SUM(W4:W10) -> 346.82538 | X11: =SUM(Q11:W11) -> 13902.399 | Y11: =L11+P11+X11 -> 108518.69
A12: 지급수수료 | B12: 지급수수료 열원 | C12: =동탄!F13 -> 459.24617 | D12: =화성!F13 -> 385.85532 | E12: =파주!F13 -> 586.62557 | F12: =광교!F13 -> 244.68874 | G12: =판교!F13 -> 223.77517 | H12: =삼송!F13 -> 239.46035 | I12: =양산!F13 -> 697.46748 | J12: =대구!F13 -> 441.27627 | K12: =청주!F13 -> 459.05281 | L12: =SUM(C12:K12) -> 3737.4479 | M12: =수원!F13 -> 223.77517 | N12: =광주전남!F13 -> 812.4921 | O12: =강남!F13 -> 247.82577 | P12: =SUM(M12:O12) -> 1284.093 | Q12: =중앙!F13 -> 248.87145 | R12: =고양!F13 -> 104.56784 | S12: =용인!F13 -> 199.72457 | T12: =분당!F13 -> 67.969094 | U12: =세종!F13 -> 81.562913 | V12: =김해!F13 -> 167.30854 | W12: =평택!F13 -> 53.329597 | X12: =SUM(Q12:W12) -> 923.33401 | Y12: =L12+P12+X12 -> 5944.8749
A13: 손익예산 합계 | C13: =C12+C11 -> 26012.271 | D13: =D12+D11 -> 13669.617 | E13: =E12+E11 -> 11767.908 | F13: =F12+F11 -> 5551.2109 | G13: =G12+G11 -> 4997.9725 | H13: =H12+H11 -> 3716.0795 | I13: =I12+I11 -> 5480.965 | J13: =J12+J11 -> 6950.2111 | K13: =K12+K11 -> 6120.4287 | L13: =SUM(C13:K13) -> 84266.664 | M13: =M12+M11 -> 4997.9725 | N13: =N12+N11 -> 5332.7819 | O13: =O12+O11 -> 5040.4155 | P13: =SUM(M13:O13) -> 15371.17 | Q13: =Q12+Q11 -> 4932.01 | R13: =R12+R11 -> 3563.1857 | S13: =S12+S11 -> 1931.551 | T13: =T12+T11 -> 2005.5693 | U13: =U12+U11 -> 967.79102 | V13: =V12+V11 -> 1025.4706 | W13: =W12+W11 -> 400.15497 | X13: =SUM(Q13:W13) -> 14825.733 | Y13: =L13+P13+X13 -> 114463.57 | Z13: 101382 | AA13: =Y13/Z13 -> 1.1290324 | AB13: =Y13-Z13 -> 13081.567
A14: 건물 | C14: =동탄!F15 -> 19 | D14: =화성!F15 -> 0 | E14: =파주!F15 -> 0 | F14: =광교!F15 -> 28 | G14: =판교!F15 -> 6 | H14: =삼송!F15 -> 0 | I14: =양산!F15 -> 11 | J14: =대구!F15 -> 0 | K14: =청주!F15 -> 0 | L14: =SUM(C14:K14) -> 64 | M14: =수원!F15 -> 0 | N14: =광주전남!F15 -> 0 | O14: =강남!F15 -> 0 | P14: =SUM(M14:O14) -> 0 | Q14: =중앙!F15 -> 0 | R14: =고양!F15 -> 0 | S14: =용인!F15 -> 0 | T14: =분당!F15 -> 0 | U14: =세종!F15 -> 0 | V14: =김해!F15 -> 0 | W14: =평택!F15 -> 0 | X14: =SUM(Q14:W14) -> 0 | Y14: =L14+P14+X14 -> 64 | AA14: =Y13*0.06 -> 6867.814
A15: 구축물 | C15: =동탄!F16 -> 0 | D15: =화성!F16 -> 15 | E15: =파주!F16 -> 0 | F15: =광교!F16 -> 0 | G15: =판교!F16 -> 0 | H15: =삼송!F16 -> 0 | I15: =양산!F16 -> 0 | J15: =대구!F16 -> 0 | K15: =청주!F16 -> 0 | L15: =SUM(C15:K15) -> 15 | M15: =수원!F16 -> 0 | N15: =광주전남!F16 -> 0 | O15: =강남!F16 -> 0 | P15: =SUM(M15:O15) -> 0 | Q15: =중앙!F16 -> 0 | R15: =고양!F16 -> 0 | S15: =용인!F16 -> 0 | T15: =분당!F16 -> 0 | U15: =세종!F16 -> 0 | V15: =김해!F16 -> 0 | W15: =평택!F16 -> 0 | X15: =SUM(Q15:W15) -> 0 | Y15: =L15+P15+X15 -> 15
A16: 기계장치 | B16: 고온부품재생+LTSA | C16: =동탄!F17 -> 20754.969 | D16: =화성!F17 -> 0 | E16: =파주!F17 -> 2221 | F16: =광교!F17 -> 1547 | G16: =판교!F17 -> 0 | H16: =삼송!F17 -> 0 | I16: =양산!F17 -> 0 | J16: =대구!F17 -> 0 | K16: =청주!F17 -> 0 | L16: =SUM(C16:K16) -> 24522.969 | M16: =수원!F17 -> 0 | N16: =광주전남!F17 -> 0 | O16: =강남!F17 -> 0 | P16: =SUM(M16:O16) -> 0 | Q16: =중앙!F17 -> 0 | R16: =고양!F17 -> 0 | S16: =용인!F17 -> 0 | T16: =분당!F17 -> 0 | U16: =세종!F17 -> 0 | V16: =김해!F17 -> 0 | W16: =평택!F17 -> 0 | X16: =SUM(Q16:W16) -> 0 | Y16: =L16+P16+X16 -> 24522.969
B17: 기타기계장치 | C17: =동탄!F18 -> 649 | D17: =화성!F18 -> 1106.5646 | E17: =파주!F18 -> 1125.1531 | F17: =광교!F18 -> 747.91519 | G17: =판교!F18 -> 1197.9398 | H17: =삼송!F18 -> 295.21875 | I17: =양산!F18 -> 180 | J17: =대구!F18 -> 1423.931 | K17: =청주!F18 -> 706 | L17: =SUM(C17:K17) -> 7431.7225 | M17: =수원!F18 -> 367.35867 | N17: =광주전남!F18 -> 1568.6953 | O17: =강남!F18 -> 1412.7115 | P17: =SUM(M17:O17) -> 3348.7655 | Q17: =중앙!F18 -> 970.08629 | R17: =고양!F18 -> 1203.5863 | S17: =용인!F18 -> 589.05677 | T17: =분당!F18 -> 979.63856 | U17: =세종!F18 -> 79.602266 | V17: =김해!F18 -> 83.84772 | W17: =평택!F18 -> 9.552272 | X17: =SUM(Q17:W17) -> 3915.3701 | Y17: =L17+P17+X17 -> 14695.858
B18: 계 | C18: =SUM(C16:C17) -> 21403.969 | D18: =SUM(D16:D17) -> 1106.5646 | E18: =SUM(E16:E17) -> 3346.1531 | F18: =SUM(F16:F17) -> 2294.9152 | G18: =SUM(G16:G17) -> 1197.9398 | H18: =SUM(H16:H17) -> 295.21875 | I18: =SUM(I16:I17) -> 180 | J18: =SUM(J16:J17) -> 1423.931 | K18: =SUM(K16:K17) -> 706 | L18: =SUM(C18:K18) -> 31954.691 | M18: =SUM(M16:M17) -> 367.35867 | N18: =SUM(N16:N17) -> 1568.6953 | O18: =SUM(O16:O17) -> 1412.7115 | P18: =SUM(M18:O18) -> 3348.7655 | Q18: =SUM(Q16:Q17) -> 970.08629 | R18: =SUM(R16:R17) -> 1203.5863 | S18: =SUM(S16:S17) -> 589.05677 | T18: =SUM(T16:T17) -> 979.63856 | U18: =SUM(U16:U17) -> 79.602266 | V18: =SUM(V16:V17) -> 83.84772 | W18: =SUM(W16:W17) -> 9.552272 | X18: =SUM(Q18:W18) -> 3915.3701 | Y18: =L18+P18+X18 -> 39218.827
A19: 건가-외주비 | B19: MI 및 A급 정비 | C19: =동탄!F19 -> 5075 | D19: =화성!F19 -> 0 | E19: =파주!F19 -> 0 | F19: =광교!F19 -> 0 | G19: =판교!F19 -> 0 | H19: =삼송!F19 -> 0 | I19: =양산!F19 -> 0 | J19: =대구!F19 -> 0 | K19: =청주!F19 -> 0 | L19: =SUM(C19:K19) -> 5075 | M19: =수원!F19 -> 0 | N19: =광주전남!F19 -> 0 | O19: =강남!F19 -> 0 | P19: =SUM(M19:O19) -> 0 | Q19: =중앙!F19 -> 0 | R19: =고양!F19 -> 0 | S19: =용인!F19 -> 0 | T19: =분당!F19 -> 0 | U19: =세종!F19 -> 0 | V19: =김해!F19 -> 0 | W19: =평택!F19 -> 0 | X19: =SUM(Q19:W19) -> 0 | Y19: =L19+P19+X19 -> 5075
A20: 공구와기구 | C20: =동탄!F20 -> 297.41657 | D20: =화성!F20 -> 76 | E20: =파주!F20 -> 431.86517 | F20: =광교!F20 -> 12.208294 | G20: =판교!F20 -> 35.515037 | H20: =삼송!F20 -> 19 | I20: =양산!F20 -> 5 | J20: =대구!F20 -> 328 | K20: =청주!F20 -> 3 | L20: =SUM(C20:K20) -> 1208.0051 | M20: =수원!F20 -> 150 | N20: =광주전남!F20 -> 77.689144 | O20: =강남!F20 -> 30 | P20: =SUM(M20:O20) -> 257.68914 | Q20: =중앙!F20 -> 0 | R20: =고양!F20 -> 21 | S20: =용인!F20 -> 0 | T20: =분당!F20 -> 0 | U20: =세종!F20 -> 0 | V20: =김해!F20 -> 0 | W20: =평택!F20 -> 0 | X20: =SUM(Q20:W20) -> 21 | Y20: =L20+P20+X20 -> 1486.6942
A21: 예비품 | B21: 재생고온부품 | C21: =동탄!F21 -> 0 | D21: =화성!F21 -> 20511 | E21: =파주!F21 -> 0 | F21: =광교!F21 -> 0 | G21: =판교!F21 -> 0 | H21: =삼송!F21 -> 0 | I21: =양산!F21 -> 0 | J21: =대구!F21 -> 0 | K21: =청주!F21 -> 17899 | L21: =SUM(C21:K21) -> 38410 | M21: =수원!F21 -> 0 | N21: =광주전남!F21 -> 0 | O21: =강남!F21 -> 0 | P21: =SUM(M21:O21) -> 0 | Q21: =중앙!F21 -> 0 | R21: =고양!F21 -> 0 | S21: =용인!F21 -> 0 | T21: =분당!F21 -> 0 | U21: =세종!F21 -> 0 | V21: =김해!F21 -> 0 | W21: =평택!F21 -> 0 | X21: =SUM(Q21:W21) -> 0 | Y21: =L21+P21+X21 -> 38410
B22: 자산화예비품 | C22: =동탄!F22 -> 867.5 | D22: =화성!F22 -> 1084.6957 | E22: =파주!F22 -> 18 | F22: =광교!F22 -> 162.36138 | G22: =판교!F22 -> 180 | H22: =삼송!F22 -> 50 | I22: =양산!F22 -> 149.82906 | J22: =대구!F22 -> 1985.8112 | K22: =청주!F22 -> 358 | L22: =SUM(C22:K22) -> 4856.1974 | M22: =수원!F22 -> 159.20453 | N22: =광주전남!F22 -> 386 | O22: =강남!F22 -> 107 | P22: =SUM(M22:O22) -> 652.20453 | Q22: =중앙!F22 -> 29 | R22: =고양!F22 -> 0 | S22: =용인!F22 -> 0 | T22: =분당!F22 -> 0 | U22: =세종!F22 -> 0 | V22: =김해!F22 -> 0 | W22: =평택!F22 -> 0 | X22: =SUM(Q22:W22) -> 29 | Y22: =L22+P22+X22 -> 5537.4019
B23: 저장품 | C23: =동탄!F23 -> 2 | D23: =화성!F23 -> 107 | E23: =파주!F23 -> 126 | F23: =광교!F23 -> 13 | G23: =판교!F23 -> 54 | H23: =삼송!F23 -> 20 | I23: =양산!F23 -> 91 | J23: =대구!F23 -> 170 | K23: =청주!F23 -> 84 | L23: =SUM(C23:K23) -> 667 | M23: =수원!F23 -> 43.5 | N23: =광주전남!F23 -> 84 | O23: =강남!F23 -> 44.393797 | P23: =SUM(M23:O23) -> 171.8938 | Q23: =중앙!F23 -> 0 | R23: =고양!F23 -> 10 | S23: =용인!F23 -> 0 | T23: =분당!F23 -> 0 | U23: =세종!F23 -> 0 | V23: =김해!F23 -> 0 | W23: =평택!F23 -> 0 | X23: =SUM(Q23:W23) -> 10 | Y23: =L23+P23+X23 -> 848.8938
B24: 계 | C24: =SUM(C21:C23) -> 869.5 | D24: =SUM(D21:D23) -> 21702.696 | E24: =SUM(E21:E23) -> 144 | F24: =SUM(F21:F23) -> 175.36138 | G24: =SUM(G21:G23) -> 234 | H24: =SUM(H21:H23) -> 70 | I24: =SUM(I21:I23) -> 240.82906 | J24: =SUM(J21:J23) -> 2155.8112 | K24: =SUM(K21:K23) -> 18341 | L24: =SUM(C24:K24) -> 43933.197 | M24: =SUM(M21:M23) -> 202.70453 | N24: =SUM(N21:N23) -> 470 | O24: =SUM(O21:O23) -> 151.3938 | P24: =SUM(M24:O24) -> 824.09833 | Q24: =SUM(Q21:Q23) -> 29 | R24: =SUM(R21:R23) -> 10 | S24: =SUM(S21:S23) -> 0 | T24: =SUM(T21:T23) -> 0 | U24: =SUM(U21:U23) -> 0 | V24: =SUM(V21:V23) -> 0 | W24: =SUM(W21:W23) -> 0 | X24: =SUM(Q24:W24) -> 39 | Y24: =L24+P24+X24 -> 44796.296
A25: 자본예산 합계 | C25: =C14+C15+C19+C18+C20+C24 -> 27664.886 | D25: =D14+D15+D19+D18+D20+D24 -> 22900.26 | E25: =E14+E15+E19+E18+E20+E24 -> 3922.0183 | F25: =F14+F15+F19+F18+F20+F24 -> 2510.4849 | G25: =G14+G15+G19+G18+G20+G24 -> 1473.4548 | H25: =H14+H15+H19+H18+H20+H24 -> 384.21875 | I25: =I14+I15+I19+I18+I20+I24 -> 436.82906 | J25: =J14+J15+J19+J18+J20+J24 -> 3907.7422 | ... Y25: =Y14+Y15+Y19+Y18+Y20+Y24 -> 90655.817
A26: 투자비 | B26: 열원공사비 등 | C26: =동탄!F25 -> 1208.4905 | D26: =화성!F25 -> 353.54386 | E26: =파주!F25 -> 448.70059 | F26: =광교!F25 -> 144.30362 | G26: =판교!F25 -> 1461.8584 | H26: =삼송!F25 -> 741.38597 | I26: =양산!F25 -> 2.0913567 | J26: =대구!F25 -> 668.18848 | K26: =청주!F25 -> 3102.5277 | L26: =SUM(C26:K26) -> 8131.0905 | M26: =수원!F25 -> 44.96417 | N26: =광주전남!F25 -> 555.25522 | O26: =강남!F25 -> 1307.098 | P26: =SUM(M26:O26) -> 1907.3174 | Q26: =중앙!F25 -> 1089.978 | R26: =고양!F25 -> 723.21795 | S26: =용인!F25 -> 563.53307 | T26: =분당!F25 -> 0 | U26: =세종!F25 -> 0 | V26: =김해!F25 -> 269.91895 | W26: =평택!F25 -> 0 | X26: =SUM(Q26:W26) -> 2646.648 | Y26: =L26+P26+X26 -> 12685.056
B31: 건물/구축물 | C31: =INT(C4*0.9)-90 -> 804 | D31: =INT(D4*0.9) -> 345 | E31: =INT(E4*0.9)-120 -> 625 | F31: =INT(F4*0.9) -> 41 | G31: =INT(G4*0.9) -> 287 | H31: =INT(H4*0.9) -> 270 | I31: =INT(I4*0.9) -> 153 | J31: =INT(J4*0.9) -> 2 | K31: =INT(K4*0.9) -> 28 | M31: =INT(M4*0.9) -> 287 | N31: =INT(N4*0.9) -> 224 | O31: =INT(O4*0.9) -> 151 | Q31: =INT(Q4*0.9) -> 194 | R31: =INT(R4*0.9) -> 99 | S31: =INT(S4*0.9) -> 80 | T31: =INT(T4*0.9) -> 37 | U31: =INT(U4*0.9) -> 30 | V31: =INT(V4*0.9) -> 141 | W31: =INT(W4*0.9) -> 0 | Y31: =SUM(C31:X31) -> 3798
B32: 열원정기점검 | C32: =INT(C5*0.9) -> 6626 | D32: =INT(D5*0.9) -> 3614 | E32: =INT(E5*0.9) -> 1964 | F32: =INT(F5*0.9) -> 895 | G32: =INT(G5*0.9) -> 801 | H32: =INT(H5*0.9) -> 594 | I32: =INT(I5*0.9) -> 763 | J32: =INT(J5*0.9) -> 1027 | K32: =INT(K5*0.9) -> 1027 | M32: =INT(M5*0.9) -> 801 | N32: =INT(N5*0.9) -> 1141 | O32: =INT(O5*0.9) -> 1721 | Q32: =INT(Q5*0.9) -> 1264 | R32: =INT(R5*0.9) -> 597 | S32: =INT(S5*0.9) -> 444 | T32: =INT(T5*0.9) -> 575 | U32: =INT(U5*0.9) -> 107 | V32: =INT(V5*0.9) -> 289 | W32: =INT(W5*0.9) -> 155 | Y32: =SUM(C32:X32) -> 24405
B33: 열원경상정비 | C33: =C6 -> 8463.313 | D33: =D6 -> 6537.9995 | E33: =E6 -> 6110.27 | F33: =F6 -> 2511.1862 | G33: =G6 -> 2606.7089 | H33: =H6 -> 1880.7362 | I33: =I6 -> 2343.4907 | J33: =J6 -> 3877.1611 | K33: =K6 -> 3522.6656 | M33: =M6 -> 2606.7089 | N33: =N6 -> 1855.2635 | O33: =O6 -> 1302.2931 | Q33: =Q6 -> 1129.2908 | R33: =R6 -> 741.89312 | S33: =S6 -> 718.54312 | T33: =T6 -> 641.06358 | U33: =U6 -> 289.75225 | V33: =V6 -> 42.454542 | W33: =W6 -> 42.454542 | Y33: =Y6 -> 47223.248
B34: 열원정기유지보수 | C34: =INT(C7*0.9) -> 4868 | D34: =INT(D7*0.9) -> 350 | E34: =INT(E7*0.9) -> 608 | F34: =INT(F7*0.9) -> 176 | G34: =INT(G7*0.9) -> 176 | H34: =INT(H7*0.9) -> 149 | I34: =INT(I7*0.9) -> 219 | J34: =INT(J7*0.9) -> 250 | K34: =INT(K7*0.9) -> 191 | M34: =INT(M7*0.9) -> 176 | N34: =INT(N7*0.9) -> 195 | O34: =INT(O7*0.9) -> 552 | Q34: =INT(Q7*0.9) -> 646 | R34: =INT(R7*0.9) -> 506 | S34: =INT(S7*0.9) -> 111 | T34: =INT(T7*0.9) -> 79 | U34: =INT(U7*0.9) -> 57 | V34: =INT(V7*0.9) -> 49 | W34: =INT(W7*0.9) -> 87 | Y34: =SUM(C34:X34) -> 9445
B35: 열원보완및개선 | C35: =INT(C8*0.9) -> 2292 | D35: =INT(D8*0.9) -> 1151 | E35: =INT(E8*0.9) -> 676 | F35: =INT(F8*0.9) -> 1168 | G35: =INT(G8*0.9) -> 441 | H35: =INT(H8*0.9) -> 368 | I35: =INT(I8*0.9) -> 842 | J35: =INT(J8*0.9) -> 726 | K35: =INT(K8*0.9) -> 350 | M35: =INT(M8*0.9) -> 441 | N35: =INT(N8*0.9) -> 670 | O35: =INT(O8*0.9) -> 599 | Q35: =INT(Q8*0.9) -> 990 | R35: =INT(R8*0.9) -> 1174 | S35: =INT(S8*0.9) -> 209 | T35: =INT(T8*0.9) -> 417 | U35: =INT(U8*0.9) -> 315 | V35: =INT(V8*0.9) -> 248 | W35: =INT(W8*0.9) -> 26 | Y35: =SUM(C35:X35) -> 13103
B36: 비저장품(보수자재) | C36: =INT(C9*0.9) -> 619 | D36: =INT(D9*0.9) -> 548 | E36: =INT(E9*0.9) -> 512 | F36: =INT(F9*0.9) -> 210 | G36: =INT(G9*0.9) -> 218 | H36: =INT(H9*0.9) -> 47 | I36: =INT(I9*0.9) -> 195 | J36: =INT(J9*0.9) -> 324 | K36: =INT(K9*0.9) -> 295 | M36: =INT(M9*0.9) -> 218 | N36: =INT(N9*0.9) -> 149 | O36: =INT(O9*0.9) -> 105 | Q36: =INT(Q9*0.9) -> 91 | R36: =INT(R9*0.9) -> 60 | S36: =INT(S9*0.9) -> 58 | T36: =INT(T9*0.9) -> 51 | U36: =INT(U9*0.9) -> 23 | V36: =INT(V9*0.9) -> 3 | W36: =INT(W9*0.9) -> 3 | Y36: =SUM(C36:X36) -> 3729
B37: 소모품(자재공기구) | C37: =INT(C10*0.9) -> 79 | D37: =INT(D10*0.9) -> 61 | E37: =INT(E10*0.9) -> 57 | F37: =INT(F10*0.9) -> 22 | G37: =INT(G10*0.9) -> 23 | H37: =INT(H10*0.9) -> 5 | I37: =INT(I10*0.9) -> 21 | J37: =INT(J10*0.9) -> 36 | K37: =INT(K10*0.9) -> 32 | M37: =INT(M10*0.9) -> 23 | N37: =INT(N10*0.9) -> 16 | O37: =INT(O10*0.9) -> 11 | Q37: =INT(Q10*0.9) -> 10 | R37: =INT(R10*0.9) -> 6 | S37: =INT(S10*0.9) -> 6 | T37: =INT(T10*0.9) -> 5 | U37: =INT(U10*0.9) -> 2 | V37: =INT(V10*0.9) -> 0 | W37: =INT(W10*0.9) -> 0 | Y37: =SUM(C37:X37) -> 415
B39: 지급수수료 열원 | C39: =INT(C12*0.9) -> 413 | D39: =INT(D12*0.9) -> 347 | E39: =INT(E12*0.9) -> 527 | F39: =INT(F12*0.9) -> 220 | G39: =INT(G12*0.9) -> 201 | H39: =INT(H12*0.9) -> 215 | I39: =INT(I12*0.9) -> 627 | J39: =INT(J12*0.9) -> 397 | K39: =INT(K12*0.9) -> 413 | M39: =INT(M12*0.9) -> 201 | N39: =INT(N12*0.9) -> 731 | O39: =INT(O12*0.9) -> 223 | Q39: =INT(Q12*0.9) -> 223 | R39: =INT(R12*0.9) -> 94 | S39: =INT(S12*0.9) -> 179 | T39: =INT(T12*0.9) -> 61 | U39: =INT(U12*0.9) -> 73 | V39: =INT(V12*0.9) -> 150 | W39: =INT(W12*0.9) -> 47 | Y39: =SUM(C39:X39) -> 5342
Y40: =SUM(Y31:Y39) -> 107460.25 | Z40: =Y13-Y40 -> 7003.3184
C41: =C14 -> 19 | D41: =D14 -> 0 | E41: =E14 -> 0 | F41: =F14 -> 28 | G41: =G14 -> 6 | H41: =H14 -> 0 | I41: =I14 -> 11 | J41: =J14 -> 0 | K41: =K14 -> 0 | M41: =M14 -> 0 | N41: =N14 -> 0 | O41: =O14 -> 0 | Q41: =Q14 -> 0 | R41: =R14 -> 0 | S41: =S14 -> 0 | T41: =T14 -> 0 | U41: =U14 -> 0 | V41: =V14 -> 0 | W41: =W14 -> 0
C42: =C15 -> 0 | D42: =D15 -> 15 | E42: =E15 -> 0 | F42: =F15 -> 0 | G42: =G15 -> 0 | H42: =H15 -> 0 | I42: =I15 -> 0 | J42: =J15 -> 0 | K42: =K15 -> 0 | M42: =M15 -> 0 | N42: =N15 -> 0 | O42: =O15 -> 0 | Q42: =Q15 -> 0 | R42: =R15 -> 0 | S42: =S15 -> 0 | T42: =T15 -> 0 | U42: =U15 -> 0 | V42: =V15 -> 0 | W42: =W15 -> 0
C43: =C16 -> 20754.969 | D43: =D16 -> 0 | E43: =E16 -> 2221 | F43: =F16 -> 1547 | G43: =G16 -> 0 | H43: =H16 -> 0 | I43: =I16 -> 0 | J43: =J16 -> 0 | K43: =K16 -> 0 | M43: =M16 -> 0 | N43: =N16 -> 0 | O43: =O16 -> 0 | Q43: =Q16 -> 0 | R43: =R16 -> 0 | S43: =S16 -> 0 | T43: =T16 -> 0 | U43: =U16 -> 0 | V43: =V16 -> 0 | W43: =W16 -> 0
B44: 기타기계장치 | C44: =INT(C17*0.9) -> 584 | D44: =INT(D17*0.9) -> 995 | E44: =INT(E17*0.9) -> 1012 | F44: =INT(F17*0.9) -> 673 | G44: =INT(G17*0.9) -> 1078 | H44: =INT(H17*0.9) -> 265 | I44: =INT(I17*0.9) -> 162 | J44: =INT(J17*0.9) -> 1281 | K44: =INT(K17*0.9) -> 635 | M44: =INT(M17*0.9) -> 330 | N44: =INT(N17*0.9) -> 1411 | O44: =INT(O17*0.9) -> 1271 | Q44: =INT(Q17*0.9) -> 873 | R44: =INT(R17*0.9) -> 1083 | S44: =INT(S17*0.9) -> 530 | T44: =INT(T17*0.9) -> 881 | U44: =INT(U17*0.9) -> 71 | V44: =INT(V17*0.9) -> 75 | W44: =INT(W17*0.9) -> 8
C45: =C43+C44 -> 21338.969 | D45: =D43+D44 -> 995 | E45: =E43+E44 -> 3233 | F45: =F43+F44 -> 2220 | G45: =G43+G44 -> 1078 | H45: =H43+H44 -> 265 | I45: =I43+I44 -> 162 | J45: =J43+J44 -> 1281 | ... W45: =W43+W44 -> 8
C46: =C19 -> 5075 | D46: =D19 -> 0 | E46: =E19 -> 0 | F46: =F19 -> 0 | G46: =G19 -> 0 | H46: =H19 -> 0 | I46: =I19 -> 0 | J46: =J19 -> 0 | K46: =K19 -> 0 | M46: =M19 -> 0 | N46: =N19 -> 0 | O46: =O19 -> 0 | Q46: =Q19 -> 0 | R46: =R19 -> 0 | S46: =S19 -> 0 | T46: =T19 -> 0 | U46: =U19 -> 0 | V46: =V19 -> 0 | W46: =W19 -> 0
C47: =C20 -> 297.41657 | D47: =D20 -> 76 | E47: =E20 -> 431.86517 | F47: =F20 -> 12.208294 | G47: =G20 -> 35.515037 | H47: =H20 -> 19 | I47: =I20 -> 5 | J47: =J20 -> 328 | K47: =K20 -> 3 | M47: =M20 -> 150 | N47: =N20 -> 77.689144 | O47: =O20 -> 30 | Q47: =Q20 -> 0 | R47: =R20 -> 21 | S47: =S20 -> 0 | T47: =T20 -> 0 | U47: =U20 -> 0 | V47: =V20 -> 0 | W47: =W20 -> 0
C48: =C21 -> 0 | D48: =D21 -> 20511 | E48: =E21 -> 0 | F48: =F21 -> 0 | G48: =G21 -> 0 | H48: =H21 -> 0 | I48: =I21 -> 0 | J48: =J21 -> 0 | K48: =K21 -> 17899 | M48: =M21 -> 0 | N48: =N21 -> 0 | O48: =O21 -> 0 | Q48: =Q21 -> 0 | R48: =R21 -> 0 | S48: =S21 -> 0 | T48: =T21 -> 0 | U48: =U21 -> 0 | V48: =V21 -> 0 | W48: =W21 -> 0
C49: =C22 -> 867.5 | D49: =D22 -> 1084.6957 | E49: =E22 -> 18 | F49: =F22 -> 162.36138 | G49: =G22 -> 180 | H49: =H22 -> 50 | I49: =I22 -> 149.82906 | J49: =J22 -> 1985.8112 | K49: =K22 -> 358 | M49: =M22 -> 159.20453 | N49: =N22 -> 386 | O49: =O22 -> 107 | Q49: =Q22 -> 29 | R49: =R22 -> 0 | S49: =S22 -> 0 | T49: =T22 -> 0 | U49: =U22 -> 0 | V49: =V22 -> 0 | W49: =W22 -> 0
C50: =C23 -> 2 | D50: =D23 -> 107 | E50: =E23 -> 126 | F50: =F23 -> 13 | G50: =G23 -> 54 | H50: =H23 -> 20 | I50: =I23 -> 91 | J50: =J23 -> 170 | K50: =K23 -> 84 | M50: =M23 -> 43.5 | N50: =N23 -> 84 | O50: =O23 -> 44.393797 | Q50: =Q23 -> 0 | R50: =R23 -> 10 | S50: =S23 -> 0 | T50: =T23 -> 0 | U50: =U23 -> 0 | V50: =V23 -> 0 | W50: =W23 -> 0
C51: =C24 -> 869.5 | D51: =D24 -> 21702.696 | E51: =E24 -> 144 | F51: =F24 -> 175.36138 | G51: =G24 -> 234 | H51: =H24 -> 70 | I51: =I24 -> 240.82906 | J51: =J24 -> 2155.8112 | K51: =K24 -> 18341 | M51: =M24 -> 202.70453 | N51: =N24 -> 470 | O51: =O24 -> 151.3938 | Q51: =Q24 -> 29 | R51: =R24 -> 10 | S51: =S24 -> 0 | T51: =T24 -> 0 | U51: =U24 -> 0 | V51: =V24 -> 0 | W51: =W24 -> 0
C52: =C41+C42+C46+C45+C47+C51 -> 27599.886 | D52: =D41+D42+D46+D45+D47+D51 -> 22788.696 | E52: =E41+E42+E46+E45+E47+E51 -> 3808.8652 | F52: =F41+F42+F46+F45+F47+F51 -> 2435.5697 | G52: =G41+G42+G46+G45+G47+G51 -> 1353.515 | H52: =H41+H42+H46+H45+H47+H51 -> 354 | I52: =I41+I42+I46+I45+I47+I51 -> 418.82906 | J52: =J41+J42+J46+J45+J47+J51 -> 3764.8112 | ... W52: =W41+W42+W46+W45+W47+W51 -> 8 | Y52: =SUM(C52:W52) -> 89177.959
C53: =C26 -> 1208.4905 | D53: =D26 -> 353.54386 | E53: =E26 -> 448.70059 | F53: =F26 -> 144.30362 | G53: =G26 -> 1461.8584 | H53: =H26 -> 741.38597 | I53: =I26 -> 2.0913567 | J53: =J26 -> 668.18848 | K53: =K26 -> 3102.5277 | M53: =M26 -> 44.96417 | N53: =N26 -> 555.25522 | O53: =O26 -> 1307.098 | Q53: =Q26 -> 1089.978 | R53: =R26 -> 723.21795 | S53: =S26 -> 563.53307 | T53: =T26 -> 0 | U53: =U26 -> 0 | V53: =V26 -> 269.91895 | W53: =W26 -> 0 | Y53: =SUM(C53:X53) -> 12685.056
C54: =C27 -> 0 | D54: =D27 -> 0 | E54: =E27 -> 0 | F54: =F27 -> 0 | G54: =G27 -> 0 | H54: =H27 -> 0 | I54: =I27 -> 0 | J54: =J27 -> 0 | K54: =K27 -> 0 | M54: =M27 -> 0 | N54: =N27 -> 0 | O54: =O27 -> 0 | Q54: =Q27 -> 0 | R54: =R27 -> 0 | S54: =S27 -> 0 | T54: =T27 -> 0 | U54: =U27 -> 0 | V54: =V27 -> 0 | W54: =W27 -> 0
C55: =C28 -> 0 | D55: =D28 -> 0 | E55: =E28 -> 0 | F55: =F28 -> 0 | G55: =G28 -> 0 | H55: =H28 -> 0 | I55: =I28 -> 0 | J55: =J28 -> 0 | K55: =K28 -> 0 | M55: =M28 -> 0 | N55: =N28 -> 0 | O55: =O28 -> 0 | Q55: =Q28 -> 0 | R55: =R28 -> 0 | S55: =S28 -> 0 | T55: =T28 -> 0 | U55: =U28 -> 0 | V55: =V28 -> 0 | W55: =W28 -> 0
C56: =C29 -> 0 | D56: =D29 -> 0 | E56: =E29 -> 0 | F56: =F29 -> 0 | G56: =G29 -> 0 | H56: =H29 -> 0 | I56: =I29 -> 0 | J56: =J29 -> 0 | K56: =K29 -> 0 | M56: =M29 -> 0 | N56: =N29 -> 0 | O56: =O29 -> 0 | Q56: =Q29 -> 0 | R56: =R29 -> 0 | S56: =S29 -> 0 | T56: =T29 -> 0 | U56: =U29 -> 0 | V56: =V29 -> 0 | W56: =W29 -> 0

Sheet 30년
Y2: [단위 : 백만원]
A3: 2030년 | C3: 동탄 | D3: 화성 | E3: 파주 | F3: 광교 | G3: 판교 | H3: 삼송 | I3: 양산 | J3: 대구 | K3: 청주 | L3: 소계 | M3: 수원 | N3: 광주전남 | O3: 강남 | P3: 소계 | Q3: 중앙 | R3: 고양 | S3: 용인 | T3: 분당 | U3: 세종 | V3: 김해 | W3: 평택 | X3: 소계 | Y3: 합계
A4: 수선유지비 | B4: 건물/구축물 | C4: =동탄!G6 -> 1009.3567 | D4: =화성!G6 -> 389.52042 | E4: =파주!G6 -> 840.59993 | F4: =광교!G6 -> 46.699996 | G4: =판교!G6 -> 324.77725 | H4: =삼송!G6 -> 304.61134 | I4: =양산!G6 -> 173.00226 | J4: =대구!G6 -> 3.1840907 | K4: =청주!G6 -> 31.840907 | L4: =SUM(C4:K4) -> 3123.5929 | M4: =수원!G6 -> 324.77725 | N4: =광주전남!G6 -> 253.66589 | O4: =강남!G6 -> 170.87953 | P4: =SUM(M4:O4) -> 749.32267 | Q4: =중앙!G6 -> 219.70225 | R4: =고양!G6 -> 112.50454 | S4: =용인!G6 -> 91.277265 | T4: =분당!G6 -> 42.454542 | U4: =세종!G6 -> 33.963634 | V4: =김해!G6 -> 159.20453 | W4: =평택!G6 -> 0 | X4: =SUM(Q4:W4) -> 659.10676 | Y4: =L4+P4+X4 -> 4532.0224
B5: 열원정기점검 | C5: =동탄!G7 -> 3508.8594 | D5: =화성!G7 -> 1403.6098 | E5: =파주!G7 -> 4267.7428 | F5: =광교!G7 -> 1125.7618 | G5: =판교!G7 -> 1812.5266 | H5: =삼송!G7 -> 670.07065 | I5: =양산!G7 -> 860.76584 | J5: =대구!G7 -> 1115.4492 | K5: =청주!G7 -> 1159.1576 | L5: =SUM(C5:K5) -> 15923.944 | M5: =수원!G7 -> 904.27758 | N5: =광주전남!G7 -> 1287.434 | O5: =강남!G7 -> 1941.2339 | P5: =SUM(M5:O5) -> 4132.9455 | Q5: =중앙!G7 -> 1426.4726 | R5: =고양!G7 -> 673.96585 | S5: =용인!G7 -> 500.9636 | T5: =분당!G7 -> 648.49313 | U5: =세종!G7 -> 120.99544 | V5: =김해!G7 -> 326.89997 | W5: =평택!G7 -> 175.12499 | X5: =SUM(Q5:W5) -> 3872.9156 | Y5: =L5+P5+X5 -> 23929.805
B6: 열원경상정비 | C6: =동탄!G8 -> 8590.2626 | D6: =화성!G8 -> 6636.0695 | E6: =파주!G8 -> 6201.924 | F6: =광교!G8 -> 2548.854 | G6: =판교!G8 -> 2645.8095 | H6: =삼송!G8 -> 1908.9473 | I6: =양산!G8 -> 2378.6431 | J6: =대구!G8 -> 3935.3185 | K6: =청주!G8 -> 3575.5056 | L6: =SUM(C6:K6) -> 38421.334 | M6: =수원!G8 -> 2645.8095 | N6: =광주전남!G8 -> 1883.0924 | O6: =강남!G8 -> 1321.8275 | P6: =SUM(M6:O6) -> 5850.7294 | Q6: =중앙!G8 -> 1146.2302 | R6: =고양!G8 -> 753.02152 | S6: =용인!G8 -> 729.32127 | T6: =분당!G8 -> 650.67954 | U6: =세종!G8 -> 294.09853 | V6: =김해!G8 -> 43.09136 | W6: =평택!G8 -> 43.09136 | X6: =SUM(Q6:W6) -> 3659.5338 | Y6: =L6+P6+X6 -> 47931.597
B7: 열원정기유지보수 | C7: =동탄!G9 -> 5487.8652 | D7: =화성!G9 -> 394.82724 | E7: =파주!G9 -> 686.70222 | F7: =광교!G9 -> 199.53635 | G7: =판교!G9 -> 199.53635 | H7: =삼송!G9 -> 168.7568 | I7: =양산!G9 -> 247.29771 | J7: =대구!G9 -> 282.3227 | K7: =청주!G9 -> 215.4568 | L7: =SUM(C7:K7) -> 7882.3014 | M7: =수원!G9 -> 199.53635 | N7: =광주전남!G9 -> 220.76362 | O7: =강남!G9 -> 623.0204 | P7: =SUM(M7:O7) -> 1043.3204 | Q7: =중앙!G9 -> 729.15676 | R7: =고양!G9 -> 571.01359 | S7: =용인!G9 -> 126.30226 | T7: =분당!G9 -> 89.154538 | U7: =세종!G9 -> 64.743177 | V7: =김해!G9 -> 56.252268 | W7: =평택!G9 -> 98.70681 | X7: =SUM(Q7:W7) -> 1735.3294 | Y7: =L7+P7+X7 -> 10660.951
B8: 열원보완및개선 | C8: =동탄!G10 -> 2405.0746 | D8: =화성!G10 -> 903.18414 | E8: =파주!G10 -> 762.46346 | F8: =광교!G10 -> 1318.2135 | G8: =판교!G10 -> 497.77951 | H8: =삼송!G10 -> 416.05451 | I8: =양산!G10 -> 949.92038 | J8: =대구!G10 -> 819.37266 | K8: =청주!G10 -> 394.82724 | L8: =SUM(C8:K8) -> 8466.89 | M8: =수원!G10 -> 497.77951 | N8: =광주전남!G10 -> 755.69085 | O8: =강남!G10 -> 676.08858 | P8: =SUM(M8:O8) -> 1929.5589 | Q8: =중앙!G10 -> 1116.5545 | R8: =고양!G10 -> 1324.5817 | S8: =용인!G10 -> 236.68407 | T8: =분당!G10 -> 471.24542 | U8: =세종!G10 -> 355.55679 | V8: =김해!G10 -> 280.19998 | W8: =평택!G10 -> 29.718179 | X8: =SUM(Q8:W8) -> 3814.5406 | Y8: =L8+P8+X8 -> 14210.99
B9: 비저장품(보수자재) | C9: =동탄!G11 -> 800.42201 | D9: =화성!G11 -> 618.36102 | E9: =파주!G11 -> 577.42423 | F9: =광교!G11 -> 237.00248 | G9: =판교!G11 -> 246.69804 | H9: =삼송!G11 -> 53.8642 | I9: =양산!G11 -> 220.84322 | J9: =대구!G11 -> 366.27656 | K9: =청주!G11 -> 332.88076 | L9: =SUM(C9:K9) -> 3453.7725 | M9: =수원!G11 -> 246.69804 | N9: =광주전남!G11 -> 169.13359 | O9: =강남!G11 -> 118.50124 | P9: =SUM(M9:O9) -> 534.33287 | Q9: =중앙!G11 -> 103.41926 | R9: =고양!G11 -> 67.868892 | S9: =용인!G11 -> 65.714324 | T9: =분당!G11 -> 58.173336 | U9: =세종!G11 -> 26.9321 | V9: =김해!G11 -> 4.309136 | W9: =평택!G11 -> 4.309136 | X9: =SUM(Q9:W9) -> 330.72619 | Y9: =L9+P9+X9 -> 4318.8316
B10: 소모품(자재공기구) | C10: =동탄!G12 -> 89.414572 | D10: =화성!G12 -> 68.946176 | E10: =파주!G12 -> 64.63704 | F10: =광교!G12 -> 25.854816 | G10: =판교!G12 -> 26.9321 | H10: =삼송!G12 -> 6.463704 | I10: =양산!G12 -> 24.777532 | J10: =대구!G12 -> 40.936792 | K10: =청주!G12 -> 36.627656 | L10: =SUM(C10:K10) -> 384.59039 | M10: =수원!G12 -> 26.9321 | N10: =광주전남!G12 -> 18.313828 | O10: =강남!G12 -> 12.927408 | P10: =SUM(M10:O10) -> 58.173336 | Q10: =중앙!G12 -> 11.850124 | R10: =고양!G12 -> 7.540988 | S10: =용인!G12 -> 7.540988 | T10: =분당!G12 -> 6.463704 | U10: =세종!G12 -> 3.231852 | V10: =김해!G12 -> 1.077284 | W10: =평택!G12 -> 1.077284 | X10: =SUM(Q10:W10) -> 38.782224 | Y10: =L10+P10+X10 -> 481.54595
B11: 계 | C11: =SUM(C4:C10) -> 21891.255 | D11: =SUM(D4:D10) -> 10414.518 | E11: =SUM(E4:E10) -> 13401.494 | F11: =SUM(F4:F10) -> 5501.9229 | G11: =SUM(G4:G10) -> 5754.0593 | H11: =SUM(H4:H10) -> 3528.7685 | I11: =SUM(I4:I10) -> 4855.25 | J11: =SUM(J4:J10) -> 6562.8604 | K11: =SUM(K4:K10) -> 5746.2966 | L11: =SUM(C11:K11) -> 77656.425 | M11: =SUM(M4:M10) -> 4845.8103 | N11: =SUM(N4:N10) -> 4588.0942 | O11: =SUM(O4:O10) -> 4864.4786 | P11: =SUM(M11:O11) -> 14298.383 | Q11: =SUM(Q4:Q10) -> 4753.3857 | R11: =SUM(R4:R10) -> 3510.4971 | S11: =SUM(S4:S10) -> 1757.8038 | T11: =SUM(T4:T10) -> 1966.6642 | U11: =SUM(U4:U10) -> 899.52153 | V11: =SUM(V4:V10) -> 871.03453 | W11: =SUM(W4:W10) -> 352.02776 | X11: =SUM(Q11:W11) -> 14110.935 | Y11: =L11+P11+X11 -> 106065.74
A12: 지급수수료 | B12: 지급수수료 열원 | C12: =동탄!G13 -> 466.13486 | D12: =화성!G13 -> 391.64315 | E12: =파주!G13 -> 595.42495 | F12: =광교!G13 -> 248.35907 | G12: =판교!G13 -> 227.1318 | H12: =삼송!G13 -> 243.05225 | I12: =양산!G13 -> 707.92949 | J12: =대구!G13 -> 447.89542 | K12: =청주!G13 -> 465.9386 | L12: =SUM(C12:K12) -> 3793.5096 | M12: =수원!G13 -> 227.1318 | N12: =광주전남!G13 -> 824.67948 | O12: =강남!G13 -> 251.54316 | P12: =SUM(M12:O12) -> 1303.3544 | Q12: =중앙!G13 -> 252.60453 | R12: =고양!G13 -> 106.13636 | S12: =용인!G13 -> 202.72044 | T12: =분당!G13 -> 68.988631 | U12: =세종!G13 -> 82.786357 | V12: =김해!G13 -> 169.81817 | W12: =평택!G13 -> 54.129541 | X12: =SUM(Q12:W12) -> 937.18402 | Y12: =L12+P12+X12 -> 6034.048
A13: 손익예산 합계 | C13: =C12+C11 -> 22357.39 | D13: =D12+D11 -> 10806.161 | E13: =E12+E11 -> 13996.919 | F13: =F12+F11 -> 5750.282 | G13: =G12+G11 -> 5981.1911 | H13: =H12+H11 -> 3771.8207 | I13: =I12+I11 -> 5563.1795 | J13: =J12+J11 -> 7010.7558 | K13: =K12+K11 -> 6212.2352 | L13: =SUM(C13:K13) -> 81449.934 | M13: =M12+M11 -> 5072.9421 | N13: =N12+N11 -> 5412.7737 | O13: =O12+O11 -> 5116.0217 | P13: =SUM(M13:O13) -> 15601.738 | Q13: =Q12+Q11 -> 5005.9902 | R13: =R12+R11 -> 3616.6334 | S13: =S12+S11 -> 1960.5242 | T13: =T12+T11 -> 2035.6528 | U13: =U12+U11 -> 982.30789 | V13: =V12+V11 -> 1040.8527 | W13: =W12+W11 -> 406.1573 | X13: =SUM(Q13:W13) -> 15048.119 | Y13: =L13+P13+X13 -> 112099.79
A14: 건물 | C14: =동탄!G15 -> 0 | D14: =화성!G15 -> 22 | E14: =파주!G15 -> 0 | F14: =광교!G15 -> 28 | G14: =판교!G15 -> 6 | H14: =삼송!G15 -> 0 | I14: =양산!G15 -> 11 | J14: =대구!G15 -> 0 | K14: =청주!G15 -> 0 | L14: =SUM(C14:K14) -> 67 | M14: =수원!G15 -> 0 | N14: =광주전남!G15 -> 0 | O14: =강남!G15 -> 0 | P14: =SUM(M14:O14) -> 0 | Q14: =중앙!G15 -> 0 | R14: =고양!G15 -> 0 | S14: =용인!G15 -> 0 | T14: =분당!G15 -> 0 | U14: =세종!G15 -> 0 | V14: =김해!G15 -> 0 | W14: =평택!G15 -> 0 | X14: =SUM(Q14:W14) -> 0 | Y14: =L14+P14+X14 -> 67
A15: 구축물 | C15: =동탄!G16 -> 0 | D15: =화성!G16 -> 15 | E15: =파주!G16 -> 0 | F15: =광교!G16 -> 0 | G15: =판교!G16 -> 0 | H15: =삼송!G16 -> 0 | I15: =양산!G16 -> 0 | J15: =대구!G16 -> 0 | K15: =청주!G16 -> 0 | L15: =SUM(C15:K15) -> 15 | M15: =수원!G16 -> 0 | N15: =광주전남!G16 -> 0 | O15: =강남!G16 -> 0 | P15: =SUM(M15:O15) -> 0 | Q15: =중앙!G16 -> 0 | R15: =고양!G16 -> 0 | S15: =용인!G16 -> 0 | T15: =분당!G16 -> 0 | U15: =세종!G16 -> 0 | V15: =김해!G16 -> 0 | W15: =평택!G16 -> 0 | X15: =SUM(Q15:W15) -> 0 | Y15: =L15+P15+X15 -> 15
A16: 기계장치 | B16: 고온부품재생+LTSA | C16: =동탄!G17 -> 3912 | D16: =화성!G17 -> 1366 | E16: =파주!G17 -> 0 | F16: =광교!G17 -> 0 | G16: =판교!G17 -> 0 | H16: =삼송!G17 -> 0 | I16: =양산!G17 -> 0 | J16: =대구!G17 -> 0 | K16: =청주!G17 -> 6575 | L16: =SUM(C16:K16) -> 11853 | M16: =수원!G17 -> 0 | N16: =광주전남!G17 -> 0 | O16: =강남!G17 -> 0 | P16: =SUM(M16:O16) -> 0 | Q16: =중앙!G17 -> 0 | R16: =고양!G17 -> 0 | S16: =용인!G17 -> 0 | T16: =분당!G17 -> 0 | U16: =세종!G17 -> 0 | V16: =김해!G17 -> 0 | W16: =평택!G17 -> 0 | X16: =SUM(Q16:W16) -> 0 | Y16: =L16+P16+X16 -> 11853
B17: 기타기계장치 | C17: =동탄!G18 -> 343.01699 | D17: =화성!G18 -> 1719.9863 | E17: =파주!G18 -> 1045.6473 | F17: =광교!G18 -> 1076.9269 | G17: =판교!G18 -> 1625.5288 | H17: =삼송!G18 -> 299.64703 | I17: =양산!G18 -> 180 | J17: =대구!G18 -> 3539.3605 | K17: =청주!G18 -> 706 | L17: =SUM(C17:K17) -> 10536.114 | M17: =수원!G18 -> 372.86905 | N17: =광주전남!G18 -> 1592.2258 | O17: =강남!G18 -> 1433.9022 | P17: =SUM(M17:O17) -> 3398.997 | Q17: =중앙!G18 -> 984.63758 | R17: =고양!G18 -> 1221.6401 | S17: =용인!G18 -> 597.89262 | T17: =분당!G18 -> 994.33314 | U17: =세종!G18 -> 80.7963 | V17: =김해!G18 -> 85.105436 | W17: =평택!G18 -> 9.695556 | X17: =SUM(Q17:W17) -> 3974.1007 | Y17: =L17+P17+X17 -> 17909.211
B18: 계 | C18: =SUM(C16:C17) -> 4255.017 | D18: =SUM(D16:D17) -> 3085.9863 | E18: =SUM(E16:E17) -> 1045.6473 | F18: =SUM(F16:F17) -> 1076.9269 | G18: =SUM(G16:G17) -> 1625.5288 | H18: =SUM(H16:H17) -> 299.64703 | I18: =SUM(I16:I17) -> 180 | J18: =SUM(J16:J17) -> 3539.3605 | K18: =SUM(K16:K17) -> 7281 | L18: =SUM(C18:K18) -> 22389.114 | M18: =SUM(M16:M17) -> 372.86905 | N18: =SUM(N16:N17) -> 1592.2258 | O18: =SUM(O16:O17) -> 1433.9022 | P18: =SUM(M18:O18) -> 3398.997 | Q18: =SUM(Q16:Q17) -> 984.63758 | R18: =SUM(R16:R17) -> 1221.6401 | S18: =SUM(S16:S17) -> 597.89262 | T18: =SUM(T16:T17) -> 994.33314 | U18: =SUM(U16:U17) -> 80.7963 | V18: =SUM(V16:V17) -> 85.105436 | W18: =SUM(W16:W17) -> 9.695556 | X18: =SUM(Q18:W18) -> 3974.1007 | Y18: =L18+P18+X18 -> 29762.211
A19: 건가-외주비 | B19: MI 및 A급 정비 | C19: =동탄!G19 -> 0 | D19: =화성!G19 -> 0 | E19: =파주!G19 -> 0 | F19: =광교!G19 -> 3885.2729 | G19: =판교!G19 -> 0 | H19: =삼송!G19 -> 0 | I19: =양산!G19 -> 0 | J19: =대구!G19 -> 4826.3428 | K19: =청주!G19 -> 0 | L19: =SUM(C19:K19) -> 8711.6158 | M19: =수원!G19 -> 0 | N19: =광주전남!G19 -> 0 | O19: =강남!G19 -> 0 | P19: =SUM(M19:O19) -> 0 | Q19: =중앙!G19 -> 0 | R19: =고양!G19 -> 0 | S19: =용인!G19 -> 0 | T19: =분당!G19 -> 0 | U19: =세종!G19 -> 0 | V19: =김해!G19 -> 0 | W19: =평택!G19 -> 0 | X19: =SUM(Q19:W19) -> 0 | Y19: =L19+P19+X19 -> 8711.6158
A20: 공구와기구 | C20: =동탄!G20 -> 12.391418 | D20: =화성!G20 -> 76 | E20: =파주!G20 -> 438.34315 | F20: =광교!G20 -> 12.391418 | G20: =판교!G20 -> 78.854481 | H20: =삼송!G20 -> 19 | I20: =양산!G20 -> 3 | J20: =대구!G20 -> 102 | K20: =청주!G20 -> 16 | L20: =SUM(C20:K20) -> 757.98046 | M20: =수원!G20 -> 150 | N20: =광주전남!G20 -> 78.854481 | O20: =강남!G20 -> 30 | P20: =SUM(M20:O20) -> 258.85448 | Q20: =중앙!G20 -> 0 | R20: =고양!G20 -> 21 | S20: =용인!G20 -> 0 | T20: =분당!G20 -> 0 | U20: =세종!G20 -> 0 | V20: =김해!G20 -> 0 | W20: =평택!G20 -> 0 | X20: =SUM(Q20:W20) -> 21 | Y20: =L20+P20+X20 -> 1037.8349
A21: 예비품 | B21: 재생고온부품 | C21: =동탄!G21 -> 0 | D21: =화성!G21 -> 0 | E21: =파주!G21 -> 17351 | F21: =광교!G21 -> 13568 | G21: =판교!G21 -> 0 | H21: =삼송!G21 -> 0 | I21: =양산!G21 -> 0 | J21: =대구!G21 -> 0 | K21: =청주!G21 -> 0 | L21: =SUM(C21:K21) -> 30919 | M21: =수원!G21 -> 0 | N21: =광주전남!G21 -> 0 | O21: =강남!G21 -> 0 | P21: =SUM(M21:O21) -> 0 | Q21: =중앙!G21 -> 0 | R21: =고양!G21 -> 0 | S21: =용인!G21 -> 0 | T21: =분당!G21 -> 0 | U21: =세종!G21 -> 0 | V21: =김해!G21 -> 0 | W21: =평택!G21 -> 0 | X21: =SUM(Q21:W21) -> 0 | Y21: =L21+P21+X21 -> 30919
B22: 자산화예비품 | C22: =동탄!G22 -> 363 | D22: =화성!G22 -> 633.08883 | E22: =파주!G22 -> 619.29346 | F22: =광교!G22 -> 164.7968 | G22: =판교!G22 -> 180 | H22: =삼송!G22 -> 50 | I22: =양산!G22 -> 152.0765 | J22: =대구!G22 -> 342.5 | K22: =청주!G22 -> 1610 | L22: =SUM(C22:K22) -> 4114.7556 | M22: =수원!G22 -> 171.5085 | N22: =광주전남!G22 -> 386 | O22: =강남!G22 -> 107 | P22: =SUM(M22:O22) -> 664.5085 | Q22: =중앙!G22 -> 29 | R22: =고양!G22 -> 0 | S22: =용인!G22 -> 0 | T22: =분당!G22 -> 0 | U22: =세종!G22 -> 0 | V22: =김해!G22 -> 0 | W22: =평택!G22 -> 0 | X22: =SUM(Q22:W22) -> 29 | Y22: =L22+P22+X22 -> 4808.2641
B23: 저장품 | C23: =동탄!G23 -> 2 | D23: =화성!G23 -> 79 | E23: =파주!G23 -> 155 | F23: =광교!G23 -> 13 | G23: =판교!G23 -> 144 | H23: =삼송!G23 -> 20 | I23: =양산!G23 -> 91 | J23: =대구!G23 -> 43.5 | K23: =청주!G23 -> 170 | L23: =SUM(C23:K23) -> 717.5 | M23: =수원!G23 -> 6 | N23: =광주전남!G23 -> 84 | O23: =강남!G23 -> 45.059703 | P23: =SUM(M23:O23) -> 135.0597 | Q23: =중앙!G23 -> 0 | R23: =고양!G23 -> 10 | S23: =용인!G23 -> 0 | T23: =분당!G23 -> 0 | U23: =세종!G23 -> 0 | V23: =김해!G23 -> 0 | W23: =평택!G23 -> 0 | X23: =SUM(Q23:W23) -> 10 | Y23: =L23+P23+X23 -> 862.5597
B24: 계 | C24: =SUM(C21:C23) -> 365 | D24: =SUM(D21:D23) -> 712.08883 | E24: =SUM(E21:E23) -> 18125.293 | F24: =SUM(F21:F23) -> 13745.797 | G24: =SUM(G21:G23) -> 324 | H24: =SUM(H21:H23) -> 70 | I24: =SUM(I21:I23) -> 243.0765 | J24: =SUM(J21:J23) -> 386 | K24: =SUM(K21:K23) -> 1780 | L24: =SUM(C24:K24) -> 35751.256 | M24: =SUM(M21:M23) -> 177.5085 | N24: =SUM(N21:N23) -> 470 | O24: =SUM(O21:O23) -> 152.0597 | P24: =SUM(M24:O24) -> 799.5682 | Q24: =SUM(Q21:Q23) -> 29 | R24: =SUM(R21:R23) -> 10 | S24: =SUM(S21:S23) -> 0 | T24: =SUM(T21:T23) -> 0 | U24: =SUM(U21:U23) -> 0 | V24: =SUM(V21:V23) -> 0 | W24: =SUM(W21:W23) -> 0 | X24: =SUM(Q24:W24) -> 39 | Y24: =L24+P24+X24 -> 36589.824
A25: 자본예산 합계 | C25: =C14+C15+C19+C18+C20+C24 -> 4632.4084 | D25: =D14+D15+D19+D18+D20+D24 -> 3911.0751 | E25: =E14+E15+E19+E18+E20+E24 -> 19609.284 | F25: =F14+F15+F19+F18+F20+F24 -> 18748.388 | G25: =G14+G15+G19+G18+G20+G24 -> 2034.3833 | H25: =H14+H15+H19+H18+H20+H24 -> 388.64703 | I25: =I14+I15+I19+I18+I20+I24 -> 437.0765 | J25: =J14+J15+J19+J18+J20+J24 -> 8853.7034 | ... Y25: =Y14+Y15+Y19+Y18+Y20+Y24 -> 76183.486
A26: 투자비 | B26: 열원공사비 등 | C26: =동탄!G25 -> 1226.6179 | D26: =화성!G25 -> 358.84702 | E26: =파주!G25 -> 455.4311 | F26: =광교!G25 -> 146.46817 | G26: =판교!G25 -> 1483.7862 | H26: =삼송!G25 -> 752.50676 | I26: =양산!G25 -> 2.1227271 | J26: =대구!G25 -> 678.21131 | K26: =청주!G25 -> 3149.0657 | L26: =SUM(C26:K26) -> 8253.0568 | M26: =수원!G25 -> 45.638633 | N26: =광주전남!G25 -> 563.58405 | O26: =강남!G25 -> 1326.7044 | P26: =SUM(M26:O26) -> 1935.9271 | Q26: =중앙!G25 -> 1106.3277 | R26: =고양!G25 -> 734.06622 | S26: =용인!G25 -> 571.98607 | T26: =분당!G25 -> 0 | U26: =세종!G25 -> 0 | V26: =김해!G25 -> 273.96773 | W26: =평택!G25 -> 0 | X26: =SUM(Q26:W26) -> 2686.3477 | Y26: =L26+P26+X26 -> 12875.332
B31: 건물/구축물 | C31: =INT(C4*0.9)-300 -> 608 | D31: =INT(D4*0.9) -> 350 | E31: =INT(E4*0.9)-250 -> 506 | F31: =INT(F4*0.9) -> 42 | G31: =INT(G4*0.9) -> 292 | H31: =INT(H4*0.9) -> 274 | I31: =INT(I4*0.9) -> 155 | J31: =INT(J4*0.9) -> 2 | K31: =INT(K4*0.9) -> 28 | M31: =INT(M4*0.9) -> 292 | N31: =INT(N4*0.9) -> 228 | O31: =INT(O4*0.9) -> 153 | Q31: =INT(Q4*0.9) -> 197 | R31: =INT(R4*0.9) -> 101 | S31: =INT(S4*0.9) -> 82 | T31: =INT(T4*0.9) -> 38 | U31: =INT(U4*0.9) -> 30 | V31: =INT(V4*0.9) -> 143 | W31: =INT(W4*0.9) -> 0 | Y31: =SUM(C31:X31) -> 3521
B32: 열원정기점검 | C32: =INT(C5*0.9) -> 3157 | D32: =INT(D5*0.9) -> 1263 | E32: =INT(E5*0.9) -> 3840 | F32: =INT(F5*0.9) -> 1013 | G32: =INT(G5*0.9) -> 1631 | H32: =INT(H5*0.9) -> 603 | I32: =INT(I5*0.9) -> 774 | J32: =INT(J5*0.9) -> 1003 | K32: =INT(K5*0.9) -> 1043 | M32: =INT(M5*0.9) -> 813 | N32: =INT(N5*0.9) -> 1158 | O32: =INT(O5*0.9) -> 1747 | Q32: =INT(Q5*0.9) -> 1283 | R32: =INT(R5*0.9) -> 606 | S32: =INT(S5*0.9) -> 450 | T32: =INT(T5*0.9) -> 583 | U32: =INT(U5*0.9) -> 108 | V32: =INT(V5*0.9) -> 294 | W32: =INT(W5*0.9) -> 157 | Y32: =SUM(C32:X32) -> 21526
B33: 열원경상정비 | C33: =C6 -> 8590.2626 | D33: =D6 -> 6636.0695 | E33: =E6 -> 6201.924 | F33: =F6 -> 2548.854 | G33: =G6 -> 2645.8095 | H33: =H6 -> 1908.9473 | I33: =I6 -> 2378.6431 | J33: =J6 -> 3935.3185 | K33: =K6 -> 3575.5056 | M33: =M6 -> 2645.8095 | N33: =N6 -> 1883.0924 | O33: =O6 -> 1321.8275 | Q33: =Q6 -> 1146.2302 | R33: =R6 -> 753.02152 | S33: =S6 -> 729.32127 | T33: =T6 -> 650.67954 | U33: =U6 -> 294.09853 | V33: =V6 -> 43.09136 | W33: =W6 -> 43.09136 | Y33: =Y6 -> 47931.597
B34: 열원정기유지보수 | C34: =INT(C7*0.9) -> 4939 | D34: =INT(D7*0.9) -> 355 | E34: =INT(E7*0.9) -> 618 | F34: =INT(F7*0.9) -> 179 | G34: =INT(G7*0.9) -> 179 | H34: =INT(H7*0.9) -> 151 | I34: =INT(I7*0.9) -> 222 | J34: =INT(J7*0.9) -> 254 | K34: =INT(K7*0.9) -> 193 | M34: =INT(M7*0.9) -> 179 | N34: =INT(N7*0.9) -> 198 | O34: =INT(O7*0.9) -> 560 | Q34: =INT(Q7*0.9) -> 656 | R34: =INT(R7*0.9) -> 513 | S34: =INT(S7*0.9) -> 113 | T34: =INT(T7*0.9) -> 80 | U34: =INT(U7*0.9) -> 58 | V34: =INT(V7*0.9) -> 50 | W34: =INT(W7*0.9) -> 88 | Y34: =SUM(C34:X34) -> 9585
B35: 열원보완및개선 | C35: =INT(C8*0.9) -> 2164 | D35: =INT(D8*0.9) -> 812 | E35: =INT(E8*0.9) -> 686 | F35: =INT(F8*0.9) -> 1186 | G35: =INT(G8*0.9) -> 448 | H35: =INT(H8*0.9) -> 374 | I35: =INT(I8*0.9) -> 854 | J35: =INT(J8*0.9) -> 737 | K35: =INT(K8*0.9) -> 355 | M35: =INT(M8*0.9) -> 448 | N35: =INT(N8*0.9) -> 680 | O35: =INT(O8*0.9) -> 608 | Q35: =INT(Q8*0.9) -> 1004 | R35: =INT(R8*0.9) -> 1192 | S35: =INT(S8*0.9) -> 213 | T35: =INT(T8*0.9) -> 424 | U35: =INT(U8*0.9) -> 320 | V35: =INT(V8*0.9) -> 252 | W35: =INT(W8*0.9) -> 26 | Y35: =SUM(C35:X35) -> 12783
B36: 비저장품(보수자재) | C36: =INT(C9*0.9) -> 720 | D36: =INT(D9*0.9) -> 556 | E36: =INT(E9*0.9) -> 519 | F36: =INT(F9*0.9) -> 213 | G36: =INT(G9*0.9) -> 222 | H36: =INT(H9*0.9) -> 48 | I36: =INT(I9*0.9) -> 198 | J36: =INT(J9*0.9) -> 329 | K36: =INT(K9*0.9) -> 299 | M36: =INT(M9*0.9) -> 222 | N36: =INT(N9*0.9) -> 152 | O36: =INT(O9*0.9) -> 106 | Q36: =INT(Q9*0.9) -> 93 | R36: =INT(R9*0.9) -> 61 | S36: =INT(S9*0.9) -> 59 | T36: =INT(T9*0.9) -> 52 | U36: =INT(U9*0.9) -> 24 | V36: =INT(V9*0.9) -> 3 | W36: =INT(W9*0.9) -> 3 | Y36: =SUM(C36:X36) -> 3879
B37: 소모품(자재공기구) | C37: =INT(C10*0.9) -> 80 | D37: =INT(D10*0.9) -> 62 | E37: =INT(E10*0.9) -> 58 | F37: =INT(F10*0.9) -> 23 | G37: =INT(G10*0.9) -> 24 | H37: =INT(H10*0.9) -> 5 | I37: =INT(I10*0.9) -> 22 | J37: =INT(J10*0.9) -> 36 | K37: =INT(K10*0.9) -> 32 | M37: =INT(M10*0.9) -> 24 | N37: =INT(N10*0.9) -> 16 | O37: =INT(O10*0.9) -> 11 | Q37: =INT(Q10*0.9) -> 10 | R37: =INT(R10*0.9) -> 6 | S37: =INT(S10*0.9) -> 6 | T37: =INT(T10*0.9) -> 5 | U37: =INT(U10*0.9) -> 2 | V37: =INT(V10*0.9) -> 0 | W37: =INT(W10*0.9) -> 0 | Y37: =SUM(C37:X37) -> 422
B39: 지급수수료 열원 | C39: =INT(C12*0.9) -> 419 | D39: =INT(D12*0.9) -> 352 | E39: =INT(E12*0.9) -> 535 | F39: =INT(F12*0.9) -> 223 | G39: =INT(G12*0.9) -> 204 | H39: =INT(H12*0.9) -> 218 | I39: =INT(I12*0.9) -> 637 | J39: =INT(J12*0.9) -> 403 | K39: =INT(K12*0.9) -> 419 | M39: =INT(M12*0.9) -> 204 | N39: =INT(N12*0.9) -> 742 | O39: =INT(O12*0.9) -> 226 | Q39: =INT(Q12*0.9) -> 227 | R39: =INT(R12*0.9) -> 95 | S39: =INT(S12*0.9) -> 182 | T39: =INT(T12*0.9) -> 62 | U39: =INT(U12*0.9) -> 74 | V39: =INT(V12*0.9) -> 152 | W39: =INT(W12*0.9) -> 48 | Y39: =SUM(C39:X39) -> 5422
Y40: =SUM(Y31:Y39) -> 105069.6 | Z40: =Y13-Y40 -> 7030.1934
C41: =C14 -> 0 | D41: =D14 -> 22 | E41: =E14 -> 0 | F41: =F14 -> 28 | G41: =G14 -> 6 | H41: =H14 -> 0 | I41: =I14 -> 11 | J41: =J14 -> 0 | K41: =K14 -> 0 | M41: =M14 -> 0 | N41: =N14 -> 0 | O41: =O14 -> 0 | Q41: =Q14 -> 0 | R41: =R14 -> 0 | S41: =S14 -> 0 | T41: =T14 -> 0 | U41: =U14 -> 0 | V41: =V14 -> 0 | W41: =W14 -> 0 | Y41: =SUM(C41:W41) -> 67
C42: =C15 -> 0 | D42: =D15 -> 15 | E42: =E15 -> 0 | F42: =F15 -> 0 | G42: =G15 -> 0 | H42: =H15 -> 0 | I42: =I15 -> 0 | J42: =J15 -> 0 | K42: =K15 -> 0 | M42: =M15 -> 0 | N42: =N15 -> 0 | O42: =O15 -> 0 | Q42: =Q15 -> 0 | R42: =R15 -> 0 | S42: =S15 -> 0 | T42: =T15 -> 0 | U42: =U15 -> 0 | V42: =V15 -> 0 | W42: =W15 -> 0 | Y42: =SUM(C42:W42) -> 15
C43: =C16 -> 3912 | D43: =D16 -> 1366 | E43: =E16 -> 0 | F43: =F16 -> 0 | G43: =G16 -> 0 | H43: =H16 -> 0 | I43: =I16 -> 0 | J43: =J16 -> 0 | K43: =K16 -> 6575 | M43: =M16 -> 0 | N43: =N16 -> 0 | O43: =O16 -> 0 | Q43: =Q16 -> 0 | R43: =R16 -> 0 | S43: =S16 -> 0 | T43: =T16 -> 0 | U43: =U16 -> 0 | V43: =V16 -> 0 | W43: =W16 -> 0 | Y43: =SUM(C43:W43) -> 11853
B44: 기타기계장치 | C44: =INT(C17*0.9) -> 308 | D44: =INT(D17*0.9) -> 1547 | E44: =INT(E17*0.9) -> 941 | F44: =INT(F17*0.9) -> 969 | G44: =INT(G17*0.9) -> 1462 | H44: =INT(H17*0.9) -> 269 | I44: =INT(I17*0.9) -> 162 | J44: =INT(J17*0.9) -> 3185 | K44: =INT(K17*0.9) -> 635 | M44: =INT(M17*0.9) -> 335 | N44: =INT(N17*0.9) -> 1433 | O44: =INT(O17*0.9) -> 1290 | Q44: =INT(Q17*0.9) -> 886 | R44: =INT(R17*0.9) -> 1099 | S44: =INT(S17*0.9) -> 538 | T44: =INT(T17*0.9) -> 894 | U44: =INT(U17*0.9) -> 72 | V44: =INT(V17*0.9) -> 76 | W44: =INT(W17*0.9) -> 8 | Y44: =SUM(C44:W44) -> 16109
C45: =C43+C44 -> 4220 | D45: =D43+D44 -> 2913 | E45: =E43+E44 -> 941 | F45: =F43+F44 -> 969 | G45: =G43+G44 -> 1462 | H45: =H43+H44 -> 269 | I45: =I43+I44 -> 162 | J45: =J43+J44 -> 3185 | ... W45: =W43+W44 -> 8 | Y45: =SUM(C45:W45) -> 27962
C46: =C19 -> 0 | D46: =D19 -> 0 | E46: =E19 -> 0 | F46: =F19 -> 3885.2729 | G46: =G19 -> 0 | H46: =H19 -> 0 | I46: =I19 -> 0 | J46: =J19 -> 4826.3428 | K46: =K19 -> 0 | M46: =M19 -> 0 | N46: =N19 -> 0 | O46: =O19 -> 0 | Q46: =Q19 -> 0 | R46: =R19 -> 0 | S46: =S19 -> 0 | T46: =T19 -> 0 | U46: =U19 -> 0 | V46: =V19 -> 0 | W46: =W19 -> 0 | Y46: =SUM(C46:W46) -> 8711.6158
C47: =C20 -> 12.391418 | D47: =D20 -> 76 | E47: =E20 -> 438.34315 | F47: =F20 -> 12.391418 | G47: =G20 -> 78.854481 | H47: =H20 -> 19 | I47: =I20 -> 3 | J47: =J20 -> 102 | K47: =K20 -> 16 | M47: =M20 -> 150 | N47: =N20 -> 78.854481 | O47: =O20 -> 30 | Q47: =Q20 -> 0 | R47: =R20 -> 21 | S47: =S20 -> 0 | T47: =T20 -> 0 | U47: =U20 -> 0 | V47: =V20 -> 0 | W47: =W20 -> 0 | Y47: =SUM(C47:W47) -> 1037.8349
C48: =C21 -> 0 | D48: =D21 -> 0 | E48: =E21 -> 17351 | F48: =F21 -> 13568 | G48: =G21 -> 0 | H48: =H21 -> 0 | I48: =I21 -> 0 | J48: =J21 -> 0 | K48: =K21 -> 0 | M48: =M21 -> 0 | N48: =N21 -> 0 | O48: =O21 -> 0 | Q48: =Q21 -> 0 | R48: =R21 -> 0 | S48: =S21 -> 0 | T48: =T21 -> 0 | U48: =U21 -> 0 | V48: =V21 -> 0 | W48: =W21 -> 0 | Y48: =SUM(C48:W48) -> 30919
C49: =C22 -> 363 | D49: =D22 -> 633.08883 | E49: =E22 -> 619.29346 | F49: =F22 -> 164.7968 | G49: =G22 -> 180 | H49: =H22 -> 50 | I49: =I22 -> 152.0765 | J49: =J22 -> 342.5 | K49: =K22 -> 1610 | M49: =M22 -> 171.5085 | N49: =N22 -> 386 | O49: =O22 -> 107 | Q49: =Q22 -> 29 | R49: =R22 -> 0 | S49: =S22 -> 0 | T49: =T22 -> 0 | U49: =U22 -> 0 | V49: =V22 -> 0 | W49: =W22 -> 0 | Y49: =SUM(C49:W49) -> 4808.2641
C50: =C23 -> 2 | D50: =D23 -> 79 | E50: =E23 -> 155 | F50: =F23 -> 13 | G50: =G23 -> 144 | H50: =H23 -> 20 | I50: =I23 -> 91 | J50: =J23 -> 43.5 | K50: =K23 -> 170 | M50: =M23 -> 6 | N50: =N23 -> 84 | O50: =O23 -> 45.059703 | Q50: =Q23 -> 0 | R50: =R23 -> 10 | S50: =S23 -> 0 | T50: =T23 -> 0 | U50: =U23 -> 0 | V50: =V23 -> 0 | W50: =W23 -> 0 | Y50: =SUM(C50:W50) -> 862.5597
C51: =C24 -> 365 | D51: =D24 -> 712.08883 | E51: =E24 -> 18125.293 | F51: =F24 -> 13745.797 | G51: =G24 -> 324 | H51: =H24 -> 70 | I51: =I24 -> 243.0765 | J51: =J24 -> 386 | K51: =K24 -> 1780 | M51: =M24 -> 177.5085 | N51: =N24 -> 470 | O51: =O24 -> 152.0597 | Q51: =Q24 -> 29 | R51: =R24 -> 10 | S51: =S24 -> 0 | T51: =T24 -> 0 | U51: =U24 -> 0 | V51: =V24 -> 0 | W51: =W24 -> 0 | Y51: =SUM(C51:W51) -> 36589.824
C52: =C41+C42+C46+C45+C47+C51 -> 4597.3914 | D52: =D41+D42+D46+D45+D47+D51 -> 3738.0888 | E52: =E41+E42+E46+E45+E47+E51 -> 19504.637 | F52: =F41+F42+F46+F45+F47+F51 -> 18640.461 | G52: =G41+G42+G46+G45+G47+G51 -> 1870.8545 | H52: =H41+H42+H46+H45+H47+H51 -> 358 | I52: =I41+I42+I46+I45+I47+I51 -> 419.0765 | J52: =J41+J42+J46+J45+J47+J51 -> 8499.3428 | ... W52: =W41+W42+W46+W45+W47+W51 -> 8 | Y52: =SUM(C52:W52) -> 74383.275
C53: =C26 -> 1226.6179 | D53: =D26 -> 358.84702 | E53: =E26 -> 455.4311 | F53: =F26 -> 146.46817 | G53: =G26 -> 1483.7862 | H53: =H26 -> 752.50676 | I53: =I26 -> 2.1227271 | J53: =J26 -> 678.21131 | K53: =K26 -> 3149.0657 | M53: =M26 -> 45.638633 | N53: =N26 -> 563.58405 | O53: =O26 -> 1326.7044 | Q53: =Q26 -> 1106.3277 | R53: =R26 -> 734.06622 | S53: =S26 -> 571.98607 | T53: =T26 -> 0 | U53: =U26 -> 0 | V53: =V26 -> 273.96773 | W53: =W26 -> 0 | Y53: =SUM(C53:X53) -> 12875.332
C54: =C27 -> 0 | D54: =D27 -> 0 | E54: =E27 -> 0 | F54: =F27 -> 0 | G54: =G27 -> 0 | H54: =H27 -> 0 | I54: =I27 -> 0 | J54: =J27 -> 0 | K54: =K27 -> 0 | M54: =M27 -> 0 | N54: =N27 -> 0 | O54: =O27 -> 0 | Q54: =Q27 -> 0 | R54: =R27 -> 0 | S54: =S27 -> 0 | T54: =T27 -> 0 | U54: =U27 -> 0 | V54: =V27 -> 0 | W54: =W27 -> 0
C55: =C28 -> 0 | D55: =D28 -> 0 | E55: =E28 -> 0 | F55: =F28 -> 0 | G55: =G28 -> 0 | H55: =H28 -> 0 | I55: =I28 -> 0 | J55: =J28 -> 0 | K55: =K28 -> 0 | M55: =M28 -> 0 | N55: =N28 -> 0 | O55: =O28 -> 0 | Q55: =Q28 -> 0 | R55: =R28 -> 0 | S55: =S28 -> 0 | T55: =T28 -> 0 | U55: =U28 -> 0 | V55: =V28 -> 0 | W55: =W28 -> 0
C56: =C29 -> 0 | D56: =D29 -> 0 | E56: =E29 -> 0 | F56: =F29 -> 0 | G56: =G29 -> 0 | H56: =H29 -> 0 | I56: =I29 -> 0 | J56: =J29 -> 0 | K56: =K29 -> 0 | M56: =M29 -> 0 | N56: =N29 -> 0 | O56: =O29 -> 0 | Q56: =Q29 -> 0 | R56: =R29 -> 0 | S56: =S29 -> 0 | T56: =T29 -> 0 | U56: =U29 -> 0 | V56: =V29 -> 0 | W56: =W29 -> 0

Sheet 31년
Y2: [단위 : 백만원]
A3: 2031년 | C3: 동탄 | D3: 화성 | E3: 파주 | F3: 광교 | G3: 판교 | H3: 삼송 | I3: 양산 | J3: 대구 | K3: 청주 | L3: 소계 | M3: 수원 | N3: 광주전남 | O3: 강남 | P3: 소계 | Q3: 중앙 | R3: 고양 | S3: 용인 | T3: 분당 | U3: 세종 | V3: 김해 | W3: 평택 | X3: 소계 | Y3: 합계
A4: 수선유지비 | B4: 건물/구축물 | C4: =동탄!H6 -> 1024.4971 | D4: =화성!H6 -> 395.36323 | E4: =파주!H6 -> 853.20893 | F4: =광교!H6 -> 47.400496 | G4: =판교!H6 -> 329.64891 | H4: =삼송!H6 -> 309.18051 | I4: =양산!H6 -> 175.59729 | J4: =대구!H6 -> 3.231852 | K4: =청주!H6 -> 32.31852 | L4: =SUM(C4:K4) -> 3170.4468 | M4: =수원!H6 -> 329.64891 | N4: =광주전남!H6 -> 257.47088 | O4: =강남!H6 -> 173.44272 | P4: =SUM(M4:O4) -> 760.56251 | Q4: =중앙!H6 -> 222.99779 | R4: =고양!H6 -> 114.1921 | S4: =용인!H6 -> 92.646424 | T4: =분당!H6 -> 43.09136 | U4: =세종!H6 -> 34.473088 | V4: =김해!H6 -> 161.5926 | W4: =평택!H6 -> 0 | X4: =SUM(Q4:W4) -> 668.99337 | Y4: =L4+P4+X4 -> 4600.0027
B5: 열원정기점검 | C5: =동탄!H7 -> 5098.163 | D5: =화성!H7 -> 4009.9529 | E5: =파주!H7 -> 2248.4792 | F5: =광교!H7 -> 1025.1083 | G5: =판교!H7 -> 917.84174 | H5: =삼송!H7 -> 1639.1925 | I5: =양산!H7 -> 873.67733 | J5: =대구!H7 -> 1176.545 | K5: =청주!H7 -> 2577.4509 | L5: =SUM(C5:K5) -> 19566.411 | M5: =수원!H7 -> 917.84174 | N5: =광주전남!H7 -> 1306.7455 | O5: =강남!H7 -> 1970.3524 | P5: =SUM(M5:O5) -> 4194.9397 | Q5: =중앙!H7 -> 1447.8697 | R5: =고양!H7 -> 684.07534 | S5: =용인!H7 -> 508.47805 | T5: =분당!H7 -> 658.22053 | U5: =세종!H7 -> 122.81038 | V5: =김해!H7 -> 331.80347 | W5: =평택!H7 -> 177.75186 | X5: =SUM(Q5:W5) -> 3931.0093 | Y5: =L5+P5+X5 -> 27692.36
B6: 열원경상정비 | C6: =동탄!H8 -> 8719.1166 | D6: =화성!H8 -> 6735.6105 | E6: =파주!H8 -> 6294.9529 | F6: =광교!H8 -> 2587.0868 | G6: =판교!H8 -> 2685.4967 | H6: =삼송!H8 -> 1937.5815 | I6: =양산!H8 -> 2414.3227 | J6: =대구!H8 -> 3994.3482 | K6: =청주!H8 -> 3629.1382 | L6: =SUM(C6:K6) -> 38997.654 | M6: =수원!H8 -> 2685.4967 | N6: =광주전남!H8 -> 1911.3388 | O6: =강남!H8 -> 1341.6549 | P6: =SUM(M6:O6) -> 5938.4904 | Q6: =중앙!H8 -> 1163.4236 | R6: =고양!H8 -> 764.31684 | S6: =용인!H8 -> 740.26109 | T6: =분당!H8 -> 660.43973 | U6: =세종!H8 -> 298.51001 | V6: =김해!H8 -> 43.737731 | W6: =평택!H8 -> 43.737731 | X6: =SUM(Q6:W6) -> 3714.4268 | Y6: =L6+P6+X6 -> 48650.571
B7: 열원정기유지보수 | C7: =동탄!H9 -> 3281.4632 | D7: =화성!H9 -> 400.74965 | E7: =파주!H9 -> 697.00275 | F7: =광교!H9 -> 202.52939 | G7: =판교!H9 -> 202.52939 | H7: =삼송!H9 -> 171.28816 | I7: =양산!H9 -> 251.00717 | J7: =대구!H9 -> 286.55755 | K7: =청주!H9 -> 218.68865 | L7: =SUM(C7:K7) -> 5711.8159 | M7: =수원!H9 -> 202.52939 | N7: =광주전남!H9 -> 224.07507 | O7: =강남!H9 -> 632.36571 | P7: =SUM(M7:O7) -> 1058.9702 | Q7: =중앙!H9 -> 740.09411 | R7: =고양!H9 -> 579.57879 | S7: =용인!H9 -> 128.1968 | T7: =분당!H9 -> 90.491856 | U7: =세종!H9 -> 65.714324 | V7: =김해!H9 -> 57.096052 | W7: =평택!H9 -> 100.18741 | X7: =SUM(Q7:W7) -> 1761.3593 | Y7: =L7+P7+X7 -> 8532.1454
B8: 열원보완및개선 | C8: =동탄!H10 -> 2526.1507 | D8: =화성!H10 -> 1318.5956 | E8: =파주!H10 -> 773.90041 | F8: =광교!H10 -> 1337.9867 | G8: =판교!H10 -> 505.2462 | H8: =삼송!H10 -> 422.29533 | I8: =양산!H10 -> 964.16918 | J8: =대구!H10 -> 831.66325 | K8: =청주!H10 -> 400.74965 | L8: =SUM(C8:K8) -> 9080.7571 | M8: =수원!H10 -> 505.2462 | N8: =광주전남!H10 -> 767.02621 | O8: =강남!H10 -> 686.22991 | P8: =SUM(M8:O8) -> 1958.5023 | Q8: =중앙!H10 -> 1133.3028 | R8: =고양!H10 -> 1344.4504 | S8: =용인!H10 -> 240.23433 | T8: =분당!H10 -> 478.3141 | U8: =세종!H10 -> 360.89014 | V8: =김해!H10 -> 284.40298 | W8: =평택!H10 -> 30.163952 | X8: =SUM(Q8:W8) -> 3871.7587 | Y8: =L8+P8+X8 -> 14911.018
B9: 비저장품(보수자재) | C9: =동탄!H11 -> 812.42835 | D9: =화성!H11 -> 627.63643 | E9: =파주!H11 -> 586.08559 | F9: =광교!H11 -> 240.55752 | G9: =판교!H11 -> 250.39851 | H9: =삼송!H11 -> 54.672163 | I9: =양산!H11 -> 224.15587 | J9: =대구!H11 -> 371.77071 | K9: =청주!H11 -> 337.87397 | L9: =SUM(C9:K9) -> 3505.5791 | M9: =수원!H11 -> 250.39851 | N9: =광주전남!H11 -> 171.67059 | O9: =강남!H11 -> 120.27876 | P9: =SUM(M9:O9) -> 542.34786 | Q9: =중앙!H11 -> 104.97055 | R9: =고양!H11 -> 68.886926 | S9: =용인!H11 -> 66.700039 | T9: =분당!H11 -> 59.045936 | U9: =세종!H11 -> 27.336082 | V9: =김해!H11 -> 4.3737731 | W9: =평택!H11 -> 4.3737731 | X9: =SUM(Q9:W9) -> 335.68708 | Y9: =L9+P9+X9 -> 4383.614
B10: 소모품(자재공기구) | C10: =동탄!H12 -> 90.755791 | D10: =화성!H12 -> 69.980369 | E10: =파주!H12 -> 65.606596 | F10: =광교!H12 -> 26.242638 | G10: =판교!H12 -> 27.336082 | H10: =삼송!H12 -> 6.5606596 | I10: =양산!H12 -> 25.149195 | J10: =대구!H12 -> 41.550844 | K10: =청주!H12 -> 37.177071 | L10: =SUM(C10:K10) -> 390.35925 | M10: =수원!H12 -> 27.336082 | N10: =광주전남!H12 -> 18.588535 | O10: =강남!H12 -> 13.121319 | P10: =SUM(M10:O10) -> 59.045936 | Q10: =중앙!H12 -> 12.027876 | R10: =고양!H12 -> 7.6541028 | S10: =용인!H12 -> 7.6541028 | T10: =분당!H12 -> 6.5606596 | U10: =세종!H12 -> 3.2803298 | V10: =김해!H12 -> 1.0934433 | W10: =평택!H12 -> 1.0934433 | X10: =SUM(Q10:W10) -> 39.363958 | Y10: =L10+P10+X10 -> 488.76914
B11: 계 | C11: =SUM(C4:C10) -> 21552.575 | D11: =SUM(D4:D10) -> 13557.889 | E11: =SUM(E4:E10) -> 11519.236 | F11: =SUM(F4:F10) -> 5466.9118 | G11: =SUM(G4:G10) -> 4918.4975 | H11: =SUM(H4:H10) -> 4540.7708 | I11: =SUM(I4:I10) -> 4928.0788 | J11: =SUM(J4:J10) -> 6705.6674 | K11: =SUM(K4:K10) -> 7233.397 | L11: =SUM(C11:K11) -> 80423.023 | M11: =SUM(M4:M10) -> 4918.4975 | N11: =SUM(N4:N10) -> 4656.9156 | O11: =SUM(O4:O10) -> 4937.4458 | P11: =SUM(M11:O11) -> 14512.859 | Q11: =SUM(Q4:Q10) -> 4824.6864 | R11: =SUM(R4:R10) -> 3563.1545 | S11: =SUM(S4:S10) -> 1784.1708 | T11: =SUM(T4:T10) -> 1996.1642 | U11: =SUM(U4:U10) -> 913.01435 | V11: =SUM(V4:V10) -> 884.10005 | W11: =SUM(W4:W10) -> 357.30817 | X11: =SUM(Q11:W11) -> 14322.599 | Y11: =L11+P11+X11 -> 109258.48
A12: 지급수수료 | B12: 지급수수료 열원 | C12: =동탄!H13 -> 473.12689 | D12: =화성!H13 -> 397.5178 | E12: =파주!H13 -> 604.35633 | F12: =광교!H13 -> 252.08446 | G12: =판교!H13 -> 230.53878 | H12: =삼송!H13 -> 246.69804 | I12: =양산!H13 -> 718.54843 | J12: =대구!H13 -> 454.61385 | K12: =청주!H13 -> 472.92768 | L12: =SUM(C12:K12) -> 3850.4122 | M12: =수원!H13 -> 230.53878 | N12: =광주전남!H13 -> 837.04967 | O12: =강남!H13 -> 255.31631 | P12: =SUM(M12:O12) -> 1322.9048 | Q12: =중앙!H13 -> 256.39359 | R12: =고양!H13 -> 107.7284 | S12: =용인!H13 -> 205.76124 | T12: =분당!H13 -> 70.02346 | U12: =세종!H13 -> 84.028152 | V12: =김해!H13 -> 172.36544 | W12: =평택!H13 -> 54.941484 | X12: =SUM(Q12:W12) -> 951.24178 | Y12: =L12+P12+X12 -> 6124.5588
A13: 손익예산 합계 | C13: =C12+C11 -> 22025.702 | D13: =D12+D11 -> 13955.406 | E13: =E12+E11 -> 12123.593 | F13: =F12+F11 -> 5718.9963 | G13: =G12+G11 -> 5149.0363 | H13: =H12+H11 -> 4787.4688 | I13: =I12+I11 -> 5646.6272 | J13: =J12+J11 -> 7160.2812 | K13: =K12+K11 -> 7706.3246 | L13: =SUM(C13:K13) -> 84273.435 | M13: =M12+M11 -> 5149.0363 | N13: =N12+N11 -> 5493.9653 | O13: =O12+O11 -> 5192.7621 | P13: =SUM(M13:O13) -> 15835.764 | Q13: =Q12+Q11 -> 5081.08 | R13: =R12+R11 -> 3670.8829 | S13: =S12+S11 -> 1989.9321 | T13: =T12+T11 -> 2066.1876 | U13: =U12+U11 -> 997.0425 | V13: =V12+V11 -> 1056.4655 | W13: =W12+W11 -> 412.24966 | X13: =SUM(Q13:W13) -> 15273.84 | Y13: =L13+P13+X13 -> 115383.04
A14: 건물 | C14: =동탄!H15 -> 19 | D14: =화성!H15 -> 0 | E14: =파주!H15 -> 0 | F14: =광교!H15 -> 28 | G14: =판교!H15 -> 6 | H14: =삼송!H15 -> 0 | I14: =양산!H15 -> 11 | J14: =대구!H15 -> 0 | K14: =청주!H15 -> 0 | L14: =SUM(C14:K14) -> 64 | M14: =수원!H15 -> 0 | N14: =광주전남!H15 -> 0 | O14: =강남!H15 -> 0 | P14: =SUM(M14:O14) -> 0 | Q14: =중앙!H15 -> 0 | R14: =고양!H15 -> 0 | S14: =용인!H15 -> 0 | T14: =분당!H15 -> 0 | U14: =세종!H15 -> 0 | V14: =김해!H15 -> 0 | W14: =평택!H15 -> 0 | X14: =SUM(Q14:W14) -> 0 | Y14: =L14+P14+X14 -> 64
A15: 구축물 | C15: =동탄!H16 -> 0 | D15: =화성!H16 -> 15 | E15: =파주!H16 -> 0 | F15: =광교!H16 -> 50 | G15: =판교!H16 -> 0 | H15: =삼송!H16 -> 0 | I15: =양산!H16 -> 0 | J15: =대구!H16 -> 0 | K15: =청주!H16 -> 0 | L15: =SUM(C15:K15) -> 65 | M15: =수원!H16 -> 0 | N15: =광주전남!H16 -> 0 | O15: =강남!H16 -> 0 | P15: =SUM(M15:O15) -> 0 | Q15: =중앙!H16 -> 0 | R15: =고양!H16 -> 0 | S15: =용인!H16 -> 0 | T15: =분당!H16 -> 0 | U15: =세종!H16 -> 0 | V15: =김해!H16 -> 0 | W15: =평택!H16 -> 0 | X15: =SUM(Q15:W15) -> 0 | Y15: =L15+P15+X15 -> 65
A16: 기계장치 | B16: 고온부품재생+LTSA | C16: =동탄!H17 -> 14191 | D16: =화성!H17 -> 0 | E16: =파주!H17 -> 2131 | F16: =광교!H17 -> 812 | G16: =판교!H17 -> 2011 | H16: =삼송!H17 -> 0 | I16: =양산!H17 -> 0 | J16: =대구!H17 -> 0 | K16: =청주!H17 -> 0 | L16: =SUM(C16:K16) -> 19145 | M16: =수원!H17 -> 0 | N16: =광주전남!H17 -> 0 | O16: =강남!H17 -> 0 | P16: =SUM(M16:O16) -> 0 | Q16: =중앙!H17 -> 0 | R16: =고양!H17 -> 0 | S16: =용인!H17 -> 0 | T16: =분당!H17 -> 0 | U16: =세종!H17 -> 0 | V16: =김해!H17 -> 0 | W16: =평택!H17 -> 0 | X16: =SUM(Q16:W16) -> 0 | Y16: =L16+P16+X16 -> 19145
B17: 기타기계장치 | C17: =동탄!H18 -> 466.46397 | D17: =화성!H18 -> 2924.9607 | E17: =파주!H18 -> 1159.1609 | F17: =광교!H18 -> 770.52093 | G17: =판교!H18 -> 1234.1475 | H17: =삼송!H18 -> 304.14173 | I17: =양산!H18 -> 180 | J17: =대구!H18 -> 1466.9693 | K17: =청주!H18 -> 1283 | L17: =SUM(C17:K17) -> 9789.3651 | M17: =수원!H18 -> 378.46208 | N17: =광주전남!H18 -> 1616.1091 | O17: =강남!H18 -> 1455.4107 | P17: =SUM(M17:O17) -> 3449.9819 | Q17: =중앙!H18 -> 999.40714 | R17: =고양!H18 -> 1239.9647 | S17: =용인!H18 -> 606.86101 | T17: =분당!H18 -> 1009.2481 | U17: =세종!H18 -> 82.008245 | V17: =김해!H18 -> 86.382018 | W17: =평택!H18 -> 9.8409894 | X17: =SUM(Q17:W17) -> 4033.7122 | Y17: =L17+P17+X17 -> 17273.059
B18: 계 | C18: =SUM(C16:C17) -> 14657.464 | D18: =SUM(D16:D17) -> 2924.9607 | E18: =SUM(E16:E17) -> 3290.1609 | F18: =SUM(F16:F17) -> 1582.5209 | G18: =SUM(G16:G17) -> 3245.1475 | H18: =SUM(H16:H17) -> 304.14173 | I18: =SUM(I16:I17) -> 180 | J18: =SUM(J16:J17) -> 1466.9693 | K18: =SUM(K16:K17) -> 1283 | L18: =SUM(C18:K18) -> 28934.365 | M18: =SUM(M16:M17) -> 378.46208 | N18: =SUM(N16:N17) -> 1616.1091 | O18: =SUM(O16:O17) -> 1455.4107 | P18: =SUM(M18:O18) -> 3449.9819 | Q18: =SUM(Q16:Q17) -> 999.40714 | R18: =SUM(R16:R17) -> 1239.9647 | S18: =SUM(S16:S17) -> 606.86101 | T18: =SUM(T16:T17) -> 1009.2481 | U18: =SUM(U16:U17) -> 82.008245 | V18: =SUM(V16:V17) -> 86.382018 | W18: =SUM(W16:W17) -> 9.8409894 | X18: =SUM(Q18:W18) -> 4033.7122 | Y18: =L18+P18+X18 -> 36418.059
A19: 건가-외주비 | B19: MI 및 A급 정비 | C19: =동탄!H19 -> 0 | D19: =화성!H19 -> 10209.384 | E19: =파주!H19 -> 0 | F19: =광교!H19 -> 0 | G19: =판교!H19 -> 0 | H19: =삼송!H19 -> 0 | I19: =양산!H19 -> 0 | J19: =대구!H19 -> 0 | K19: =청주!H19 -> 4898.738 | L19: =SUM(C19:K19) -> 15108.122 | M19: =수원!H19 -> 0 | N19: =광주전남!H19 -> 0 | O19: =강남!H19 -> 0 | P19: =SUM(M19:O19) -> 0 | Q19: =중앙!H19 -> 0 | R19: =고양!H19 -> 0 | S19: =용인!H19 -> 0 | T19: =분당!H19 -> 0 | U19: =세종!H19 -> 0 | V19: =김해!H19 -> 0 | W19: =평택!H19 -> 0 | X19: =SUM(Q19:W19) -> 0 | Y19: =L19+P19+X19 -> 15108.122
A20: 공구와기구 | C20: =동탄!H20 -> 60.075396 | D20: =화성!H20 -> 76 | E20: =파주!H20 -> 444.91829 | F20: =광교!H20 -> 12.57729 | G20: =판교!H20 -> 36.588479 | H20: =삼송!H20 -> 19 | I20: =양산!H20 -> 4 | J20: =대구!H20 -> 102 | K20: =청주!H20 -> 5.5825 | L20: =SUM(C20:K20) -> 760.74196 | M20: =수원!H20 -> 150 | N20: =광주전남!H20 -> 80.037298 | O20: =강남!H20 -> 30 | P20: =SUM(M20:O20) -> 260.0373 | Q20: =중앙!H20 -> 0 | R20: =고양!H20 -> 21 | S20: =용인!H20 -> 0 | T20: =분당!H20 -> 0 | U20: =세종!H20 -> 0 | V20: =김해!H20 -> 0 | W20: =평택!H20 -> 0 | X20: =SUM(Q20:W20) -> 21 | Y20: =L20+P20+X20 -> 1041.7793
A21: 예비품 | B21: 재생고온부품 | C21: =동탄!H21 -> 128653.17 | D21: =화성!H21 -> 15548 | E21: =파주!H21 -> 0 | F21: =광교!H21 -> 0 | G21: =판교!H21 -> 0 | H21: =삼송!H21 -> 0 | I21: =양산!H21 -> 0 | J21: =대구!H21 -> 0 | K21: =청주!H21 -> 0 | L21: =SUM(C21:K21) -> 144201.17 | M21: =수원!H21 -> 0 | N21: =광주전남!H21 -> 0 | O21: =강남!H21 -> 0 | P21: =SUM(M21:O21) -> 0 | Q21: =중앙!H21 -> 0 | R21: =고양!H21 -> 0 | S21: =용인!H21 -> 0 | T21: =분당!H21 -> 0 | U21: =세종!H21 -> 0 | V21: =김해!H21 -> 0 | W21: =평택!H21 -> 0 | X21: =SUM(Q21:W21) -> 0 | Y21: =L21+P21+X21 -> 144201.17
B22: 자산화예비품 | C22: =동탄!H22 -> 624 | D22: =화성!H22 -> 2274.0658 | E22: =파주!H22 -> 18 | F22: =광교!H22 -> 167.26875 | G22: =판교!H22 -> 180 | H22: =삼송!H22 -> 50 | I22: =양산!H22 -> 154.35765 | J22: =대구!H22 -> 356 | K22: =청주!H22 -> 356 | L22: =SUM(C22:K22) -> 4179.6922 | M22: =수원!H22 -> 187.53481 | N22: =광주전남!H22 -> 386 | O22: =강남!H22 -> 107 | P22: =SUM(M22:O22) -> 680.53481 | Q22: =중앙!H22 -> 29 | R22: =고양!H22 -> 0 | S22: =용인!H22 -> 0 | T22: =분당!H22 -> 0 | U22: =세종!H22 -> 0 | V22: =김해!H22 -> 0 | W22: =평택!H22 -> 0 | X22: =SUM(Q22:W22) -> 29 | Y22: =L22+P22+X22 -> 4889.227
B23: 저장품 | C23: =동탄!H23 -> 2 | D23: =화성!H23 -> 238 | E23: =파주!H23 -> 126 | F23: =광교!H23 -> 130.34646 | G23: =판교!H23 -> 54 | H23: =삼송!H23 -> 20 | I23: =양산!H23 -> 91 | J23: =대구!H23 -> 83.5 | K23: =청주!H23 -> 83.5 | L23: =SUM(C23:K23) -> 828.34646 | M23: =수원!H23 -> 170.10038 | N23: =광주전남!H23 -> 84 | O23: =강남!H23 -> 45.735599 | P23: =SUM(M23:O23) -> 299.83598 | Q23: =중앙!H23 -> 0 | R23: =고양!H23 -> 10 | S23: =용인!H23 -> 0 | T23: =분당!H23 -> 0 | U23: =세종!H23 -> 0 | V23: =김해!H23 -> 0 | W23: =평택!H23 -> 0 | X23: =SUM(Q23:W23) -> 10 | Y23: =L23+P23+X23 -> 1138.1824
B24: 계 | C24: =SUM(C21:C23) -> 129279.17 | D24: =SUM(D21:D23) -> 18060.066 | E24: =SUM(E21:E23) -> 144 | F24: =SUM(F21:F23) -> 297.61521 | G24: =SUM(G21:G23) -> 234 | H24: =SUM(H21:H23) -> 70 | I24: =SUM(I21:I23) -> 245.35765 | J24: =SUM(J21:J23) -> 439.5 | K24: =SUM(K21:K23) -> 439.5 | L24: =SUM(C24:K24) -> 149209.21 | M24: =SUM(M21:M23) -> 357.63519 | N24: =SUM(N21:N23) -> 470 | O24: =SUM(O21:O23) -> 152.7356 | P24: =SUM(M24:O24) -> 980.37079 | Q24: =SUM(Q21:Q23) -> 29 | R24: =SUM(R21:R23) -> 10 | S24: =SUM(S21:S23) -> 0 | T24: =SUM(T21:T23) -> 0 | U24: =SUM(U21:U23) -> 0 | V24: =SUM(V21:V23) -> 0 | W24: =SUM(W21:W23) -> 0 | X24: =SUM(Q24:W24) -> 39 | Y24: =L24+P24+X24 -> 150228.58
A25: 자본예산 합계 | C25: =C14+C15+C19+C18+C20+C24 -> 144015.71 | D25: =D14+D15+D19+D18+D20+D24 -> 31285.41 | E25: =E14+E15+E19+E18+E20+E24 -> 3879.0792 | F25: =F14+F15+F19+F18+F20+F24 -> 1970.7134 | G25: =G14+G15+G19+G18+G20+G24 -> 3521.736 | H25: =H14+H15+H19+H18+H20+H24 -> 393.14173 | I25: =I14+I15+I19+I18+I20+I24 -> 440.35765 | J25: =J14+J15+J19+J18+J20+J24 -> 2008.4693 | ... Y25: =Y14+Y15+Y19+Y18+Y20+Y24 -> 202925.54
A26: 투자비 | B26: 열원공사비 등 | C26: =동탄!H25 -> 1245.0171 | D26: =화성!H25 -> 364.22972 | E26: =파주!H25 -> 462.26257 | F26: =광교!H25 -> 148.66519 | G26: =판교!H25 -> 1506.043 | H26: =삼송!H25 -> 763.79436 | I26: =양산!H25 -> 2.154568 | J26: =대구!H25 -> 688.38448 | K26: =청주!H25 -> 3196.3016 | L26: =SUM(C26:K26) -> 8376.8527 | M26: =수원!H25 -> 46.323212 | N26: =광주전남!H25 -> 572.03781 | O26: =강남!H25 -> 1346.605 | P26: =SUM(M26:O26) -> 1964.966 | Q26: =중앙!H25 -> 1122.9226 | R26: =고양!H25 -> 745.07721 | S26: =용인!H25 -> 580.56586 | T26: =분당!H25 -> 0 | U26: =세종!H25 -> 0 | V26: =김해!H25 -> 278.07725 | W26: =평택!H25 -> 0 | X26: =SUM(Q26:W26) -> 2726.643 | Y26: =L26+P26+X26 -> 13068.462
B31: 건물/구축물 | C31: =INT(C4*0.9) -> 922 | D31: =INT(D4*0.9) -> 355 | E31: =INT(E4*0.9) -> 767 | F31: =INT(F4*0.9) -> 42 | G31: =INT(G4*0.9) -> 296 | H31: =INT(H4*0.9) -> 278 | I31: =INT(I4*0.9) -> 158 | J31: =INT(J4*0.9) -> 2 | K31: =INT(K4*0.9) -> 29 | M31: =INT(M4*0.9) -> 296 | N31: =INT(N4*0.9) -> 231 | O31: =INT(O4*0.9) -> 156 | Q31: =INT(Q4*0.9) -> 200 | R31: =INT(R4*0.9) -> 102 | S31: =INT(S4*0.9) -> 83 | T31: =INT(T4*0.9) -> 38 | U31: =INT(U4*0.9) -> 31 | V31: =INT(V4*0.9) -> 145 | W31: =INT(W4*0.9) -> 0 | Y31: =SUM(C31:X31) -> 4131
B32: 열원정기점검 | C32: =INT(C5*0.9) -> 4588 | D32: =INT(D5*0.9) -> 3608 | E32: =INT(E5*0.9) -> 2023 | F32: =INT(F5*0.9) -> 922 | G32: =INT(G5*0.9) -> 826 | H32: =INT(H5*0.9) -> 1475 | I32: =INT(I5*0.9) -> 786 | J32: =INT(J5*0.9) -> 1058 | K32: =INT(K5*0.9) -> 2319 | M32: =INT(M5*0.9) -> 826 | N32: =INT(N5*0.9) -> 1176 | O32: =INT(O5*0.9) -> 1773 | Q32: =INT(Q5*0.9) -> 1303 | R32: =INT(R5*0.9) -> 615 | S32: =INT(S5*0.9) -> 457 | T32: =INT(T5*0.9) -> 592 | U32: =INT(U5*0.9) -> 110 | V32: =INT(V5*0.9) -> 298 | W32: =INT(W5*0.9) -> 159 | Y32: =SUM(C32:X32) -> 24914
B33: 열원경상정비 | C33: =C6 -> 8719.1166 | D33: =D6 -> 6735.6105 | E33: =E6 -> 6294.9529 | F33: =F6 -> 2587.0868 | G33: =G6 -> 2685.4967 | H33: =H6 -> 1937.5815 | I33: =I6 -> 2414.3227 | J33: =J6 -> 3994.3482 | K33: =K6 -> 3629.1382 | M33: =M6 -> 2685.4967 | N33: =N6 -> 1911.3388 | O33: =O6 -> 1341.6549 | Q33: =Q6 -> 1163.4236 | R33: =R6 -> 764.31684 | S33: =S6 -> 740.26109 | T33: =T6 -> 660.43973 | U33: =U6 -> 298.51001 | V33: =V6 -> 43.737731 | W33: =W6 -> 43.737731 | Y33: =Y6 -> 48650.571
B34: 열원정기유지보수 | C34: =INT(C7*0.9) -> 2953 | D34: =INT(D7*0.9) -> 360 | E34: =INT(E7*0.9) -> 627 | F34: =INT(F7*0.9) -> 182 | G34: =INT(G7*0.9) -> 182 | H34: =INT(H7*0.9) -> 154 | I34: =INT(I7*0.9) -> 225 | J34: =INT(J7*0.9) -> 257 | K34: =INT(K7*0.9) -> 196 | M34: =INT(M7*0.9) -> 182 | N34: =INT(N7*0.9) -> 201 | O34: =INT(O7*0.9) -> 569 | Q34: =INT(Q7*0.9) -> 666 | R34: =INT(R7*0.9) -> 521 | S34: =INT(S7*0.9) -> 115 | T34: =INT(T7*0.9) -> 81 | U34: =INT(U7*0.9) -> 59 | V34: =INT(V7*0.9) -> 51 | W34: =INT(W7*0.9) -> 90 | Y34: =SUM(C34:X34) -> 7671
B35: 열원보완및개선 | C35: =INT(C8*0.9) -> 2273 | D35: =INT(D8*0.9) -> 1186 | E35: =INT(E8*0.9) -> 696 | F35: =INT(F8*0.9) -> 1204 | G35: =INT(G8*0.9) -> 454 | H35: =INT(H8*0.9) -> 380 | I35: =INT(I8*0.9) -> 867 | J35: =INT(J8*0.9) -> 748 | K35: =INT(K8*0.9) -> 360 | M35: =INT(M8*0.9) -> 454 | N35: =INT(N8*0.9) -> 690 | O35: =INT(O8*0.9) -> 617 | Q35: =INT(Q8*0.9) -> 1019 | R35: =INT(R8*0.9) -> 1210 | S35: =INT(S8*0.9) -> 216 | T35: =INT(T8*0.9) -> 430 | U35: =INT(U8*0.9) -> 324 | V35: =INT(V8*0.9) -> 255 | W35: =INT(W8*0.9) -> 27 | Y35: =SUM(C35:X35) -> 13410
B36: 비저장품(보수자재) | C36: =INT(C9*0.9) -> 731 | D36: =INT(D9*0.9) -> 564 | E36: =INT(E9*0.9) -> 527 | F36: =INT(F9*0.9) -> 216 | G36: =INT(G9*0.9) -> 225 | H36: =INT(H9*0.9) -> 49 | I36: =INT(I9*0.9) -> 201 | J36: =INT(J9*0.9) -> 334 | K36: =INT(K9*0.9) -> 304 | M36: =INT(M9*0.9) -> 225 | N36: =INT(N9*0.9) -> 154 | O36: =INT(O9*0.9) -> 108 | Q36: =INT(Q9*0.9) -> 94 | R36: =INT(R9*0.9) -> 61 | S36: =INT(S9*0.9) -> 60 | T36: =INT(T9*0.9) -> 53 | U36: =INT(U9*0.9) -> 24 | V36: =INT(V9*0.9) -> 3 | W36: =INT(W9*0.9) -> 3 | Y36: =SUM(C36:X36) -> 3936
B37: 소모품(자재공기구) | C37: =INT(C10*0.9) -> 81 | D37: =INT(D10*0.9) -> 62 | E37: =INT(E10*0.9) -> 59 | F37: =INT(F10*0.9) -> 23 | G37: =INT(G10*0.9) -> 24 | H37: =INT(H10*0.9) -> 5 | I37: =INT(I10*0.9) -> 22 | J37: =INT(J10*0.9) -> 37 | K37: =INT(K10*0.9) -> 33 | M37: =INT(M10*0.9) -> 24 | N37: =INT(N10*0.9) -> 16 | O37: =INT(O10*0.9) -> 11 | Q37: =INT(Q10*0.9) -> 10 | R37: =INT(R10*0.9) -> 6 | S37: =INT(S10*0.9) -> 6 | T37: =INT(T10*0.9) -> 5 | U37: =INT(U10*0.9) -> 2 | V37: =INT(V10*0.9) -> 0 | W37: =INT(W10*0.9) -> 0 | Y37: =SUM(C37:X37) -> 426
B39: 지급수수료 열원 | C39: =INT(C12*0.9) -> 425 | D39: =INT(D12*0.9) -> 357 | E39: =INT(E12*0.9) -> 543 | F39: =INT(F12*0.9) -> 226 | G39: =INT(G12*0.9) -> 207 | H39: =INT(H12*0.9) -> 222 | I39: =INT(I12*0.9) -> 646 | J39: =INT(J12*0.9) -> 409 | K39: =INT(K12*0.9) -> 425 | M39: =INT(M12*0.9) -> 207 | N39: =INT(N12*0.9) -> 753 | O39: =INT(O12*0.9) -> 229 | Q39: =INT(Q12*0.9) -> 230 | R39: =INT(R12*0.9) -> 96 | S39: =INT(S12*0.9) -> 185 | T39: =INT(T12*0.9) -> 63 | U39: =INT(U12*0.9) -> 75 | V39: =INT(V12*0.9) -> 155 | W39: =INT(W12*0.9) -> 49 | Y39: =SUM(C39:X39) -> 5502
Y40: =SUM(Y31:Y39) -> 108640.57 | Z40: =Y13-Y40 -> 6742.468
C41: =C14 -> 19 | D41: =D14 -> 0 | E41: =E14 -> 0 | F41: =F14 -> 28 | G41: =G14 -> 6 | H41: =H14 -> 0 | I41: =I14 -> 11 | J41: =J14 -> 0 | ... W41: =W14 -> 0
C42: =C15 -> 0 | D42: =D15 -> 15 | E42: =E15 -> 0 | F42: =F15 -> 50 | G42: =G15 -> 0 | H42: =H15 -> 0 | I42: =I15 -> 0 | J42: =J15 -> 0 | ... W42: =W15 -> 0
C43: =C16 -> 14191 | D43: =D16 -> 0 | E43: =E16 -> 2131 | F43: =F16 -> 812 | G43: =G16 -> 2011 | H43: =H16 -> 0 | I43: =I16 -> 0 | J43: =J16 -> 0 | ... W43: =W16 -> 0
C44: =C17 -> 466.46397 | D44: =D17 -> 2924.9607 | E44: =E17 -> 1159.1609 | F44: =F17 -> 770.52093 | G44: =G17 -> 1234.1475 | H44: =H17 -> 304.14173 | I44: =I17 -> 180 | J44: =J17 -> 1466.9693 | ... W44: =W17 -> 9.8409894
C45: =C18 -> 14657.464 | D45: =D18 -> 2924.9607 | E45: =E18 -> 3290.1609 | F45: =F18 -> 1582.5209 | G45: =G18 -> 3245.1475 | H45: =H18 -> 304.14173 | I45: =I18 -> 180 | J45: =J18 -> 1466.9693 | ... W45: =W18 -> 9.8409894
C46: =C19 -> 0 | D46: =D19 -> 10209.384 | E46: =E19 -> 0 | F46: =F19 -> 0 | G46: =G19 -> 0 | H46: =H19 -> 0 | I46: =I19 -> 0 | J46: =J19 -> 0 | ... W46: =W19 -> 0
C47: =C20 -> 60.075396 | D47: =D20 -> 76 | E47: =E20 -> 444.91829 | F47: =F20 -> 12.57729 | G47: =G20 -> 36.588479 | H47: =H20 -> 19 | I47: =I20 -> 4 | J47: =J20 -> 102 | ... W47: =W20 -> 0
C48: =C21 -> 128653.17 | D48: =D21 -> 15548 | E48: =E21 -> 0 | F48: =F21 -> 0 | G48: =G21 -> 0 | H48: =H21 -> 0 | I48: =I21 -> 0 | J48: =J21 -> 0 | ... W48: =W21 -> 0
C49: =C22 -> 624 | D49: =D22 -> 2274.0658 | E49: =E22 -> 18 | F49: =F22 -> 167.26875 | G49: =G22 -> 180 | H49: =H22 -> 50 | I49: =I22 -> 154.35765 | J49: =J22 -> 356 | ... W49: =W22 -> 0
C50: =C23 -> 2 | D50: =D23 -> 238 | E50: =E23 -> 126 | F50: =F23 -> 130.34646 | G50: =G23 -> 54 | H50: =H23 -> 20 | I50: =I23 -> 91 | J50: =J23 -> 83.5 | ... W50: =W23 -> 0
C51: =C24 -> 129279.17 | D51: =D24 -> 18060.066 | E51: =E24 -> 144 | F51: =F24 -> 297.61521 | G51: =G24 -> 234 | H51: =H24 -> 70 | I51: =I24 -> 245.35765 | J51: =J24 -> 439.5 | ... W51: =W24 -> 0
C52: =C25 -> 144015.71 | D52: =D25 -> 31285.41 | E52: =E25 -> 3879.0792 | F52: =F25 -> 1970.7134 | G52: =G25 -> 3521.736 | H52: =H25 -> 393.14173 | I52: =I25 -> 440.35765 | J52: =J25 -> 2008.4693 | ... W52: =W25 -> 9.8409894
... C56: =C29 -> 0 | D56: =D29 -> 0 | E56: =E29 -> 0 | F56: =F29 -> 0 | G56: =G29 -> 0 | H56: =H29 -> 0 | I56: =I29 -> 0 | J56: =J29 -> 0 | ... W56: =W29 -> 0

Sheet 32년
Y2: [단위 : 백만원]
A3: 2032년 | C3: 동탄 | D3: 화성 | E3: 파주 | F3: 광교 | G3: 판교 | H3: 삼송 | I3: 양산 | J3: 대구 | K3: 청주 | L3: 소계 | M3: 수원 | N3: 광주전남 | O3: 강남 | P3: 소계 | Q3: 중앙 | R3: 고양 | S3: 용인 | T3: 분당 | U3: 세종 | V3: 김해 | W3: 평택 | X3: 소계 | Y3: 합계
A4: 수선유지비 | B4: 건물/구축물 | C4: =동탄!I6 -> 1039.8645 | D4: =화성!I6 -> 401.29368 | E4: =파주!I6 -> 866.00707 | F4: =광교!I6 -> 48.111504 | G4: =판교!I6 -> 334.59364 | H4: =삼송!I6 -> 313.81822 | I4: =양산!I6 -> 178.23125 | J4: =대구!I6 -> 3.2803298 | K4: =청주!I6 -> 32.803298 | L4: =SUM(C4:K4) -> 3218.0035 | M4: =수원!I6 -> 334.59364 | N4: =광주전남!I6 -> 261.33294 | O4: =강남!I6 -> 176.04437 | P4: =SUM(M4:O4) -> 771.97094 | Q4: =중앙!I6 -> 226.34276 | R4: =고양!I6 -> 115.90499 | S4: =용인!I6 -> 94.036121 | T4: =분당!I6 -> 43.737731 | U4: =세종!I6 -> 34.990184 | V4: =김해!I6 -> 164.01649 | W4: =평택!I6 -> 0 | X4: =SUM(Q4:W4) -> 679.02827 | Y4: =L4+P4+X4 -> 4669.0027
B5: 열원정기점검 | C5: =동탄!I7 -> 5174.6354 | D5: =화성!I7 -> 1446.0339 | E5: =파주!I7 -> 4396.7354 | F5: =광교!I7 -> 1040.4849 | G5: =판교!I7 -> 931.60937 | H5: =삼송!I7 -> 690.32354 | I5: =양산!I7 -> 886.78249 | J5: =대구!I7 -> 1194.1931 | K5: =청주!I7 -> 1194.1931 | L5: =SUM(C5:K5) -> 16954.991 | M5: =수원!I7 -> 931.60937 | N5: =광주전남!I7 -> 1326.3467 | O5: =강남!I7 -> 1999.9077 | P5: =SUM(M5:O5) -> 4257.8638 | Q5: =중앙!I7 -> 1469.5877 | R5: =고양!I7 -> 694.33647 | S5: =용인!I7 -> 516.10522 | T5: =분당!I7 -> 668.09383 | U5: =세종!I7 -> 124.65253 | V5: =김해!I7 -> 336.78053 | W5: =평택!I7 -> 180.41814 | X5: =SUM(Q5:W5) -> 3989.9745 | Y5: =L5+P5+X5 -> 25202.829
B6: 열원경상정비 | C6: =동탄!I8 -> 8849.9033 | D6: =화성!I8 -> 6836.6447 | E6: =파주!I8 -> 6389.3772 | F6: =광교!I8 -> 2625.8931 | G6: =판교!I8 -> 2725.7791 | H6: =삼송!I8 -> 1966.6452 | I6: =양산!I8 -> 2450.5376 | J6: =대구!I8 -> 4054.2635 | K6: =청주!I8 -> 3683.5753 | L6: =SUM(C6:K6) -> 39582.619 | M6: =수원!I8 -> 2725.7791 | N6: =광주전남!I8 -> 1940.0089 | O6: =강남!I8 -> 1361.7797 | P6: =SUM(M6:O6) -> 6027.5677 | Q6: =중앙!I8 -> 1180.875 | R6: =고양!I8 -> 775.78159 | S6: =용인!I8 -> 751.36501 | T6: =분당!I8 -> 670.34633 | U6: =세종!I8 -> 302.98766 | V6: =김해!I8 -> 44.393797 | W6: =평택!I8 -> 44.393797 | X6: =SUM(Q6:W6) -> 3770.1432 | Y6: =L6+P6+X6 -> 49380.33
B7: 열원정기유지보수 | C7: =동탄!I9 -> 3330.7451 | D7: =화성!I9 -> 406.76089 | E7: =파주!I9 -> 707.45779 | F7: =광교!I9 -> 205.56733 | G7: =판교!I9 -> 205.56733 | H7: =삼송!I9 -> 173.85748 | I7: =양산!I9 -> 254.77228 | J7: =대구!I9 -> 290.85591 | K7: =청주!I9 -> 221.96898 | L7: =SUM(C7:K7) -> 5797.5531 | M7: =수원!I9 -> 205.56733 | N7: =광주전남!I9 -> 227.4362 | O7: =강남!I9 -> 641.8512 | P7: =SUM(M7:O7) -> 1074.8547 | Q7: =중앙!I9 -> 751.19552 | R7: =고양!I9 -> 588.27248 | S7: =용인!I9 -> 130.11975 | T7: =분당!I9 -> 91.849234 | U7: =세종!I9 -> 66.700039 | V7: =김해!I9 -> 57.952493 | W7: =평택!I9 -> 101.69022 | X7: =SUM(Q7:W7) -> 1787.7797 | Y7: =L7+P7+X7 -> 8660.1876
B8: 열원보완및개선 | C8: =동탄!I10 -> 2547.543 | D8: =화성!I10 -> 930.48288 | E8: =파주!I10 -> 785.50891 | F8: =광교!I10 -> 1358.0565 | G8: =판교!I10 -> 512.82489 | H8: =삼송!I10 -> 428.62976 | I8: =양산!I10 -> 978.63172 | J8: =대구!I10 -> 844.1382 | K8: =청주!I10 -> 406.76089 | L8: =SUM(C8:K8) -> 8792.5768 | M8: =수원!I10 -> 512.82489 | N8: =광주전남!I10 -> 778.5316 | O8: =강남!I10 -> 696.52336 | P8: =SUM(M8:O8) -> 1987.8799 | Q8: =중앙!I10 -> 1150.3023 | R8: =고양!I10 -> 1364.6172 | S8: =용인!I10 -> 243.83785 | T8: =분당!I10 -> 485.48881 | U8: =세종!I10 -> 366.30349 | V8: =김해!I10 -> 288.66902 | W8: =평택!I10 -> 30.616411 | X8: =SUM(Q8:W8) -> 3929.8351 | Y8: =L8+P8+X8 -> 14710.292
B9: 비저장품(보수자재) | C9: =동탄!I11 -> 824.61477 | D9: =화성!I11 -> 637.05098 | E9: =파주!I11 -> 594.87687 | F9: =광교!I11 -> 244.16588 | G9: =판교!I11 -> 254.15449 | H9: =삼송!I11 -> 55.492246 | I9: =양산!I11 -> 227.51821 | J9: =대구!I11 -> 377.34727 | K9: =청주!I11 -> 342.94208 | L9: =SUM(C9:K9) -> 3558.1628 | M9: =수원!I11 -> 254.15449 | N9: =광주전남!I11 -> 174.24565 | O9: =강남!I11 -> 122.08294 | P9: =SUM(M9:O9) -> 550.48308 | Q9: =중앙!I11 -> 106.54511 | R9: =고양!I11 -> 69.92023 | S9: =용인!I11 -> 67.70054 | T9: =분당!I11 -> 59.931625 | U9: =세종!I11 -> 27.746123 | V9: =김해!I11 -> 4.4393797 | W9: =평택!I11 -> 4.4393797 | X9: =SUM(Q9:W9) -> 340.72239 | Y9: =L9+P9+X9 -> 4449.3683
B10: 소모품(자재공기구) | C10: =동탄!I12 -> 92.117128 | D10: =화성!I12 -> 71.030074 | E10: =파주!I12 -> 66.590695 | F10: =광교!I12 -> 26.636278 | G10: =판교!I12 -> 27.746123 | H10: =삼송!I12 -> 6.6590695 | I10: =양산!I12 -> 25.526433 | J10: =대구!I12 -> 42.174107 | K10: =청주!I12 -> 37.734727 | L10: =SUM(C10:K10) -> 396.21463 | M10: =수원!I12 -> 27.746123 | N10: =광주전남!I12 -> 18.867364 | O10: =강남!I12 -> 13.318139 | P10: =SUM(M10:O10) -> 59.931625 | Q10: =중앙!I12 -> 12.208294 | R10: =고양!I12 -> 7.7689144 | S10: =용인!I12 -> 7.7689144 | T10: =분당!I12 -> 6.6590695 | U10: =세종!I12 -> 3.3295347 | V10: =김해!I12 -> 1.1098449 | W10: =평택!I12 -> 1.1098449 | X10: =SUM(Q10:W10) -> 39.954417 | Y10: =L10+P10+X10 -> 496.10068
B11: 계 | C11: =SUM(C4:C10) -> 21859.423 | D11: =SUM(D4:D10) -> 10729.297 | E11: =SUM(E4:E10) -> 13806.554 | F11: =SUM(F4:F10) -> 5548.9155 | G11: =SUM(G4:G10) -> 4992.2749 | H11: =SUM(H4:H10) -> 3635.4255 | I11: =SUM(I4:I10) -> 5001.9999 | J11: =SUM(J4:J10) -> 6806.2524 | K11: =SUM(K4:K10) -> 5919.9784 | L11: =SUM(C11:K11) -> 78300.121 | M11: =SUM(M4:M10) -> 4992.2749 | N11: =SUM(N4:N10) -> 4726.7693 | O11: =SUM(O4:O10) -> 5011.5074 | P11: =SUM(M11:O11) -> 14730.552 | Q11: =SUM(Q4:Q10) -> 4897.0567 | R11: =SUM(R4:R10) -> 3616.6019 | S11: =SUM(S4:S10) -> 1810.9334 | T11: =SUM(T4:T10) -> 2026.1066 | U11: =SUM(U4:U10) -> 926.70957 | V11: =SUM(V4:V10) -> 897.36155 | W11: =SUM(W4:W10) -> 362.66779 | X11: =SUM(Q11:W11) -> 14537.438 | Y11: =L11+P11+X11 -> 107568.11
A12: 지급수수료 | B12: 지급수수료 열원 | C12: =동탄!I13 -> 480.22379 | D12: =화성!I13 -> 403.48056 | E12: =파주!I13 -> 613.42167 | F12: =광교!I13 -> 255.86572 | G12: =판교!I13 -> 233.99686 | H12: =삼송!I13 -> 250.39851 | I12: =양산!I13 -> 729.32666 | J12: =대구!I13 -> 461.43306 | K12: =청주!I13 -> 480.02159 | L12: =SUM(C12:K12) -> 3908.1684 | M12: =수원!I13 -> 233.99686 | N12: =광주전남!I13 -> 849.60542 | O12: =강남!I13 -> 259.14605 | P12: =SUM(M12:O12) -> 1342.7483 | Q12: =중앙!I13 -> 260.2395 | R12: =고양!I13 -> 109.34433 | S12: =용인!I13 -> 208.84766 | T12: =분당!I13 -> 71.073812 | U12: =세종!I13 -> 85.288575 | V12: =김해!I13 -> 174.95092 | W12: =평택!I13 -> 55.765606 | X12: =SUM(Q12:W12) -> 965.5104 | Y12: =L12+P12+X12 -> 6216.4272
A13: 손익예산 합계 | C13: =C12+C11 -> 22339.647 | D13: =D12+D11 -> 11132.778 | E13: =E12+E11 -> 14419.976 | F13: =F12+F11 -> 5804.7812 | G13: =G12+G11 -> 5226.2718 | H13: =H12+H11 -> 3885.824 | I13: =I12+I11 -> 5731.3266 | J13: =J12+J11 -> 7267.6855 | K13: =K12+K11 -> 6400 | L13: =SUM(C13:K13) -> 82208.289 | M13: =M12+M11 -> 5226.2718 | N13: =N12+N11 -> 5576.3748 | O13: =O12+O11 -> 5270.6535 | P13: =SUM(M13:O13) -> 16073.3 | Q13: =Q12+Q11 -> 5157.2962 | R13: =R12+R11 -> 3725.9462 | S13: =S12+S11 -> 2019.7811 | T13: =T12+T11 -> 2097.1804 | U13: =U12+U11 -> 1011.9981 | V13: =V12+V11 -> 1072.3125 | W13: =W12+W11 -> 418.4334 | X13: =SUM(Q13:W13) -> 15502.948 | Y13: =L13+P13+X13 -> 113784.54
A14: 건물 | C14: =동탄!I15 -> 0 | D14: =화성!I15 -> 22 | E14: =파주!I15 -> 0 | F14: =광교!I15 -> 28 | G14: =판교!I15 -> 6 | H14: =삼송!I15 -> 0 | I14: =양산!I15 -> 11 | J14: =대구!I15 -> 0 | K14: =청주!I15 -> 0 | L14: =SUM(C14:K14) -> 67 | M14: =수원!I15 -> 0 | N14: =광주전남!I15 -> 0 | O14: =강남!I15 -> 0 | P14: =SUM(M14:O14) -> 0 | Q14: =중앙!I15 -> 0 | R14: =고양!I15 -> 0 | S14: =용인!I15 -> 0 | T14: =분당!I15 -> 0 | U14: =세종!I15 -> 0 | V14: =김해!I15 -> 0 | W14: =평택!I15 -> 0 | X14: =SUM(Q14:W14) -> 0 | Y14: =L14+P14+X14 -> 67
A15: 구축물 | C15: =동탄!I16 -> 0 | D15: =화성!I16 -> 15 | E15: =파주!I16 -> 0 | F15: =광교!I16 -> 0 | G15: =판교!I16 -> 0 | H15: =삼송!I16 -> 0 | I15: =양산!I16 -> 0 | J15: =대구!I16 -> 0 | K15: =청주!I16 -> 0 | L15: =SUM(C15:K15) -> 15 | M15: =수원!I16 -> 0 | N15: =광주전남!I16 -> 0 | O15: =강남!I16 -> 0 | P15: =SUM(M15:O15) -> 0 | Q15: =중앙!I16 -> 0 | R15: =고양!I16 -> 0 | S15: =용인!I16 -> 0 | T15: =분당!I16 -> 0 | U15: =세종!I16 -> 0 | V15: =김해!I16 -> 0 | W15: =평택!I16 -> 0 | X15: =SUM(Q15:W15) -> 0 | Y15: =L15+P15+X15 -> 15
A16: 기계장치 | B16: 고온부품재생+LTSA | C16: =동탄!I17 -> 2544.4869 | D16: =화성!I17 -> 2169 | E16: =파주!I17 -> 0 | F16: =광교!I17 -> 0 | G16: =판교!I17 -> 0 | H16: =삼송!I17 -> 788 | I16: =양산!I17 -> 0 | J16: =대구!I17 -> 7042 | K16: =청주!I17 -> 0 | L16: =SUM(C16:K16) -> 12543.487 | M16: =수원!I17 -> 0 | N16: =광주전남!I17 -> 0 | O16: =강남!I17 -> 0 | P16: =SUM(M16:O16) -> 0 | Q16: =중앙!I17 -> 0 | R16: =고양!I17 -> 0 | S16: =용인!I17 -> 0 | T16: =분당!I17 -> 0 | U16: =세종!I17 -> 0 | V16: =김해!I17 -> 0 | W16: =평택!I17 -> 0 | X16: =SUM(Q16:W16) -> 0 | Y16: =L16+P16+X16 -> 12543.487
B17: 기타기계장치 | C17: =동탄!I18 -> 473.46093 | D17: =화성!I18 -> 1771.9728 | E17: =파주!I18 -> 1077.252 | F17: =광교!I18 -> 782.07874 | G17: =판교!I18 -> 1252.6598 | H17: =삼송!I18 -> 308.70386 | I17: =양산!I18 -> 1809.0472 | J17: =대구!I18 -> 1488.9739 | K17: =청주!I18 -> 706 | L17: =SUM(C17:K17) -> 9670.1492 | M17: =수원!I18 -> 384.13901 | N17: =광주전남!I18 -> 1640.3508 | O17: =강남!I18 -> 1477.2418 | P17: =SUM(M17:O17) -> 3501.7316 | Q17: =중앙!I18 -> 1014.3983 | R17: =고양!I18 -> 1258.5641 | S17: =용인!I18 -> 615.96393 | T17: =분당!I18 -> 1024.3869 | U17: =세종!I18 -> 83.238368 | V17: =김해!I18 -> 87.677748 | W17: =평택!I18 -> 9.9886042 | X17: =SUM(Q17:W17) -> 4094.2179 | Y17: =L17+P17+X17 -> 17266.099
B18: 계 | C18: =SUM(C16:C17) -> 3017.9478 | D18: =SUM(D16:D17) -> 3940.9728 | E18: =SUM(E16:E17) -> 1077.252 | F18: =SUM(F16:F17) -> 782.07874 | G18: =SUM(G16:G17) -> 1252.6598 | H18: =SUM(H16:H17) -> 1096.7039 | I18: =SUM(I16:I17) -> 1809.0472 | J18: =SUM(J16:J17) -> 8530.9739 | K18: =SUM(K16:K17) -> 706 | L18: =SUM(C18:K18) -> 22213.636 | M18: =SUM(M16:M17) -> 384.13901 | N18: =SUM(N16:N17) -> 1640.3508 | O18: =SUM(O16:O17) -> 1477.2418 | P18: =SUM(M18:O18) -> 3501.7316 | Q18: =SUM(Q16:Q17) -> 1014.3983 | R18: =SUM(R16:R17) -> 1258.5641 | S18: =SUM(S16:S17) -> 615.96393 | T18: =SUM(T16:T17) -> 1024.3869 | U18: =SUM(U16:U17) -> 83.238368 | V18: =SUM(V16:V17) -> 87.677748 | W18: =SUM(W16:W17) -> 9.9886042 | X18: =SUM(Q18:W18) -> 4094.2179 | Y18: =L18+P18+X18 -> 29809.586
A19: 건가-외주비 | B19: MI 및 A급 정비 | C19: =동탄!I19 -> 0 | D19: =화성!I19 -> 0 | E19: =파주!I19 -> 0 | F19: =광교!I19 -> 0 | G19: =판교!I19 -> 0 | H19: =삼송!I19 -> 0 | I19: =양산!I19 -> 3985.4531 | J19: =대구!I19 -> 0 | K19: =청주!I19 -> 0 | L19: =SUM(C19:K19) -> 3985.4531 | M19: =수원!I19 -> 0 | N19: =광주전남!I19 -> 0 | O19: =강남!I19 -> 0 | P19: =SUM(M19:O19) -> 0 | Q19: =중앙!I19 -> 0 | R19: =고양!I19 -> 0 | S19: =용인!I19 -> 0 | T19: =분당!I19 -> 0 | U19: =세종!I19 -> 0 | V19: =김해!I19 -> 0 | W19: =평택!I19 -> 0 | X19: =SUM(Q19:W19) -> 0 | Y19: =L19+P19+X19 -> 3985.4531
A20: 공구와기구 | C20: =동탄!I20 -> 60.976527 | D20: =화성!I20 -> 76 | E20: =파주!I20 -> 451.59207 | F20: =광교!I20 -> 13 | G20: =판교!I20 -> 37.137306 | H20: =삼송!I20 -> 19 | I20: =양산!I20 -> 4 | J20: =대구!I20 -> 328 | K20: =청주!I20 -> 5.5825 | L20: =SUM(C20:K20) -> 995.2884 | M20: =수원!I20 -> 150 | N20: =광주전남!I20 -> 81.237858 | O20: =강남!I20 -> 30 | P20: =SUM(M20:O20) -> 261.23786 | Q20: =중앙!I20 -> 0 | R20: =고양!I20 -> 21 | S20: =용인!I20 -> 0 | T20: =분당!I20 -> 0 | U20: =세종!I20 -> 0 | V20: =김해!I20 -> 0 | W20: =평택!I20 -> 0 | X20: =SUM(Q20:W20) -> 21 | Y20: =L20+P20+X20 -> 1277.5263
A21: 예비품 | B21: 재생고온부품 | C21: =동탄!I21 -> 0 | D21: =화성!I21 -> 0 | E21: =파주!I21 -> 17583 | F21: =광교!I21 -> 0 | G21: =판교!I21 -> 0 | H21: =삼송!I21 -> 0 | I21: =양산!I21 -> 0 | J21: =대구!I21 -> 0 | K21: =청주!I21 -> 0 | L21: =SUM(C21:K21) -> 17583 | M21: =수원!I21 -> 0 | N21: =광주전남!I21 -> 0 | O21: =강남!I21 -> 0 | P21: =SUM(M21:O21) -> 0 | Q21: =중앙!I21 -> 0 | R21: =고양!I21 -> 0 | S21: =용인!I21 -> 0 | T21: =분당!I21 -> 0 | U21: =세종!I21 -> 0 | V21: =김해!I21 -> 0 | W21: =평택!I21 -> 0 | X21: =SUM(Q21:W21) -> 0 | Y21: =L21+P21+X21 -> 17583
B22: 자산화예비품 | C22: =동탄!I22 -> 624 | D22: =화성!I22 -> 652.22394 | E22: =파주!I22 -> 638.01161 | F22: =광교!I22 -> 169.77778 | G22: =판교!I22 -> 180 | H22: =삼송!I22 -> 50 | I22: =양산!I22 -> 156.67301 | J22: =대구!I22 -> 1610 | K22: =청주!I22 -> 385.90968 | L22: =SUM(C22:K22) -> 4466.596 | M22: =수원!I22 -> 208.13455 | N22: =광주전남!I22 -> 386 | O22: =강남!I22 -> 107 | P22: =SUM(M22:O22) -> 701.13455 | Q22: =중앙!I22 -> 29 | R22: =고양!I22 -> 0 | S22: =용인!I22 -> 0 | T22: =분당!I22 -> 0 | U22: =세종!I22 -> 0 | V22: =김해!I22 -> 0 | W22: =평택!I22 -> 0 | X22: =SUM(Q22:W22) -> 29 | Y22: =L22+P22+X22 -> 5196.7306
B23: 저장품 | C23: =동탄!I23 -> 2 | D23: =화성!I23 -> 79 | E23: =파주!I23 -> 155 | F23: =광교!I23 -> 13 | G23: =판교!I23 -> 54 | H23: =삼송!I23 -> 20 | I23: =양산!I23 -> 91 | J23: =대구!I23 -> 83.5 | K23: =청주!I23 -> 83.5 | L23: =SUM(C23:K23) -> 581 | M23: =수원!I23 -> 44 | N23: =광주전남!I23 -> 84 | O23: =강남!I23 -> 46.421633 | P23: =SUM(M23:O23) -> 174.42163 | Q23: =중앙!I23 -> 0 | R23: =고양!I23 -> 10 | S23: =용인!I23 -> 0 | T23: =분당!I23 -> 0 | U23: =세종!I23 -> 0 | V23: =김해!I23 -> 0 | W23: =평택!I23 -> 0 | X23: =SUM(Q23:W23) -> 10 | Y23: =L23+P23+X23 -> 765.42163
B24: 계 | C24: =SUM(C21:C23) -> 626 | D24: =SUM(D21:D23) -> 731.22394 | E24: =SUM(E21:E23) -> 18376.012 | F24: =SUM(F21:F23) -> 182.77778 | G24: =SUM(G21:G23) -> 234 | H24: =SUM(H21:H23) -> 70 | I24: =SUM(I21:I23) -> 247.67301 | J24: =SUM(J21:J23) -> 1693.5 | K24: =SUM(K21:K23) -> 469.40968 | L24: =SUM(C24:K24) -> 22630.596 | M24: =SUM(M21:M23) -> 252.13455 | N24: =SUM(N21:N23) -> 470 | O24: =SUM(O21:O23) -> 153.42163 | P24: =SUM(M24:O24) -> 875.55619 | Q24: =SUM(Q21:Q23) -> 29 | R24: =SUM(R21:R23) -> 10 | S24: =SUM(S21:S23) -> 0 | T24: =SUM(T21:T23) -> 0 | U24: =SUM(U21:U23) -> 0 | V24: =SUM(V21:V23) -> 0 | W24: =SUM(W21:W23) -> 0 | X24: =SUM(Q24:W24) -> 39 | Y24: =L24+P24+X24 -> 23545.152
A25: 자본예산 합계 | C25: =C14+C15+C19+C18+C20+C24 -> 3704.9243 | D25: =D14+D15+D19+D18+D20+D24 -> 4785.1968 | E25: =E14+E15+E19+E18+E20+E24 -> 19904.856 | F25: =F14+F15+F19+F18+F20+F24 -> 1005.8565 | G25: =G14+G15+G19+G18+G20+G24 -> 1529.7971 | H25: =H14+H15+H19+H18+H20+H24 -> 1185.7039 | I25: =I14+I15+I19+I18+I20+I24 -> 6057.1733 | J25: =J14+J15+J19+J18+J20+J24 -> 10552.474 | ... Y25: =Y14+Y15+Y19+Y18+Y20+Y24 -> 58699.717
A26: 투자비 | B26: 열원공사비 등 | C26: =동탄!I25 -> 1263.6924 | D26: =화성!I25 -> 369.69317 | E26: =파주!I25 -> 469.1965 | F26: =광교!I25 -> 150.89517 | G26: =판교!I25 -> 1528.6337 | H26: =삼송!I25 -> 775.25127 | I26: =양산!I25 -> 2.1868865 | J26: =대구!I25 -> 698.71025 | K26: =청주!I25 -> 3244.2462 | L26: =SUM(C26:K26) -> 8502.5055 | M26: =수원!I25 -> 47.01806 | N26: =광주전남!I25 -> 580.61837 | O26: =강남!I25 -> 1366.8041 | P26: =SUM(M26:O26) -> 1994.4405 | Q26: =중앙!I25 -> 1139.7665 | R26: =고양!I25 -> 756.25337 | S26: =용인!I25 -> 589.27435 | T26: =분당!I25 -> 0 | U26: =세종!I25 -> 0 | V26: =김해!I25 -> 282.24841 | W26: =평택!I25 -> 0 | X26: =SUM(Q26:W26) -> 2767.5426 | Y26: =L26+P26+X26 -> 13264.489
B31: 건물/구축물 | C31: =INT(C4*0.9) -> 935 | D31: =INT(D4*0.9) -> 361 | E31: =INT(E4*0.9) -> 779 | F31: =INT(F4*0.9) -> 43 | G31: =INT(G4*0.9) -> 301 | H31: =INT(H4*0.9) -> 282 | I31: =INT(I4*0.9) -> 160 | J31: =INT(J4*0.9) -> 2 | K31: =INT(K4*0.9) -> 29 | M31: =INT(M4*0.9) -> 301 | N31: =INT(N4*0.9) -> 235 | O31: =INT(O4*0.9) -> 158 | Q31: =INT(Q4*0.9) -> 203 | R31: =INT(R4*0.9) -> 104 | S31: =INT(S4*0.9) -> 84 | T31: =INT(T4*0.9) -> 39 | U31: =INT(U4*0.9) -> 31 | V31: =INT(V4*0.9) -> 147 | W31: =INT(W4*0.9) -> 0 | Y31: =SUM(C31:X31) -> 4194
B32: 열원정기점검 | C32: =INT(C5*0.9) -> 4657 | D32: =INT(D5*0.9) -> 1301 | E32: =INT(E5*0.9) -> 3957 | F32: =INT(F5*0.9) -> 936 | G32: =INT(G5*0.9) -> 838 | H32: =INT(H5*0.9) -> 621 | I32: =INT(I5*0.9) -> 798 | J32: =INT(J5*0.9) -> 1074 | K32: =INT(K5*0.9) -> 1074 | M32: =INT(M5*0.9) -> 838 | N32: =INT(N5*0.9) -> 1193 | O32: =INT(O5*0.9) -> 1799 | Q32: =INT(Q5*0.9) -> 1322 | R32: =INT(R5*0.9) -> 624 | S32: =INT(S5*0.9) -> 464 | T32: =INT(T5*0.9) -> 601 | U32: =INT(U5*0.9) -> 112 | V32: =INT(V5*0.9) -> 303 | W32: =INT(W5*0.9) -> 162 | Y32: =SUM(C32:X32) -> 22674
B33: 열원경상정비 | C33: =C6 -> 8849.9033 | D33: =D6 -> 6836.6447 | E33: =E6 -> 6389.3772 | F33: =F6 -> 2625.8931 | G33: =G6 -> 2725.7791 | H33: =H6 -> 1966.6452 | I33: =I6 -> 2450.5376 | J33: =J6 -> 4054.2635 | K33: =K6 -> 3683.5753 | M33: =M6 -> 2725.7791 | N33: =N6 -> 1940.0089 | O33: =O6 -> 1361.7797 | Q33: =Q6 -> 1180.875 | R33: =R6 -> 775.78159 | S33: =S6 -> 751.36501 | T33: =T6 -> 670.34633 | U33: =U6 -> 302.98766 | V33: =V6 -> 44.393797 | W33: =W6 -> 44.393797 | Y33: =Y6 -> 49380.33
B34: 열원정기유지보수 | C34: =INT(C7*0.9) -> 2997 | D34: =INT(D7*0.9) -> 366 | E34: =INT(E7*0.9) -> 636 | F34: =INT(F7*0.9) -> 185 | G34: =INT(G7*0.9) -> 185 | H34: =INT(H7*0.9) -> 156 | I34: =INT(I7*0.9) -> 229 | J34: =INT(J7*0.9) -> 261 | K34: =INT(K7*0.9) -> 199 | M34: =INT(M7*0.9) -> 185 | N34: =INT(N7*0.9) -> 204 | O34: =INT(O7*0.9) -> 577 | Q34: =INT(Q7*0.9) -> 676 | R34: =INT(R7*0.9) -> 529 | S34: =INT(S7*0.9) -> 117 | T34: =INT(T7*0.9) -> 82 | U34: =INT(U7*0.9) -> 60 | V34: =INT(V7*0.9) -> 52 | W34: =INT(W7*0.9) -> 91 | Y34: =SUM(C34:X34) -> 7787
B35: 열원보완및개선 | C35: =INT(C8*0.9) -> 2292 | D35: =INT(D8*0.9) -> 837 | E35: =INT(E8*0.9) -> 706 | F35: =INT(F8*0.9) -> 1222 | G35: =INT(G8*0.9) -> 461 | H35: =INT(H8*0.9) -> 385 | I35: =INT(I8*0.9) -> 880 | J35: =INT(J8*0.9) -> 759 | K35: =INT(K8*0.9) -> 366 | M35: =INT(M8*0.9) -> 461 | N35: =INT(N8*0.9) -> 700 | O35: =INT(O8*0.9) -> 626 | Q35: =INT(Q8*0.9) -> 1035 | R35: =INT(R8*0.9) -> 1228 | S35: =INT(S8*0.9) -> 219 | T35: =INT(T8*0.9) -> 436 | U35: =INT(U8*0.9) -> 329 | V35: =INT(V8*0.9) -> 259 | W35: =INT(W8*0.9) -> 27 | Y35: =SUM(C35:X35) -> 13228
B36: 비저장품(보수자재) | C36: =INT(C9*0.9) -> 742 | D36: =INT(D9*0.9) -> 573 | E36: =INT(E9*0.9) -> 535 | F36: =INT(F9*0.9) -> 219 | G36: =INT(G9*0.9) -> 228 | H36: =INT(H9*0.9) -> 49 | I36: =INT(I9*0.9) -> 204 | J36: =INT(J9*0.9) -> 339 | K36: =INT(K9*0.9) -> 308 | M36: =INT(M9*0.9) -> 228 | N36: =INT(N9*0.9) -> 156 | O36: =INT(O9*0.9) -> 109 | Q36: =INT(Q9*0.9) -> 95 | R36: =INT(R9*0.9) -> 62 | S36: =INT(S9*0.9) -> 60 | T36: =INT(T9*0.9) -> 53 | U36: =INT(U9*0.9) -> 24 | V36: =INT(V9*0.9) -> 3 | W36: =INT(W9*0.9) -> 3 | Y36: =SUM(C36:X36) -> 3990
B37: 소모품(자재공기구) | C37: =INT(C10*0.9) -> 82 | D37: =INT(D10*0.9) -> 63 | E37: =INT(E10*0.9) -> 59 | F37: =INT(F10*0.9) -> 23 | G37: =INT(G10*0.9) -> 24 | H37: =INT(H10*0.9) -> 5 | I37: =INT(I10*0.9) -> 22 | J37: =INT(J10*0.9) -> 37 | K37: =INT(K10*0.9) -> 33 | M37: =INT(M10*0.9) -> 24 | N37: =INT(N10*0.9) -> 16 | O37: =INT(O10*0.9) -> 11 | Q37: =INT(Q10*0.9) -> 10 | R37: =INT(R10*0.9) -> 6 | S37: =INT(S10*0.9) -> 6 | T37: =INT(T10*0.9) -> 5 | U37: =INT(U10*0.9) -> 2 | V37: =INT(V10*0.9) -> 0 | W37: =INT(W10*0.9) -> 0 | Y37: =SUM(C37:X37) -> 428
B39: 지급수수료 열원 | C39: =INT(C12*0.9) -> 432 | D39: =INT(D12*0.9) -> 363 | E39: =INT(E12*0.9) -> 552 | F39: =INT(F12*0.9) -> 230 | G39: =INT(G12*0.9) -> 210 | H39: =INT(H12*0.9) -> 225 | I39: =INT(I12*0.9) -> 656 | J39: =INT(J12*0.9) -> 415 | K39: =INT(K12*0.9) -> 432 | M39: =INT(M12*0.9) -> 210 | N39: =INT(N12*0.9) -> 764 | O39: =INT(O12*0.9) -> 233 | Q39: =INT(Q12*0.9) -> 234 | R39: =INT(R12*0.9) -> 98 | S39: =INT(S12*0.9) -> 187 | T39: =INT(T12*0.9) -> 63 | U39: =INT(U12*0.9) -> 76 | V39: =INT(V12*0.9) -> 157 | W39: =INT(W12*0.9) -> 50 | Y39: =SUM(C39:X39) -> 5587
Y40: =SUM(Y31:Y39) -> 107268.33 | Z40: =Y13-Y40 -> 6516.2076
C41: =C14 -> 0 | D41: =D14 -> 22 | E41: =E14 -> 0 | F41: =F14 -> 28 | G41: =G14 -> 6 | H41: =H14 -> 0 | I41: =I14 -> 11 | J41: =J14 -> 0 | ... W41: =W14 -> 0
C42: =C15 -> 0 | D42: =D15 -> 15 | E42: =E15 -> 0 | F42: =F15 -> 0 | G42: =G15 -> 0 | H42: =H15 -> 0 | I42: =I15 -> 0 | J42: =J15 -> 0 | ... W42: =W15 -> 0
C43: =C16 -> 2544.4869 | D43: =D16 -> 2169 | E43: =E16 -> 0 | F43: =F16 -> 0 | G43: =G16 -> 0 | H43: =H16 -> 788 | I43: =I16 -> 0 | J43: =J16 -> 7042 | ... W43: =W16 -> 0
C44: =C17 -> 473.46093 | D44: =D17 -> 1771.9728 | E44: =E17 -> 1077.252 | F44: =F17 -> 782.07874 | G44: =G17 -> 1252.6598 | H44: =H17 -> 308.70386 | I44: =I17 -> 1809.0472 | J44: =J17 -> 1488.9739 | ... W44: =W17 -> 9.9886042
C45: =C18 -> 3017.9478 | D45: =D18 -> 3940.9728 | E45: =E18 -> 1077.252 | F45: =F18 -> 782.07874 | G45: =G18 -> 1252.6598 | H45: =H18 -> 1096.7039 | I45: =I18 -> 1809.0472 | J45: =J18 -> 8530.9739 | ... W45: =W18 -> 9.9886042
C46: =C19 -> 0 | D46: =D19 -> 0 | E46: =E19 -> 0 | F46: =F19 -> 0 | G46: =G19 -> 0 | H46: =H19 -> 0 | I46: =I19 -> 3985.4531 | J46: =J19 -> 0 | ... W46: =W19 -> 0
C47: =C20 -> 60.976527 | D47: =D20 -> 76 | E47: =E20 -> 451.59207 | F47: =F20 -> 13 | G47: =G20 -> 37.137306 | H47: =H20 -> 19 | I47: =I20 -> 4 | J47: =J20 -> 328 | ... W47: =W20 -> 0
C48: =C21 -> 0 | D48: =D21 -> 0 | E48: =E21 -> 17583 | F48: =F21 -> 0 | G48: =G21 -> 0 | H48: =H21 -> 0 | I48: =I21 -> 0 | J48: =J21 -> 0 | ... W48: =W21 -> 0
C49: =C22 -> 624 | D49: =D22 -> 652.22394 | E49: =E22 -> 638.01161 | F49: =F22 -> 169.77778 | G49: =G22 -> 180 | H49: =H22 -> 50 | I49: =I22 -> 156.67301 | J49: =J22 -> 1610 | ... W49: =W22 -> 0
C50: =C23 -> 2 | D50: =D23 -> 79 | E50: =E23 -> 155 | F50: =F23 -> 13 | G50: =G23 -> 54 | H50: =H23 -> 20 | I50: =I23 -> 91 | J50: =J23 -> 83.5 | ... W50: =W23 -> 0
C51: =C24 -> 626 | D51: =D24 -> 731.22394 | E51: =E24 -> 18376.012 | F51: =F24 -> 182.77778 | G51: =G24 -> 234 | H51: =H24 -> 70 | I51: =I24 -> 247.67301 | J51: =J24 -> 1693.5 | ... W51: =W24 -> 0
C52: =C25 -> 3704.9243 | D52: =D25 -> 4785.1968 | E52: =E25 -> 19904.856 | F52: =F25 -> 1005.8565 | G52: =G25 -> 1529.7971 | H52: =H25 -> 1185.7039 | I52: =I25 -> 6057.1733 | J52: =J25 -> 10552.474 | ... W52: =W25 -> 9.9886042
... C56: =C29 -> 0 | D56: =D29 -> 0 | E56: =E29 -> 0 | F56: =F29 -> 0 | G56: =G29 -> 0 | H56: =H29 -> 0 | I56: =I29 -> 0 | J56: =J29 -> 0 | ... W56: =W29 -> 0

Sheet 33년
Y2: [단위 : 백만원]
A3: 2033년 | C3: 동탄 | D3: 화성 | E3: 파주 | F3: 광교 | G3: 판교 | H3: 삼송 | I3: 양산 | J3: 대구 | K3: 청주 | L3: 소계 | M3: 수원 | N3: 광주전남 | O3: 강남 | P3: 소계 | Q3: 중앙 | R3: 고양 | S3: 용인 | T3: 분당 | U3: 세종 | V3: 김해 | W3: 평택 | X3: 소계 | Y3: 합계
A4: 수선유지비 | B4: 건물/구축물 | C4: =동탄!J6 -> 1055.4625 | D4: =화성!J6 -> 407.31308 | E4: =파주!J6 -> 878.99717 | F4: =광교!J6 -> 48.833176 | G4: =판교!J6 -> 339.61254 | H4: =삼송!J6 -> 318.52549 | I4: =양산!J6 -> 180.90472 | J4: =대구!J6 -> 3.3295347 | K4: =청주!J6 -> 33.295347 | L4: =SUM(C4:K4) -> 3266.2736 | M4: =수원!J6 -> 339.61254 | N4: =광주전남!J6 -> 265.25293 | O4: =강남!J6 -> 178.68503 | P4: =SUM(M4:O4) -> 783.55051 | Q4: =중앙!J6 -> 229.7379 | R4: =고양!J6 -> 117.64356 | S4: =용인!J6 -> 95.446663 | T4: =분당!J6 -> 44.393797 | U4: =세종!J6 -> 35.515037 | V4: =김해!J6 -> 166.47674 | W4: =평택!J6 -> 0 | X4: =SUM(Q4:W4) -> 689.21369 | Y4: =L4+P4+X4 -> 4739.0378
B5: 열원정기점검 | C5: =동탄!J7 -> 3669.1384 | D5: =화성!J7 -> 4262.3788 | E5: =파주!J7 -> 2316.4395 | F5: =광교!J7 -> 1912.7844 | G5: =판교!J7 -> 945.58351 | H5: =삼송!J7 -> 700.67839 | I5: =양산!J7 -> 900.08422 | J5: =대구!J7 -> 2740.8739 | K5: =청주!J7 -> 1212.106 | L5: =SUM(C5:K5) -> 18660.067 | M5: =수원!J7 -> 1895.3198 | N5: =광주전남!J7 -> 1346.2419 | O5: =강남!J7 -> 2029.9063 | P5: =SUM(M5:O5) -> 5271.4681 | Q5: =중앙!J7 -> 1491.6316 | R5: =고양!J7 -> 704.75152 | S5: =용인!J7 -> 523.8468 | T5: =분당!J7 -> 678.11524 | U5: =세종!J7 -> 126.52232 | V5: =김해!J7 -> 341.83223 | W5: =평택!J7 -> 183.12441 | X5: =SUM(Q5:W5) -> 4049.8241 | Y5: =L5+P5+X5 -> 27981.359
B6: 열원경상정비 | C6: =동탄!J8 -> 8982.6519 | D6: =화성!J8 -> 6939.1943 | E6: =파주!J8 -> 6485.2178 | F6: =광교!J8 -> 2665.2815 | G6: =판교!J8 -> 2766.6658 | H6: =삼송!J8 -> 1996.1449 | I6: =양산!J8 -> 2487.2956 | J6: =대구!J8 -> 4115.0774 | K6: =청주!J8 -> 3738.8289 | L6: =SUM(C6:K6) -> 40176.358 | M6: =수원!J8 -> 2766.6658 | N6: =광주전남!J8 -> 1969.109 | O6: =강남!J8 -> 1382.2064 | P6: =SUM(M6:O6) -> 6117.9812 | Q6: =중앙!J8 -> 1198.5881 | R6: =고양!J8 -> 787.41832 | S6: =용인!J8 -> 762.63548 | T6: =분당!J8 -> 680.40152 | U6: =세종!J8 -> 307.53248 | V6: =김해!J8 -> 45.059703 | W6: =평택!J8 -> 45.059703 | X6: =SUM(Q6:W6) -> 3826.6953 | Y6: =L6+P6+X6 -> 50121.035
B7: 열원정기유지보수 | C7: =동탄!J9 -> 3380.7213 | D7: =화성!J9 -> 412.86231 | E7: =파주!J9 -> 718.06966 | F7: =광교!J9 -> 208.65084 | G7: =판교!J9 -> 208.65084 | H7: =삼송!J9 -> 176.46534 | I7: =양산!J9 -> 258.59386 | J7: =대구!J9 -> 295.21875 | K7: =청주!J9 -> 225.29852 | L7: =SUM(C7:K7) -> 5884.5314 | M7: =수원!J9 -> 208.65084 | N7: =광주전남!J9 -> 230.84774 | O7: =강남!J9 -> 651.47896 | P7: =SUM(M7:O7) -> 1090.9775 | Q7: =중앙!J9 -> 762.46346 | R7: =고양!J9 -> 597.09656 | S7: =용인!J9 -> 132.07154 | T7: =분당!J9 -> 93.226973 | U7: =세종!J9 -> 67.70054 | V7: =김해!J9 -> 58.82178 | W7: =평택!J9 -> 103.21558 | X7: =SUM(Q7:W7) -> 1814.5964 | Y7: =L7+P7+X7 -> 8790.1054
B8: 열원보완및개선 | C8: =동탄!J10 -> 2569.2561 | D8: =화성!J10 -> 1358.4502 | E8: =파주!J10 -> 797.29155 | F8: =광교!J10 -> 1378.4274 | G8: =판교!J10 -> 520.51726 | H8: =삼송!J10 -> 435.05921 | I8: =양산!J10 -> 993.3112 | J8: =대구!J10 -> 856.80027 | K8: =청주!J10 -> 412.86231 | L8: =SUM(C8:K8) -> 9321.9755 | M8: =수원!J10 -> 520.51726 | N8: =광주전남!J10 -> 790.20958 | O8: =강남!J10 -> 706.97121 | P8: =SUM(M8:O8) -> 2017.6981 | Q8: =중앙!J10 -> 1167.5568 | R8: =고양!J10 -> 1385.0865 | S8: =용인!J10 -> 247.49542 | T8: =분당!J10 -> 492.77114 | U8: =세종!J10 -> 371.79805 | V8: =김해!J10 -> 292.99906 | W8: =평택!J10 -> 31.075658 | X8: =SUM(Q8:W8) -> 3988.7826 | Y8: =L8+P8+X8 -> 15328.456
B9: 비저장품(보수자재) | C9: =동탄!J11 -> 836.98399 | D9: =화성!J11 -> 646.60674 | E9: =파주!J11 -> 603.80003 | F9: =광교!J11 -> 247.82837 | G9: =판교!J11 -> 257.9668 | H9: =삼송!J11 -> 56.324629 | I9: =양산!J11 -> 230.93098 | J9: =대구!J11 -> 383.00748 | K9: =청주!J11 -> 348.08621 | L9: =SUM(C9:K9) -> 3611.5352 | M9: =수원!J11 -> 70.969033 | N9: =광주전남!J11 -> 176.85934 | O9: =강남!J11 -> 123.91418 | P9: =SUM(M9:O9) -> 371.74255 | Q9: =중앙!J11 -> 108.14329 | R9: =고양!J11 -> 70.969033 | S9: =용인!J11 -> 68.716048 | T9: =분당!J11 -> 60.8306 | U9: =세종!J11 -> 28.162315 | V9: =김해!J11 -> 4.5059703 | W9: =평택!J11 -> 4.5059703 | X9: =SUM(Q9:W9) -> 345.83322 | Y9: =L9+P9+X9 -> 4329.111
B10: 소모품(자재공기구) | C10: =동탄!J12 -> 93.498885 | D10: =화성!J12 -> 72.095526 | E10: =파주!J12 -> 67.589555 | F10: =광교!J12 -> 27.035822 | G10: =판교!J12 -> 28.162315 | H10: =삼송!J12 -> 6.7589555 | I10: =양산!J12 -> 25.909329 | J10: =대구!J12 -> 42.806718 | K10: =청주!J12 -> 38.300748 | L10: =SUM(C10:K10) -> 402.15785 | M10: =수원!J12 -> 7.8854481 | N10: =광주전남!J12 -> 19.150374 | O10: =강남!J12 -> 13.517911 | P10: =SUM(M10:O10) -> 40.553733 | Q10: =중앙!J12 -> 12.391418 | R10: =고양!J12 -> 7.8854481 | S10: =용인!J12 -> 7.8854481 | T10: =분당!J12 -> 6.7589555 | U10: =세종!J12 -> 3.3794778 | V10: =김해!J12 -> 1.1264926 | W10: =평택!J12 -> 1.1264926 | X10: =SUM(Q10:W10) -> 40.553733 | Y10: =L10+P10+X10 -> 483.26532
B11: 계 | C11: =SUM(C4:C10) -> 20587.713 | D11: =SUM(D4:D10) -> 14098.901 | E11: =SUM(E4:E10) -> 11867.405 | F11: =SUM(F4:F10) -> 6488.8415 | G11: =SUM(G4:G10) -> 5067.1591 | H11: =SUM(H4:H10) -> 3689.9569 | I11: =SUM(I4:I10) -> 5077.0299 | J11: =SUM(J4:J10) -> 8437.1141 | K11: =SUM(K4:K10) -> 6008.778 | L11: =SUM(C11:K11) -> 81322.899 | M11: =SUM(M4:M10) -> 5809.6208 | N11: =SUM(N4:N10) -> 4797.6709 | O11: =SUM(O4:O10) -> 5086.68 | P11: =SUM(M11:O11) -> 15693.972 | Q11: =SUM(Q4:Q10) -> 4970.5126 | R11: =SUM(R4:R10) -> 3670.8509 | S11: =SUM(S4:S10) -> 1838.0974 | T11: =SUM(T4:T10) -> 2056.4982 | U11: =SUM(U4:U10) -> 940.61021 | V11: =SUM(V4:V10) -> 910.82197 | W11: =SUM(W4:W10) -> 368.10781 | X11: =SUM(Q11:W11) -> 14755.499 | Y11: =L11+P11+X11 -> 111772.37
A12: 지급수수료 | B12: 지급수수료 열원 | C12: =동탄!J13 -> 487.42715 | D12: =화성!J13 -> 409.53277 | E12: =파주!J13 -> 622.623 | F12: =광교!J13 -> 259.70371 | G12: =판교!J13 -> 237.50681 | H12: =삼송!J13 -> 254.15449 | I12: =양산!J13 -> 740.26656 | J12: =대구!J13 -> 468.35455 | K12: =청주!J13 -> 487.22192 | L12: =SUM(C12:K12) -> 3966.7909 | M12: =수원!J13 -> 237.50681 | N12: =광주전남!J13 -> 862.3495 | O12: =강남!J13 -> 263.03324 | P12: =SUM(M12:O12) -> 1362.8896 | Q12: =중앙!J13 -> 264.14309 | R12: =고양!J13 -> 110.98449 | S12: =용인!J13 -> 211.98038 | T12: =분당!J13 -> 72.139919 | U12: =세종!J13 -> 86.567903 | V12: =김해!J13 -> 177.57519 | W12: =평택!J13 -> 56.602091 | X12: =SUM(Q12:W12) -> 979.99306 | Y12: =L12+P12+X12 -> 6309.6736
A13: 손익예산 합계 | C13: =C12+C11 -> 21075.14 | D13: =D12+D11 -> 14508.434 | E13: =E12+E11 -> 12490.028 | F13: =F12+F11 -> 6748.5452 | G13: =G12+G11 -> 5304.6659 | H13: =H12+H11 -> 3944.1114 | I13: =I12+I11 -> 5817.2965 | J13: =J12+J11 -> 8905.4686 | K13: =K12+K11 -> 6496 | L13: =SUM(C13:K13) -> 85289.69 | M13: =M12+M11 -> 6047.1276 | N13: =N12+N11 -> 5660.0204 | O13: =O12+O11 -> 5349.7133 | P13: =SUM(M13:O13) -> 17056.861 | Q13: =Q12+Q11 -> 5234.6557 | R13: =R12+R11 -> 3781.8354 | S13: =S12+S11 -> 2050.0778 | T13: =T12+T11 -> 2128.6381 | U13: =U12+U11 -> 1027.1781 | V13: =V12+V11 -> 1088.3972 | W13: =W12+W11 -> 424.7099 | X13: =SUM(Q13:W13) -> 15735.492 | Y13: =L13+P13+X13 -> 118082.04
A14: 건물 | C14: =동탄!J15 -> 19 | D14: =화성!J15 -> 0 | E14: =파주!J15 -> 0 | F14: =광교!J15 -> 28 | G14: =판교!J15 -> 6 | H14: =삼송!J15 -> 0 | I14: =양산!J15 -> 11 | J14: =대구!J15 -> 0 | K14: =청주!J15 -> 0 | L14: =SUM(C14:K14) -> 64 | M14: =수원!J15 -> 0 | N14: =광주전남!J15 -> 0 | O14: =강남!J15 -> 0 | P14: =SUM(M14:O14) -> 0 | Q14: =중앙!J15 -> 0 | R14: =고양!J15 -> 0 | S14: =용인!J15 -> 0 | T14: =분당!J15 -> 0 | U14: =세종!J15 -> 0 | V14: =김해!J15 -> 0 | W14: =평택!J15 -> 0 | X14: =SUM(Q14:W14) -> 0 | Y14: =L14+P14+X14 -> 64
A15: 구축물 | C15: =동탄!J16 -> 0 | D15: =화성!J16 -> 15 | E15: =파주!J16 -> 0 | F15: =광교!J16 -> 0 | G15: =판교!J16 -> 0 | H15: =삼송!J16 -> 0 | I15: =양산!J16 -> 0 | J15: =대구!J16 -> 0 | K15: =청주!J16 -> 0 | L15: =SUM(C15:K15) -> 15 | M15: =수원!J16 -> 0 | N15: =광주전남!J16 -> 0 | O15: =강남!J16 -> 0 | P15: =SUM(M15:O15) -> 0 | Q15: =중앙!J16 -> 0 | R15: =고양!J16 -> 0 | S15: =용인!J16 -> 0 | T15: =분당!J16 -> 0 | U15: =세종!J16 -> 0 | V15: =김해!J16 -> 0 | W15: =평택!J16 -> 0 | X15: =SUM(Q15:W15) -> 0 | Y15: =L15+P15+X15 -> 15
A16: 기계장치 | B16: 고온부품재생+LTSA | C16: =동탄!J17 -> 2580.3642 | D16: =화성!J17 -> 0 | E16: =파주!J17 -> 2877 | F16: =광교!J17 -> 0 | G16: =판교!J17 -> 0 | H16: =삼송!J17 -> 0 | I16: =양산!J17 -> 0 | J16: =대구!J17 -> 0 | K16: =청주!J17 -> 6977 | L16: =SUM(C16:K16) -> 12434.364 | M16: =수원!J17 -> 0 | N16: =광주전남!J17 -> 0 | O16: =강남!J17 -> 1006 | P16: =SUM(M16:O16) -> 1006 | Q16: =중앙!J17 -> 0 | R16: =고양!J17 -> 0 | S16: =용인!J17 -> 0 | T16: =분당!J17 -> 0 | U16: =세종!J17 -> 0 | V16: =김해!J17 -> 0 | W16: =평택!J17 -> 0 | X16: =SUM(Q16:W16) -> 0 | Y16: =L16+P16+X16 -> 13440.364
B17: 기타기계장치 | C17: =동탄!J18 -> 358.68545 | D17: =화성!J18 -> 1174.4673 | E17: =파주!J18 -> 1194.1965 | F17: =광교!J18 -> 793.80992 | G17: =판교!J18 -> 1271.4497 | H17: =삼송!J18 -> 313.33442 | I17: =양산!J18 -> 180 | J17: =대구!J18 -> 1745 | K17: =청주!J18 -> 706 | L17: =SUM(C17:K17) -> 7736.9433 | M17: =수원!J18 -> 180 | N17: =광주전남!J18 -> 1664.956 | O17: =강남!J18 -> 1499.4005 | P17: =SUM(M17:O17) -> 3344.3565 | Q17: =중앙!J18 -> 1029.6142 | R17: =고양!J18 -> 1277.4426 | S17: =용인!J18 -> 625.20339 | T17: =분당!J18 -> 1039.7527 | U17: =세종!J18 -> 84.486944 | V17: =김해!J18 -> 88.992914 | W17: =평택!J18 -> 10.138433 | X17: =SUM(Q17:W17) -> 4155.6312 | Y17: =L17+P17+X17 -> 15236.931
B18: 계 | C18: =SUM(C16:C17) -> 2939.0496 | D18: =SUM(D16:D17) -> 1174.4673 | E18: =SUM(E16:E17) -> 4071.1965 | F18: =SUM(F16:F17) -> 793.80992 | G18: =SUM(G16:G17) -> 1271.4497 | H18: =SUM(H16:H17) -> 313.33442 | I18: =SUM(I16:I17) -> 180 | J18: =SUM(J16:J17) -> 1745 | K18: =SUM(K16:K17) -> 7683 | L18: =SUM(C18:K18) -> 20171.307 | M18: =SUM(M16:M17) -> 180 | N18: =SUM(N16:N17) -> 1664.956 | O18: =SUM(O16:O17) -> 2505.4005 | P18: =SUM(M18:O18) -> 4350.3565 | Q18: =SUM(Q16:Q17) -> 1029.6142 | R18: =SUM(R16:R17) -> 1277.4426 | S18: =SUM(S16:S17) -> 625.20339 | T18: =SUM(T16:T17) -> 1039.7527 | U18: =SUM(U16:U17) -> 84.486944 | V18: =SUM(V16:V17) -> 88.992914 | W18: =SUM(W16:W17) -> 10.138433 | X18: =SUM(Q18:W18) -> 4155.6312 | Y18: =L18+P18+X18 -> 28677.295
A19: 건가-외주비 | B19: MI 및 A급 정비 | C19: =동탄!J19 -> 0 | D19: =화성!J19 -> 0 | E19: =파주!J19 -> 0 | F19: =광교!J19 -> 0 | G19: =판교!J19 -> 0 | H19: =삼송!J19 -> 0 | I19: =양산!J19 -> 0 | J19: =대구!J19 -> 0 | K19: =청주!J19 -> 0 | L19: =SUM(C19:K19) -> 0 | M19: =수원!J19 -> 0 | N19: =광주전남!J19 -> 0 | O19: =강남!J19 -> 0 | P19: =SUM(M19:O19) -> 0 | Q19: =중앙!J19 -> 0 | R19: =고양!J19 -> 0 | S19: =용인!J19 -> 0 | T19: =분당!J19 -> 0 | U19: =세종!J19 -> 0 | V19: =김해!J19 -> 0 | W19: =평택!J19 -> 0 | X19: =SUM(Q19:W19) -> 0 | Y19: =L19+P19+X19 -> 0
A20: 공구와기구 | C20: =동탄!J20 -> 13 | D20: =화성!J20 -> 76 | E20: =파주!J20 -> 458.36595 | F20: =광교!J20 -> 13 | G20: =판교!J20 -> 37 | H20: =삼송!J20 -> 19 | I20: =양산!J20 -> 4 | J20: =대구!J20 -> 102 | K20: =청주!J20 -> 6 | L20: =SUM(C20:K20) -> 728.36595 | M20: =수원!J20 -> 150 | N20: =광주전남!J20 -> 82.456426 | O20: =강남!J20 -> 30 | P20: =SUM(M20:O20) -> 262.45643 | Q20: =중앙!J20 -> 0 | R20: =고양!J20 -> 21 | S20: =용인!J20 -> 0 | T20: =분당!J20 -> 0 | U20: =세종!J20 -> 0 | V20: =김해!J20 -> 0 | W20: =평택!J20 -> 0 | X20: =SUM(Q20:W20) -> 21 | Y20: =L20+P20+X20 -> 1011.8224
A21: 예비품 | B21: 재생고온부품 | C21: =동탄!J21 -> 0 | D21: =화성!J21 -> 17618 | E21: =파주!J21 -> 0 | F21: =광교!J21 -> 5221 | G21: =판교!J21 -> 0 | H21: =삼송!J21 -> 0 | I21: =양산!J21 -> 12273 | J21: =대구!J21 -> 0 | K21: =청주!J21 -> 0 | L21: =SUM(C21:K21) -> 35112 | M21: =수원!J21 -> 0 | N21: =광주전남!J21 -> 0 | O21: =강남!J21 -> 0 | P21: =SUM(M21:O21) -> 0 | Q21: =중앙!J21 -> 0 | R21: =고양!J21 -> 0 | S21: =용인!J21 -> 0 | T21: =분당!J21 -> 0 | U21: =세종!J21 -> 0 | V21: =김해!J21 -> 0 | W21: =평택!J21 -> 0 | X21: =SUM(Q21:W21) -> 0 | Y21: =L21+P21+X21 -> 35112
B22: 자산화예비품 | C22: =동탄!J22 -> 363 | D22: =화성!J22 -> 1151.2565 | E22: =파주!J22 -> 18 | F22: =광교!J22 -> 170 | G22: =판교!J22 -> 180 | H22: =삼송!J22 -> 50 | I22: =양산!J22 -> 157 | J22: =대구!J22 -> 386 | K22: =청주!J22 -> 386 | L22: =SUM(C22:K22) -> 2861.2565 | M22: =수원!J22 -> 234.46203 | N22: =광주전남!J22 -> 386 | O22: =강남!J22 -> 107 | P22: =SUM(M22:O22) -> 727.46203 | Q22: =중앙!J22 -> 29 | R22: =고양!J22 -> 0 | S22: =용인!J22 -> 0 | T22: =분당!J22 -> 0 | U22: =세종!J22 -> 0 | V22: =김해!J22 -> 0 | W22: =평택!J22 -> 0 | X22: =SUM(Q22:W22) -> 29 | Y22: =L22+P22+X22 -> 3617.7185
B23: 저장품 | C23: =동탄!J23 -> 2 | D23: =화성!J23 -> 107 | E23: =파주!J23 -> 126 | F23: =광교!J23 -> 13 | G23: =판교!J23 -> 54 | H23: =삼송!J23 -> 20 | I23: =양산!J23 -> 91 | J23: =대구!J23 -> 84 | K23: =청주!J23 -> 84 | L23: =SUM(C23:K23) -> 581 | M23: =수원!J23 -> 44 | N23: =광주전남!J23 -> 84 | O23: =강남!J23 -> 47 | P23: =SUM(M23:O23) -> 175 | Q23: =중앙!J23 -> 0 | R23: =고양!J23 -> 10 | S23: =용인!J23 -> 0 | T23: =분당!J23 -> 0 | U23: =세종!J23 -> 0 | V23: =김해!J23 -> 0 | W23: =평택!J23 -> 0 | X23: =SUM(Q23:W23) -> 10 | Y23: =L23+P23+X23 -> 766
B24: 계 | C24: =SUM(C21:C23) -> 365 | D24: =SUM(D21:D23) -> 18876.256 | E24: =SUM(E21:E23) -> 144 | F24: =SUM(F21:F23) -> 5404 | G24: =SUM(G21:G23) -> 234 | H24: =SUM(H21:H23) -> 70 | I24: =SUM(I21:I23) -> 12521 | J24: =SUM(J21:J23) -> 470 | K24: =SUM(K21:K23) -> 470 | L24: =SUM(C24:K24) -> 38554.256 | M24: =SUM(M21:M23) -> 278.46203 | N24: =SUM(N21:N23) -> 470 | O24: =SUM(O21:O23) -> 154 | P24: =SUM(M24:O24) -> 902.46203 | Q24: =SUM(Q21:Q23) -> 29 | R24: =SUM(R21:R23) -> 10 | S24: =SUM(S21:S23) -> 0 | T24: =SUM(T21:T23) -> 0 | U24: =SUM(U21:U23) -> 0 | V24: =SUM(V21:V23) -> 0 | W24: =SUM(W21:W23) -> 0 | X24: =SUM(Q24:W24) -> 39 | Y24: =L24+P24+X24 -> 39495.719
A25: 자본예산 합계 | C25: =C14+C15+C19+C18+C20+C24 -> 3336.0496 | D25: =D14+D15+D19+D18+D20+D24 -> 20141.724 | E25: =E14+E15+E19+E18+E20+E24 -> 4673.5625 | F25: =F14+F15+F19+F18+F20+F24 -> 6238.8099 | G25: =G14+G15+G19+G18+G20+G24 -> 1548.4497 | H25: =H14+H15+H19+H18+H20+H24 -> 402.33442 | I25: =I14+I15+I19+I18+I20+I24 -> 12716 | J25: =J14+J15+J19+J18+J20+J24 -> 2317 | ... Y25: =Y14+Y15+Y19+Y18+Y20+Y24 -> 69263.836
A26: 투자비 | B26: 열원공사비 등 | C26: =동탄!J25 -> 1282.6478 | D26: =화성!J25 -> 375.23857 | E26: =파주!J25 -> 476.23445 | F26: =광교!J25 -> 153.1586 | G26: =판교!J25 -> 1551.5632 | H26: =삼송!J25 -> 786.88004 | I26: =양산!J25 -> 2.2196898 | J26: =대구!J25 -> 709.1909 | K26: =청주!J25 -> 3292.9099 | L26: =SUM(C26:K26) -> 8630.0431 | M26: =수원!J25 -> 47.723331 | N26: =광주전남!J25 -> 589.32765 | O26: =강남!J25 -> 1387.3061 | P26: =SUM(M26:O26) -> 2024.3571 | Q26: =중앙!J25 -> 1156.863 | R26: =고양!J25 -> 767.59717 | S26: =용인!J25 -> 598.11347 | T26: =분당!J25 -> 0 | U26: =세종!J25 -> 0 | V26: =김해!J25 -> 286.48214 | W26: =평택!J25 -> 0 | X26: =SUM(Q26:W26) -> 2809.0557 | Y26: =L26+P26+X26 -> 13463.456
W30: 50
B31: 건물/구축물 | C31: =INT(C4*0.9) -> 949 | D31: =INT(D4*0.9) -> 366 | E31: =INT(E4*0.9) -> 791 | F31: =INT(F4*0.9) -> 43 | G31: =INT(G4*0.9) -> 305 | H31: =INT(H4*0.9) -> 286 | I31: =INT(I4*0.9) -> 162 | J31: =INT(J4*0.9) -> 2 | K31: =INT(K4*0.9) -> 29 | M31: =INT(M4*0.9) -> 305 | N31: =INT(N4*0.9) -> 238 | O31: =INT(O4*0.9) -> 160 | Q31: =INT(Q4*0.9) -> 206 | R31: =INT(R4*0.9) -> 105 | S31: =INT(S4*0.9) -> 85 | T31: =INT(T4*0.9) -> 39 | U31: =INT(U4*0.9) -> 31 | V31: =INT(V4*0.9) -> 149 | W31: =INT(W4*0.9) -> 0 | Y31: =SUM(C31:X31) -> 4251
B32: 열원정기점검 | C32: =INT(C5*0.9) -> 3302 | D32: =INT(D5*0.9) -> 3836 | E32: =INT(E5*0.9) -> 2084 | F32: =INT(F5*0.9) -> 1721 | G32: =INT(G5*0.9) -> 851 | H32: =INT(H5*0.9) -> 630 | I32: =INT(I5*0.9) -> 810 | J32: =INT(J5*0.9) -> 2466 | K32: =INT(K5*0.9) -> 1090 | M32: =INT(M5*0.9) -> 1705 | N32: =INT(N5*0.9) -> 1211 | O32: =INT(O5*0.9) -> 1826 | Q32: =INT(Q5*0.9) -> 1342 | R32: =INT(R5*0.9) -> 634 | S32: =INT(S5*0.9) -> 471 | T32: =INT(T5*0.9) -> 610 | U32: =INT(U5*0.9) -> 113 | V32: =INT(V5*0.9) -> 307 | W32: =INT(W5*0.9) -> 164 | Y32: =SUM(C32:X32) -> 25173
B33: 열원경상정비 | C33: =C6 -> 8982.6519 | D33: =D6 -> 6939.1943 | E33: =E6 -> 6485.2178 | F33: =F6 -> 2665.2815 | G33: =G6 -> 2766.6658 | H33: =H6 -> 1996.1449 | I33: =I6 -> 2487.2956 | J33: =J6 -> 4115.0774 | K33: =K6 -> 3738.8289 | M33: =M6 -> 2766.6658 | N33: =N6 -> 1969.109 | O33: =O6 -> 1382.2064 | Q33: =Q6 -> 1198.5881 | R33: =R6 -> 787.41832 | S33: =S6 -> 762.63548 | T33: =T6 -> 680.40152 | U33: =U6 -> 307.53248 | V33: =V6 -> 45.059703 | W33: =W6 -> 45.059703 | Y33: =Y6 -> 50121.035
B34: 열원정기유지보수 | C34: =INT(C7*0.9) -> 3042 | D34: =INT(D7*0.9) -> 371 | E34: =INT(E7*0.9) -> 646 | F34: =INT(F7*0.9) -> 187 | G34: =INT(G7*0.9) -> 187 | H34: =INT(H7*0.9) -> 158 | I34: =INT(I7*0.9) -> 232 | J34: =INT(J7*0.9) -> 265 | K34: =INT(K7*0.9) -> 202 | M34: =INT(M7*0.9) -> 187 | N34: =INT(N7*0.9) -> 207 | O34: =INT(O7*0.9) -> 586 | Q34: =INT(Q7*0.9) -> 686 | R34: =INT(R7*0.9) -> 537 | S34: =INT(S7*0.9) -> 118 | T34: =INT(T7*0.9) -> 83 | U34: =INT(U7*0.9) -> 60 | V34: =INT(V7*0.9) -> 52 | W34: =INT(W7*0.9) -> 92 | Y34: =SUM(C34:X34) -> 7898
B35: 열원보완및개선 | C35: =INT(C8*0.9) -> 2312 | D35: =INT(D8*0.9) -> 1222 | E35: =INT(E8*0.9) -> 717 | F35: =INT(F8*0.9) -> 1240 | G35: =INT(G8*0.9) -> 468 | H35: =INT(H8*0.9) -> 391 | I35: =INT(I8*0.9) -> 893 | J35: =INT(J8*0.9) -> 771 | K35: =INT(K8*0.9) -> 371 | M35: =INT(M8*0.9) -> 468 | N35: =INT(N8*0.9) -> 711 | O35: =INT(O8*0.9) -> 636 | Q35: =INT(Q8*0.9) -> 1050 | R35: =INT(R8*0.9) -> 1246 | S35: =INT(S8*0.9) -> 222 | T35: =INT(T8*0.9) -> 443 | U35: =INT(U8*0.9) -> 334 | V35: =INT(V8*0.9) -> 263 | W35: =INT(W8*0.9) -> 27 | Y35: =SUM(C35:X35) -> 13785
B36: 비저장품(보수자재) | C36: =INT(C9*0.9) -> 753 | D36: =INT(D9*0.9) -> 581 | E36: =INT(E9*0.9) -> 543 | F36: =INT(F9*0.9) -> 223 | G36: =INT(G9*0.9) -> 232 | H36: =INT(H9*0.9) -> 50 | I36: =INT(I9*0.9) -> 207 | J36: =INT(J9*0.9) -> 344 | K36: =INT(K9*0.9) -> 313 | M36: =INT(M9*0.9) -> 63 | N36: =INT(N9*0.9) -> 159 | O36: =INT(O9*0.9) -> 111 | Q36: =INT(Q9*0.9) -> 97 | R36: =INT(R9*0.9) -> 63 | S36: =INT(S9*0.9) -> 61 | T36: =INT(T9*0.9) -> 54 | U36: =INT(U9*0.9) -> 25 | V36: =INT(V9*0.9) -> 4 | W36: =INT(W9*0.9) -> 4 | Y36: =SUM(C36:X36) -> 3887
B37: 소모품(자재공기구) | C37: =INT(C10*0.9) -> 84 | D37: =INT(D10*0.9) -> 64 | E37: =INT(E10*0.9) -> 60 | F37: =INT(F10*0.9) -> 24 | G37: =INT(G10*0.9) -> 25 | H37: =INT(H10*0.9) -> 6 | I37: =INT(I10*0.9) -> 23 | J37: =INT(J10*0.9) -> 38 | K37: =INT(K10*0.9) -> 34 | M37: =INT(M10*0.9) -> 7 | N37: =INT(N10*0.9) -> 17 | O37: =INT(O10*0.9) -> 12 | Q37: =INT(Q10*0.9) -> 11 | R37: =INT(R10*0.9) -> 7 | S37: =INT(S10*0.9) -> 7 | T37: =INT(T10*0.9) -> 6 | U37: =INT(U10*0.9) -> 3 | V37: =INT(V10*0.9) -> 1 | W37: =INT(W10*0.9) -> 1 | Y37: =SUM(C37:X37) -> 430
B39: 지급수수료 열원 | C39: =INT(C12*0.9) -> 438 | D39: =INT(D12*0.9) -> 368 | E39: =INT(E12*0.9) -> 560 | F39: =INT(F12*0.9) -> 233 | G39: =INT(G12*0.9) -> 213 | H39: =INT(H12*0.9) -> 228 | I39: =INT(I12*0.9) -> 666 | J39: =INT(J12*0.9) -> 421 | K39: =INT(K12*0.9) -> 438 | M39: =INT(M12*0.9) -> 213 | N39: =INT(N12*0.9) -> 776 | O39: =INT(O12*0.9) -> 236 | Q39: =INT(Q12*0.9) -> 237 | R39: =INT(R12*0.9) -> 99 | S39: =INT(S12*0.9) -> 190 | T39: =INT(T12*0.9) -> 64 | U39: =INT(U12*0.9) -> 77 | V39: =INT(V12*0.9) -> 159 | W39: =INT(W12*0.9) -> 50 | Y39: =SUM(C39:X39) -> 5666
Y40: =SUM(Y31:Y39) -> 111211.03 | Z40: =Y13-Y40 -> 6871.0085
C41: =C14 -> 19 | D41: =D14 -> 0 | E41: =E14 -> 0 | F41: =F14 -> 28 | G41: =G14 -> 6 | H41: =H14 -> 0 | I41: =I14 -> 11 | J41: =J14 -> 0 | ... W41: =W14 -> 0
C42: =C15 -> 0 | D42: =D15 -> 15 | E42: =E15 -> 0 | F42: =F15 -> 0 | G42: =G15 -> 0 | H42: =H15 -> 0 | I42: =I15 -> 0 | J42: =J15 -> 0 | ... W42: =W15 -> 0
C43: =C16 -> 2580.3642 | D43: =D16 -> 0 | E43: =E16 -> 2877 | F43: =F16 -> 0 | G43: =G16 -> 0 | H43: =H16 -> 0 | I43: =I16 -> 0 | J43: =J16 -> 0 | ... W43: =W16 -> 0
C44: =C17 -> 358.68545 | D44: =D17 -> 1174.4673 | E44: =E17 -> 1194.1965 | F44: =F17 -> 793.80992 | G44: =G17 -> 1271.4497 | H44: =H17 -> 313.33442 | I44: =I17 -> 180 | J44: =J17 -> 1745 | ... W44: =W17 -> 10.138433
C45: =C18 -> 2939.0496 | D45: =D18 -> 1174.4673 | E45: =E18 -> 4071.1965 | F45: =F18 -> 793.80992 | G45: =G18 -> 1271.4497 | H45: =H18 -> 313.33442 | I45: =I18 -> 180 | J45: =J18 -> 1745 | ... W45: =W18 -> 10.138433
C46: =C19 -> 0 | D46: =D19 -> 0 | E46: =E19 -> 0 | F46: =F19 -> 0 | G46: =G19 -> 0 | H46: =H19 -> 0 | I46: =I19 -> 0 | J46: =J19 -> 0 | ... W46: =W19 -> 0
C47: =C20 -> 13 | D47: =D20 -> 76 | E47: =E20 -> 458.36595 | F47: =F20 -> 13 | G47: =G20 -> 37 | H47: =H20 -> 19 | I47: =I20 -> 4 | J47: =J20 -> 102 | ... W47: =W20 -> 0
C48: =C21 -> 0 | D48: =D21 -> 17618 | E48: =E21 -> 0 | F48: =F21 -> 5221 | G48: =G21 -> 0 | H48: =H21 -> 0 | I48: =I21 -> 12273 | J48: =J21 -> 0 | ... W48: =W21 -> 0
C49: =C22 -> 363 | D49: =D22 -> 1151.2565 | E49: =E22 -> 18 | F49: =F22 -> 170 | G49: =G22 -> 180 | H49: =H22 -> 50 | I49: =I22 -> 157 | J49: =J22 -> 386 | ... W49: =W22 -> 0
C50: =C23 -> 2 | D50: =D23 -> 107 | E50: =E23 -> 126 | F50: =F23 -> 13 | G50: =G23 -> 54 | H50: =H23 -> 20 | I50: =I23 -> 91 | J50: =J23 -> 84 | ... W50: =W23 -> 0
C51: =C24 -> 365 | D51: =D24 -> 18876.256 | E51: =E24 -> 144 | F51: =F24 -> 5404 | G51: =G24 -> 234 | H51: =H24 -> 70 | I51: =I24 -> 12521 | J51: =J24 -> 470 | ... W51: =W24 -> 0
C52: =C25 -> 3336.0496 | D52: =D25 -> 20141.724 | E52: =E25 -> 4673.5625 | F52: =F25 -> 6238.8099 | G52: =G25 -> 1548.4497 | H52: =H25 -> 402.33442 | I52: =I25 -> 12716 | J52: =J25 -> 2317 | ... W52: =W25 -> 10.138433
... C56: =C29 -> 0 | D56: =D29 -> 0 | E56: =E29 -> 0 | F56: =F29 -> 0 | G56: =G29 -> 0 | H56: =H29 -> 0 | I56: =I29 -> 0 | J56: =J29 -> 0 | ... W56: =W29 -> 0

Sheet 34년
Y2: [단위 : 백만원]
A3: 2034년 | C3: 동탄 | D3: 화성 | E3: 파주 | F3: 광교 | G3: 판교 | H3: 삼송 | I3: 양산 | J3: 대구 | K3: 청주 | L3: 소계 | M3: 수원 | N3: 광주전남 | O3: 강남 | P3: 소계 | Q3: 중앙 | R3: 고양 | S3: 용인 | T3: 분당 | U3: 세종 | V3: 김해 | W3: 평택 | X3: 소계 | Y3: 합계
A4: 수선유지비 | B4: 건물/구축물 | C4: =동탄!K6 -> 1071.2944 | D4: =화성!K6 -> 413.42278 | E4: =파주!K6 -> 892.18213 | F4: =광교!K6 -> 49.565674 | G4: =판교!K6 -> 344.70673 | H4: =삼송!K6 -> 323.30337 | I4: =양산!K6 -> 183.61829 | J4: =대구!K6 -> 3.3794778 | K4: =청주!K6 -> 33.794778 | L4: =SUM(C4:K4) -> 3315.2677 | M4: =수원!K6 -> 344.70673 | N4: =광주전남!K6 -> 269.23173 | O4: =강남!K6 -> 181.36531 | P4: =SUM(M4:O4) -> 795.30377 | Q4: =중앙!K6 -> 233.18397 | R4: =고양!K6 -> 119.40821 | S4: =용인!K6 -> 96.878362 | T4: =분당!K6 -> 45.059703 | U4: =세종!K6 -> 36.047763 | V4: =김해!K6 -> 168.97389 | W4: =평택!K6 -> 0 | X4: =SUM(Q4:W4) -> 699.5519 | Y4: =L4+P4+X4 -> 4810.1233
B5: 열원정기점검 | C5: =동탄!K7 -> 4948.5918 | D5: =화성!K7 -> 1489.7402 | E5: =파주!K7 -> 4529.6267 | F5: =광교!K7 -> 1071.9335 | G5: =판교!K7 -> 959.76726 | H5: =삼송!K7 -> 711.18856 | I5: =양산!K7 -> 913.58549 | J5: =대구!K7 -> 1230.2876 | K5: =청주!K7 -> 2781.987 | L5: =SUM(C5:K5) -> 18636.708 | M5: =수원!K7 -> 959.76726 | N5: =광주전남!K7 -> 1366.4355 | O5: =강남!K7 -> 1266.5306 | P5: =SUM(M5:O5) -> 3592.7334 | Q5: =중앙!K7 -> 1514.006 | R5: =고양!K7 -> 715.32279 | S5: =용인!K7 -> 531.7045 | T5: =분당!K7 -> 688.28697 | U5: =세종!K7 -> 128.42015 | V5: =김해!K7 -> 346.95972 | W5: =평택!K7 -> 185.87128 | X5: =SUM(Q5:W5) -> 4110.5714 | Y5: =L5+P5+X5 -> 26340.013
B6: 열원경상정비 | C6: =동탄!K8 -> 9117.3917 | D6: =화성!K8 -> 7043.2822 | E6: =파주!K8 -> 6582.4961 | F6: =광교!K8 -> 2705.2607 | G6: =판교!K8 -> 2808.1658 | H6: =삼송!K8 -> 2026.087 | I6: =양산!K8 -> 2524.6051 | J6: =대구!K8 -> 4176.8036 | K6: =청주!K8 -> 3794.9113 | L6: =SUM(C6:K6) -> 40779.003 | M6: =수원!K8 -> 2808.1658 | N6: =광주전남!K8 -> 1998.6457 | O6: =강남!K8 -> 1402.9395 | P6: =SUM(M6:O6) -> 6209.751 | Q6: =중앙!K8 -> 1216.5669 | R6: =고양!K8 -> 799.22959 | S6: =용인!K8 -> 774.07501 | T6: =분당!K8 -> 690.60755 | U6: =세종!K8 -> 312.14546 | V6: =김해!K8 -> 45.735599 | W6: =평택!K8 -> 45.735599 | X6: =SUM(Q6:W6) -> 3884.0957 | Y6: =L6+P6+X6 -> 50872.85
B7: 열원정기유지보수 | C7: =동탄!K9 -> 3431.4021 | D7: =화성!K9 -> 419.05524 | E7: =파주!K9 -> 728.8407 | F7: =광교!K9 -> 211.78061 | G7: =판교!K9 -> 211.78061 | H7: =삼송!K9 -> 179.11232 | I7: =양산!K9 -> 262.47277 | J7: =대구!K9 -> 299.64703 | K7: =청주!K9 -> 228.678 | L7: =SUM(C7:K7) -> 5972.7694 | M7: =수원!K9 -> 211.78061 | N7: =광주전남!K9 -> 234.31046 | O7: =강남!K9 -> 661.25115 | P7: =SUM(M7:O7) -> 1107.3422 | Q7: =중앙!K9 -> 773.90041 | R7: =고양!K9 -> 606.05301 | S7: =용인!K9 -> 134.05262 | T7: =분당!K9 -> 94.625377 | U7: =세종!K9 -> 68.716048 | V7: =김해!K9 -> 59.704107 | W7: =평택!K9 -> 104.76381 | X7: =SUM(Q7:W7) -> 1841.8154 | Y7: =L7+P7+X7 -> 8921.927
B8: 열원보완및개선 | C8: =동탄!K10 -> 2766.7977 | D8: =화성!K10 -> 958.60672 | E8: =파주!K10 -> 1639.0467 | F8: =광교!K10 -> 1399.1038 | G8: =판교!K10 -> 528.32502 | H8: =삼송!K10 -> 441.58509 | I8: =양산!K10 -> 1008.2109 | J8: =대구!K10 -> 869.65228 | K8: =청주!K10 -> 419.05524 | L8: =SUM(C8:K8) -> 10030.383 | M8: =수원!K10 -> 528.32502 | N8: =광주전남!K10 -> 802.06272 | O8: =강남!K10 -> 717.57578 | P8: =SUM(M8:O8) -> 2047.9635 | Q8: =중앙!K10 -> 1185.0702 | R8: =고양!K10 -> 1405.8627 | S8: =용인!K10 -> 251.20785 | T8: =분당!K10 -> 500.16271 | U8: =세종!K10 -> 377.37502 | V8: =김해!K10 -> 297.39404 | W8: =평택!K10 -> 31.541792 | X8: =SUM(Q8:W8) -> 4048.6144 | Y8: =L8+P8+X8 -> 16126.961
B9: 비저장품(보수자재) | C9: =동탄!K11 -> 849.53875 | D9: =화성!K11 -> 656.30585 | E9: =파주!K11 -> 612.85703 | F9: =광교!K11 -> 251.54579 | G9: =판교!K11 -> 261.8363 | H9: =삼송!K11 -> 57.169499 | I9: =양산!K11 -> 234.39494 | J9: =대구!K11 -> 388.75259 | K9: =청주!K11 -> 353.3075 | L9: =SUM(C9:K9) -> 3665.7083 | M9: =수원!K11 -> 261.8363 | N9: =광주전남!K11 -> 179.51223 | O9: =강남!K11 -> 125.7729 | P9: =SUM(M9:O9) -> 567.12143 | Q9: =중앙!K11 -> 109.76544 | R9: =고양!K11 -> 72.033568 | S9: =용인!K11 -> 69.746788 | T9: =분당!K11 -> 61.743059 | U9: =세종!K11 -> 28.584749 | V9: =김해!K11 -> 4.5735599 | W9: =평택!K11 -> 4.5735599 | X9: =SUM(Q9:W9) -> 351.02072 | Y9: =L9+P9+X9 -> 4583.8504
B10: 소모품(자재공기구) | C10: =동탄!K12 -> 94.901368 | D10: =화성!K12 -> 73.176958 | E10: =파주!K12 -> 68.603399 | F10: =광교!K12 -> 27.441359 | G10: =판교!K12 -> 28.584749 | H10: =삼송!K12 -> 6.8603399 | I10: =양산!K12 -> 26.297969 | J10: =대구!K12 -> 43.448819 | K10: =청주!K12 -> 38.875259 | L10: =SUM(C10:K10) -> 408.19022 | M10: =수원!K12 -> 28.584749 | N10: =광주전남!K12 -> 19.43763 | O10: =강남!K12 -> 13.72068 | P10: =SUM(M10:O10) -> 61.743059 | Q10: =중앙!K12 -> 12.57729 | R10: =고양!K12 -> 8.0037298 | S10: =용인!K12 -> 8.0037298 | T10: =분당!K12 -> 6.8603399 | U10: =세종!K12 -> 3.4301699 | V10: =김해!K12 -> 1.14339 | W10: =평택!K12 -> 1.14339 | X10: =SUM(Q10:W10) -> 41.162039 | Y10: =L10+P10+X10 -> 511.09532
B11: 계 | C11: =SUM(C4:C10) -> 22279.918 | D11: =SUM(D4:D10) -> 11053.59 | E11: =SUM(E4:E10) -> 15053.653 | F11: =SUM(F4:F10) -> 5716.6314 | G11: =SUM(G4:G10) -> 5143.1665 | H11: =SUM(H4:H10) -> 3745.3062 | I11: =SUM(I4:I10) -> 5153.1854 | J11: =SUM(J4:J10) -> 7011.9714 | K11: =SUM(K4:K10) -> 7650.6091 | L11: =SUM(C11:K11) -> 82808.031 | M11: =SUM(M4:M10) -> 5143.1665 | N11: =SUM(N4:N10) -> 4869.6359 | O11: =SUM(O4:O10) -> 4369.1559 | P11: =SUM(M11:O11) -> 14381.958 | Q11: =SUM(Q4:Q10) -> 5045.0703 | R11: =SUM(R4:R10) -> 3725.9137 | S11: =SUM(S4:S10) -> 1865.6689 | T11: =SUM(T4:T10) -> 2087.3457 | U11: =SUM(U4:U10) -> 954.71936 | V11: =SUM(V4:V10) -> 924.4843 | W11: =SUM(W4:W10) -> 373.62943 | X11: =SUM(Q11:W11) -> 14976.832 | Y11: =L11+P11+X11 -> 112166.82
A12: 지급수수료 | B12: 지급수수료 열원 | C12: =동탄!K13 -> 494.73855 | D12: =화성!K13 -> 415.67576 | E12: =파주!K13 -> 631.96234 | F12: =광교!K13 -> 263.59927 | G12: =판교!K13 -> 241.06941 | H12: =삼송!K13 -> 257.9668 | I12: =양산!K13 -> 751.37056 | J12: =대구!K13 -> 475.37987 | K12: =청주!K13 -> 494.53025 | L12: =SUM(C12:K12) -> 4026.2928 | M12: =수원!K13 -> 241.06941 | N12: =광주전남!K13 -> 875.28474 | O12: =강남!K13 -> 266.97874 | P12: =SUM(M12:O12) -> 1383.3329 | Q12: =중앙!K13 -> 268.10524 | R12: =고양!K13 -> 112.64926 | S12: =용인!K13 -> 215.16008 | T12: =분당!K13 -> 73.222018 | U12: =세종!K13 -> 87.866422 | V12: =김해!K13 -> 180.23881 | W12: =평택!K13 -> 57.451122 | X12: =SUM(Q12:W12) -> 994.69295 | Y12: =L12+P12+X12 -> 6404.3187
