Workbook

Sheet 표준화방향
B3: <'25년 표준화> - '23년 실적을 반영하여 표준화 시행, 양산대구청주지사는 실적이 더 쌓여야 가능할것으로 보임 1. 중대형CHP 관련 정기적 비용 산출(완료) - LTSA, 고온부품 재생보수등의 비용을 제외하고 나머지금액(기타기계장치) 대상 표준화 2. 신규 양산, 대구, 청주의 경우 양산, 청주는 기존설비 유지보수 비용이 제외되거나 크지않을 것으로 보임 - 대구는 유류CHP , PLB가 제외되어 우드칩 유지보수 비용은 반영되어야 할 것으로 보임 3. 정기점검보수공사 등 비용 - A, B, C급 토대로 비용을 산정하고 예측한다 4. 위의 실적을 기반으로 1) 손익/자본예산 2) 손익예산(수선유지비, 지급수수료) - 중대형, 소형, DH 지사 표준화 실시 3) 자본예산(기계장치, 예비품 등) - 중대형, 소형, DH 대상 표준화 실시 4) LTSA, 고온부품 재생비용은 보수등급별 표준화 보다는 연도별 집행계획(LTSA회계처리변경, 장기유지보수 계약방향 고려) 산정하도록 한다 5) 중요: 기존 표준화 및 중장기 보고시 CRI 비용이 많이 누락이 되었다. 주기&시기와 비용등을 표준화가 필요해보인다 - 통상적으로 MI때 반출한 로터를 +1년 OR +2년에 다시들어와서 동일기종 다른지사(화성->파주, 파주->화성) 에 장착하는 것으로 보인다 6) 세종 지사 북세종 준공 '24년 이후 역무 증가

Sheet 생산자물가지수
E9: 2019 | F9: 2020 | G9: 2021 | H9: 2022 | I9: 2023
E10: 1 | F10: 2 | G10: 3 | H10: 4 | I10: 5
D11: 생산자물가지수 | E11: 100 | F11: 101.13 | G11: 102.07 | H11: 111.15 | I11: 116.84 | J11: =I11/H11 -> 1.0511921
D12: 건설공사비지수 | E12: 100 | F12: 102.02 | G12: 107.04 | H12: 122.38 | I12: 130.08 | J12: =I12/H12 -> 1.0629188

Sheet 합계
B3: 2025년 | C3: 2024년 | D3: 2023년 | E3: 2022년 | F3: 2021년 | G3: 2020년 | H3: 2019년 | I3: 2018년
A4: 저장품-열원(보수) | B4: =중대형chp!B4+'소형CHP(여기부터)'!B4+DH!B4 -> #VALUE! | C4: =중대형chp!C4+'소형CHP(여기부터)'!C4+DH!C4 -> 0 | D4: =중대형chp!D4+'소형CHP(여기부터)'!D4+DH!D4 -> 0 | E4: =중대형chp!E4+'소형CHP(여기부터)'!E4+DH!E4 -> 0 | F4: =중대형chp!F4+'소형CHP(여기부터)'!F4+DH!F4 -> 0 | G4: =중대형chp!G4+'소형CHP(여기부터)'!G4+DH!G4 -> 0 | H4: =중대형chp!H4+'소형CHP(여기부터)'!H4+DH!H4 -> 0 | I4: =중대형chp!I4+'소형CHP(여기부터)'!I4+DH!I4 -> 0
A5: 건 물 | B5: =중대형chp!B5+'소형CHP(여기부터)'!B5+DH!B5 -> 0 | C5: =중대형chp!C5+'소형CHP(여기부터)'!C5+DH!C5 -> 0 | D5: =중대형chp!D5+'소형CHP(여기부터)'!D5+DH!D5 -> 0 | E5: =중대형chp!E5+'소형CHP(여기부터)'!E5+DH!E5 -> 0 | F5: =중대형chp!F5+'소형CHP(여기부터)'!F5+DH!F5 -> 0 | G5: =중대형chp!G5+'소형CHP(여기부터)'!G5+DH!G5 -> 0 | H5: =중대형chp!H5+'소형CHP(여기부터)'!H5+DH!H5 -> 0 | I5: =중대형chp!I5+'소형CHP(여기부터)'!I5+DH!I5 -> 0
A6: 구축물 | B6: =중대형chp!B6+'소형CHP(여기부터)'!B6+DH!B6 -> 0 | C6: =중대형chp!C6+'소형CHP(여기부터)'!C6+DH!C6 -> 0 | D6: =중대형chp!D6+'소형CHP(여기부터)'!D6+DH!D6 -> 0 | E6: =중대형chp!E6+'소형CHP(여기부터)'!E6+DH!E6 -> 0 | F6: =중대형chp!F6+'소형CHP(여기부터)'!F6+DH!F6 -> 0 | G6: =중대형chp!G6+'소형CHP(여기부터)'!G6+DH!G6 -> 0 | H6: =중대형chp!H6+'소형CHP(여기부터)'!H6+DH!H6 -> 0 | I6: =중대형chp!I6+'소형CHP(여기부터)'!I6+DH!I6 -> 0
A7: 기계장치 | B7: =중대형chp!B7+'소형CHP(여기부터)'!B7+DH!B7 -> 0 | C7: =중대형chp!C7+'소형CHP(여기부터)'!C7+DH!C7 -> 0 | D7: =중대형chp!D7+'소형CHP(여기부터)'!D7+DH!D7 -> 0 | E7: =중대형chp!E7+'소형CHP(여기부터)'!E7+DH!E7 -> 0 | F7: =중대형chp!F7+'소형CHP(여기부터)'!F7+DH!F7 -> 0 | G7: =중대형chp!G7+'소형CHP(여기부터)'!G7+DH!G7 -> 0 | H7: =중대형chp!H7+'소형CHP(여기부터)'!H7+DH!H7 -> 0 | I7: =중대형chp!I7+'소형CHP(여기부터)'!I7+DH!I7 -> 0
A8: 공구와기구-열원시설공기구 | B8: =중대형chp!B8+'소형CHP(여기부터)'!B8+DH!B8 -> 0 | C8: =중대형chp!C8+'소형CHP(여기부터)'!C8+DH!C8 -> 0 | D8: =중대형chp!D8+'소형CHP(여기부터)'!D8+DH!D8 -> 0 | E8: =중대형chp!E8+'소형CHP(여기부터)'!E8+DH!E8 -> 0 | F8: =중대형chp!F8+'소형CHP(여기부터)'!F8+DH!F8 -> 0 | G8: =중대형chp!G8+'소형CHP(여기부터)'!G8+DH!G8 -> 0 | H8: =중대형chp!H8+'소형CHP(여기부터)'!H8+DH!H8 -> 0 | I8: =중대형chp!I8+'소형CHP(여기부터)'!I8+DH!I8 -> 0
A9: 건가-외주비-열원정기점검 | B9: =중대형chp!B9+'소형CHP(여기부터)'!B9+DH!B9 -> 0 | C9: =중대형chp!C9+'소형CHP(여기부터)'!C9+DH!C9 -> 0 | D9: =중대형chp!D9+'소형CHP(여기부터)'!D9+DH!D9 -> 0 | E9: =중대형chp!E9+'소형CHP(여기부터)'!E9+DH!E9 -> 0 | F9: =중대형chp!F9+'소형CHP(여기부터)'!F9+DH!F9 -> 0 | G9: =중대형chp!G9+'소형CHP(여기부터)'!G9+DH!G9 -> 0 | H9: =중대형chp!H9+'소형CHP(여기부터)'!H9+DH!H9 -> 0 | I9: =중대형chp!I9+'소형CHP(여기부터)'!I9+DH!I9 -> 0
A10: 건설중인자산-재생고온부품 | B10: =중대형chp!B10+'소형CHP(여기부터)'!B10+DH!B10 -> 0 | C10: =중대형chp!C10+'소형CHP(여기부터)'!C10+DH!C10 -> 0 | D10: =중대형chp!D10+'소형CHP(여기부터)'!D10+DH!D10 -> 0 | E10: =중대형chp!E10+'소형CHP(여기부터)'!E10+DH!E10 -> 0 | F10: =중대형chp!F10+'소형CHP(여기부터)'!F10+DH!F10 -> 0 | G10: =중대형chp!G10+'소형CHP(여기부터)'!G10+DH!G10 -> 0 | H10: =중대형chp!H10+'소형CHP(여기부터)'!H10+DH!H10 -> 0 | I10: =중대형chp!I10+'소형CHP(여기부터)'!I10+DH!I10 -> 0
A11: 건설중인자산-자산화예비품 | B11: =중대형chp!B11+'소형CHP(여기부터)'!B11+DH!B11 -> 0 | C11: =중대형chp!C11+'소형CHP(여기부터)'!C11+DH!C11 -> 0 | D11: =중대형chp!D11+'소형CHP(여기부터)'!D11+DH!D11 -> 0 | E11: =중대형chp!E11+'소형CHP(여기부터)'!E11+DH!E11 -> 0 | F11: =중대형chp!F11+'소형CHP(여기부터)'!F11+DH!F11 -> 0 | G11: =중대형chp!G11+'소형CHP(여기부터)'!G11+DH!G11 -> 0 | H11: =중대형chp!H11+'소형CHP(여기부터)'!H11+DH!H11 -> 0 | I11: =중대형chp!I11+'소형CHP(여기부터)'!I11+DH!I11 -> 0
A12: 투자비 | B12: =중대형chp!B12+'소형CHP(여기부터)'!B12+DH!B12 -> 0 | C12: =중대형chp!C12+'소형CHP(여기부터)'!C12+DH!C12 -> 0 | D12: =중대형chp!D12+'소형CHP(여기부터)'!D12+DH!D12 -> 0 | E12: =중대형chp!E12+'소형CHP(여기부터)'!E12+DH!E12 -> 0 | F12: =중대형chp!F12+'소형CHP(여기부터)'!F12+DH!F12 -> 0 | G12: =중대형chp!G12+'소형CHP(여기부터)'!G12+DH!G12 -> 0 | H12: =중대형chp!H12+'소형CHP(여기부터)'!H12+DH!H12 -> 0 | I12: =중대형chp!I12+'소형CHP(여기부터)'!I12+DH!I12 -> 0
A13: 자본소계 | B13: =중대형chp!B13+'소형CHP(여기부터)'!B13+DH!B13 -> 0 | C13: =중대형chp!C13+'소형CHP(여기부터)'!C13+DH!C13 -> 0 | D13: =중대형chp!D13+'소형CHP(여기부터)'!D13+DH!D13 -> 0 | E13: =중대형chp!E13+'소형CHP(여기부터)'!E13+DH!E13 -> 0 | F13: =중대형chp!F13+'소형CHP(여기부터)'!F13+DH!F13 -> 0 | G13: =중대형chp!G13+'소형CHP(여기부터)'!G13+DH!G13 -> 0 | H13: =중대형chp!H13+'소형CHP(여기부터)'!H13+DH!H13 -> 0 | I13: =중대형chp!I13+'소형CHP(여기부터)'!I13+DH!I13 -> 0
B14: =중대형chp!B14+'소형CHP(여기부터)'!B14+DH!B14 -> 0 | C14: =중대형chp!C14+'소형CHP(여기부터)'!C14+DH!C14 -> 0 | D14: =중대형chp!D14+'소형CHP(여기부터)'!D14+DH!D14 -> 0 | E14: =중대형chp!E14+'소형CHP(여기부터)'!E14+DH!E14 -> 0 | F14: =중대형chp!F14+'소형CHP(여기부터)'!F14+DH!F14 -> 0 | G14: =중대형chp!G14+'소형CHP(여기부터)'!G14+DH!G14 -> 0 | H14: =중대형chp!H14+'소형CHP(여기부터)'!H14+DH!H14 -> 0 | I14: =중대형chp!I14+'소형CHP(여기부터)'!I14+DH!I14 -> 0
A15: 수선유지비-건물/구축물 | B15: =중대형chp!B15+'소형CHP(여기부터)'!B15+DH!B15 -> 0 | C15: =중대형chp!C15+'소형CHP(여기부터)'!C15+DH!C15 -> 0 | D15: =중대형chp!D15+'소형CHP(여기부터)'!D15+DH!D15 -> 0 | E15: =중대형chp!E15+'소형CHP(여기부터)'!E15+DH!E15 -> 0 | F15: =중대형chp!F15+'소형CHP(여기부터)'!F15+DH!F15 -> 0 | G15: =중대형chp!G15+'소형CHP(여기부터)'!G15+DH!G15 -> 0 | H15: =중대형chp!H15+'소형CHP(여기부터)'!H15+DH!H15 -> 0 | I15: =중대형chp!I15+'소형CHP(여기부터)'!I15+DH!I15 -> 0
A16: 수선유지비-열원정기점검 | B16: =중대형chp!B16+'소형CHP(여기부터)'!B16+DH!B16 -> 0 | C16: =중대형chp!C16+'소형CHP(여기부터)'!C16+DH!C16 -> 0 | D16: =중대형chp!D16+'소형CHP(여기부터)'!D16+DH!D16 -> 0 | E16: =중대형chp!E16+'소형CHP(여기부터)'!E16+DH!E16 -> 0 | F16: =중대형chp!F16+'소형CHP(여기부터)'!F16+DH!F16 -> 0 | G16: =중대형chp!G16+'소형CHP(여기부터)'!G16+DH!G16 -> 0 | H16: =중대형chp!H16+'소형CHP(여기부터)'!H16+DH!H16 -> 0 | I16: =중대형chp!I16+'소형CHP(여기부터)'!I16+DH!I16 -> 0
A17: 수선유지비-열원경상정비 | B17: =중대형chp!B17+'소형CHP(여기부터)'!B17+DH!B17 -> 0 | C17: =중대형chp!C17+'소형CHP(여기부터)'!C17+DH!C17 -> 0 | D17: =중대형chp!D17+'소형CHP(여기부터)'!D17+DH!D17 -> 0 | E17: =중대형chp!E17+'소형CHP(여기부터)'!E17+DH!E17 -> 0 | F17: =중대형chp!F17+'소형CHP(여기부터)'!F17+DH!F17 -> 0 | G17: =중대형chp!G17+'소형CHP(여기부터)'!G17+DH!G17 -> 0 | H17: =중대형chp!H17+'소형CHP(여기부터)'!H17+DH!H17 -> 0 | I17: =중대형chp!I17+'소형CHP(여기부터)'!I17+DH!I17 -> 0
A18: 수선유지비-열원정기유지보수 | B18: =중대형chp!B18+'소형CHP(여기부터)'!B18+DH!B18 -> 0 | C18: =중대형chp!C18+'소형CHP(여기부터)'!C18+DH!C18 -> 0 | D18: =중대형chp!D18+'소형CHP(여기부터)'!D18+DH!D18 -> 0 | E18: =중대형chp!E18+'소형CHP(여기부터)'!E18+DH!E18 -> 0 | F18: =중대형chp!F18+'소형CHP(여기부터)'!F18+DH!F18 -> 0 | G18: =중대형chp!G18+'소형CHP(여기부터)'!G18+DH!G18 -> 0 | H18: =중대형chp!H18+'소형CHP(여기부터)'!H18+DH!H18 -> 0 | I18: =중대형chp!I18+'소형CHP(여기부터)'!I18+DH!I18 -> 0
A19: 수선유지비-열원보완개선및기타 | B19: =중대형chp!B19+'소형CHP(여기부터)'!B19+DH!B19 -> 0 | C19: =중대형chp!C19+'소형CHP(여기부터)'!C19+DH!C19 -> 0 | D19: =중대형chp!D19+'소형CHP(여기부터)'!D19+DH!D19 -> 0 | E19: =중대형chp!E19+'소형CHP(여기부터)'!E19+DH!E19 -> 0 | F19: =중대형chp!F19+'소형CHP(여기부터)'!F19+DH!F19 -> 0 | G19: =중대형chp!G19+'소형CHP(여기부터)'!G19+DH!G19 -> 0 | H19: =중대형chp!H19+'소형CHP(여기부터)'!H19+DH!H19 -> 0 | I19: =중대형chp!I19+'소형CHP(여기부터)'!I19+DH!I19 -> 0
A20: 지급수수료-열원점검수수료 | B20: =중대형chp!B20+'소형CHP(여기부터)'!B20+DH!B20 -> 0 | C20: =중대형chp!C20+'소형CHP(여기부터)'!C20+DH!C20 -> 0 | D20: =중대형chp!D20+'소형CHP(여기부터)'!D20+DH!D20 -> 0 | E20: =중대형chp!E20+'소형CHP(여기부터)'!E20+DH!E20 -> 0 | F20: =중대형chp!F20+'소형CHP(여기부터)'!F20+DH!F20 -> 0 | G20: =중대형chp!G20+'소형CHP(여기부터)'!G20+DH!G20 -> 0 | H20: =중대형chp!H20+'소형CHP(여기부터)'!H20+DH!H20 -> 0 | I20: =중대형chp!I20+'소형CHP(여기부터)'!I20+DH!I20 -> 0
A21: 손익소계 | B21: =중대형chp!B21+'소형CHP(여기부터)'!B21+DH!B21 -> 0 | C21: =중대형chp!C21+'소형CHP(여기부터)'!C21+DH!C21 -> 0 | D21: =중대형chp!D21+'소형CHP(여기부터)'!D21+DH!D21 -> 0 | E21: =중대형chp!E21+'소형CHP(여기부터)'!E21+DH!E21 -> 0 | F21: =중대형chp!F21+'소형CHP(여기부터)'!F21+DH!F21 -> 0 | G21: =중대형chp!G21+'소형CHP(여기부터)'!G21+DH!G21 -> 0 | H21: =중대형chp!H21+'소형CHP(여기부터)'!H21+DH!H21 -> 0 | I21: =중대형chp!I21+'소형CHP(여기부터)'!I21+DH!I21 -> 0
B24: 대구 청주 포함

Sheet 중대형chp
B3: 2025년 | C3: 2024년 | D3: 2023년 | E3: 2022년 | F3: 2021년 | G3: 2020년 | H3: 2019년 | I3: 2018년
A4: 저장품-열원(보수) | B4: =동탄!B4+화성!B4+파주!B4+판교!B4+광교!B4+삼송!B4+양산!B4+대구!B4+청주!B4 -> #VALUE! | C4: =동탄!C4+화성!C4+파주!C4+판교!C4+광교!C4+삼송!C4+양산!C4 -> 0 | D4: =동탄!D4+화성!D4+파주!D4+판교!D4+광교!D4+삼송!D4+양산!D4 -> 0 | E4: =동탄!E4+화성!E4+파주!E4+판교!E4+광교!E4+삼송!E4+양산!E4 -> 0 | F4: =동탄!F4+화성!F4+파주!F4+판교!F4+광교!F4+삼송!F4+양산!F4 -> 0 | G4: =동탄!G4+화성!G4+파주!G4+판교!G4+광교!G4+삼송!G4+양산!G4 -> 0 | H4: =동탄!H4+화성!H4+파주!H4+판교!H4+광교!H4+삼송!H4+양산!H4 -> 0 | I4: =동탄!I4+화성!I4+파주!I4+판교!I4+광교!I4+삼송!I4+양산!I4 -> 0
A5: 건 물 | B5: =동탄!B5+화성!B5+파주!B5+판교!B5+광교!B5+삼송!B5+양산!B5+대구!B5+청주!B5 -> 0 | C5: =동탄!C5+화성!C5+파주!C5+판교!C5+광교!C5+삼송!C5+양산!C5 -> 0 | D5: =동탄!D5+화성!D5+파주!D5+판교!D5+광교!D5+삼송!D5+양산!D5 -> 0 | E5: =동탄!E5+화성!E5+파주!E5+판교!E5+광교!E5+삼송!E5+양산!E5 -> 0 | F5: =동탄!F5+화성!F5+파주!F5+판교!F5+광교!F5+삼송!F5+양산!F5 -> 0 | G5: =동탄!G5+화성!G5+파주!G5+판교!G5+광교!G5+삼송!G5+양산!G5 -> 0 | H5: =동탄!H5+화성!H5+파주!H5+판교!H5+광교!H5+삼송!H5+양산!H5 -> 0 | I5: =동탄!I5+화성!I5+파주!I5+판교!I5+광교!I5+삼송!I5+양산!I5 -> 0
A6: 구축물 | B6: =동탄!B6+화성!B6+파주!B6+판교!B6+광교!B6+삼송!B6+양산!B6+대구!B6+청주!B6 -> 0 | C6: =동탄!C6+화성!C6+파주!C6+판교!C6+광교!C6+삼송!C6+양산!C6 -> 0 | D6: =동탄!D6+화성!D6+파주!D6+판교!D6+광교!D6+삼송!D6+양산!D6 -> 0 | E6: =동탄!E6+화성!E6+파주!E6+판교!E6+광교!E6+삼송!E6+양산!E6 -> 0 | F6: =동탄!F6+화성!F6+파주!F6+판교!F6+광교!F6+삼송!F6+양산!F6 -> 0 | G6: =동탄!G6+화성!G6+파주!G6+판교!G6+광교!G6+삼송!G6+양산!G6 -> 0 | H6: =동탄!H6+화성!H6+파주!H6+판교!H6+광교!H6+삼송!H6+양산!H6 -> 0 | I6: =동탄!I6+화성!I6+파주!I6+판교!I6+광교!I6+삼송!I6+양산!I6 -> 0
A7: 기계장치 | B7: =동탄!B7+화성!B7+파주!B7+판교!B7+광교!B7+삼송!B7+양산!B7+대구!B7+청주!B7 -> 0 | C7: =동탄!C7+화성!C7+파주!C7+판교!C7+광교!C7+삼송!C7+양산!C7 -> 0 | D7: =동탄!D7+화성!D7+파주!D7+판교!D7+광교!D7+삼송!D7+양산!D7 -> 0 | E7: =동탄!E7+화성!E7+파주!E7+판교!E7+광교!E7+삼송!E7+양산!E7 -> 0 | F7: =동탄!F7+화성!F7+파주!F7+판교!F7+광교!F7+삼송!F7+양산!F7 -> 0 | G7: =동탄!G7+화성!G7+파주!G7+판교!G7+광교!G7+삼송!G7+양산!G7 -> 0 | H7: =동탄!H7+화성!H7+파주!H7+판교!H7+광교!H7+삼송!H7+양산!H7 -> 0 | I7: =동탄!I7+화성!I7+파주!I7+판교!I7+광교!I7+삼송!I7+양산!I7 -> 0
A8: 공구와기구-열원시설공기구 | B8: =동탄!B8+화성!B8+파주!B8+판교!B8+광교!B8+삼송!B8+양산!B8+대구!B8+청주!B8 -> 0 | C8: =동탄!C8+화성!C8+파주!C8+판교!C8+광교!C8+삼송!C8+양산!C8 -> 0 | D8: =동탄!D8+화성!D8+파주!D8+판교!D8+광교!D8+삼송!D8+양산!D8 -> 0 | E8: =동탄!E8+화성!E8+파주!E8+판교!E8+광교!E8+삼송!E8+양산!E8 -> 0 | F8: =동탄!F8+화성!F8+파주!F8+판교!F8+광교!F8+삼송!F8+양산!F8 -> 0 | G8: =동탄!G8+화성!G8+파주!G8+판교!G8+광교!G8+삼송!G8+양산!G8 -> 0 | H8: =동탄!H8+화성!H8+파주!H8+판교!H8+광교!H8+삼송!H8+양산!H8 -> 0 | I8: =동탄!I8+화성!I8+파주!I8+판교!I8+광교!I8+삼송!I8+양산!I8 -> 0
A9: 건가-외주비-열원정기점검 | B9: =동탄!B9+화성!B9+파주!B9+판교!B9+광교!B9+삼송!B9+양산!B9+대구!B9+청주!B9 -> 0 | C9: =동탄!C9+화성!C9+파주!C9+판교!C9+광교!C9+삼송!C9+양산!C9 -> 0 | D9: =동탄!D9+화성!D9+파주!D9+판교!D9+광교!D9+삼송!D9+양산!D9 -> 0 | E9: =동탄!E9+화성!E9+파주!E9+판교!E9+광교!E9+삼송!E9+양산!E9 -> 0 | F9: =동탄!F9+화성!F9+파주!F9+판교!F9+광교!F9+삼송!F9+양산!F9 -> 0 | G9: =동탄!G9+화성!G9+파주!G9+판교!G9+광교!G9+삼송!G9+양산!G9 -> 0 | H9: =동탄!H9+화성!H9+파주!H9+판교!H9+광교!H9+삼송!H9+양산!H9 -> 0 | I9: =동탄!I9+화성!I9+파주!I9+판교!I9+광교!I9+삼송!I9+양산!I9 -> 0
A10: 건설중인자산-재생고온부품 | B10: =동탄!B10+화성!B10+파주!B10+판교!B10+광교!B10+삼송!B10+양산!B10+대구!B10+청주!B10 -> 0 | C10: =동탄!C10+화성!C10+파주!C10+판교!C10+광교!C10+삼송!C10+양산!C10 -> 0 | D10: =동탄!D10+화성!D10+파주!D10+판교!D10+광교!D10+삼송!D10+양산!D10 -> 0 | E10: =동탄!E10+화성!E10+파주!E10+판교!E10+광교!E10+삼송!E10+양산!E10 -> 0 | F10: =동탄!F10+화성!F10+파주!F10+판교!F10+광교!F10+삼송!F10+양산!F10 -> 0 | G10: =동탄!G10+화성!G10+파주!G10+판교!G10+광교!G10+삼송!G10+양산!G10 -> 0 | H10: =동탄!H10+화성!H10+파주!H10+판교!H10+광교!H10+삼송!H10+양산!H10 -> 0 | I10: =동탄!I10+화성!I10+파주!I10+판교!I10+광교!I10+삼송!I10+양산!I10 -> 0
A11: 건설중인자산-자산화예비품 | B11: =동탄!B11+화성!B11+파주!B11+판교!B11+광교!B11+삼송!B11+양산!B11+대구!B11+청주!B11 -> 0 | C11: =동탄!C11+화성!C11+파주!C11+판교!C11+광교!C11+삼송!C11+양산!C11 -> 0 | D11: =동탄!D11+화성!D11+파주!D11+판교!D11+광교!D11+삼송!D11+양산!D11 -> 0 | E11: =동탄!E11+화성!E11+파주!E11+판교!E11+광교!E11+삼송!E11+양산!E11 -> 0 | F11: =동탄!F11+화성!F11+파주!F11+판교!F11+광교!F11+삼송!F11+양산!F11 -> 0 | G11: =동탄!G11+화성!G11+파주!G11+판교!G11+광교!G11+삼송!G11+양산!G11 -> 0 | H11: =동탄!H11+화성!H11+파주!H11+판교!H11+광교!H11+삼송!H11+양산!H11 -> 0 | I11: =동탄!I11+화성!I11+파주!I11+판교!I11+광교!I11+삼송!I11+양산!I11 -> 0
A12: 투자비 | B12: =동탄!B12+화성!B12+파주!B12+판교!B12+광교!B12+삼송!B12+양산!B12+대구!B12+청주!B12 -> 0 | C12: =동탄!C12+화성!C12+파주!C12+판교!C12+광교!C12+삼송!C12+양산!C12 -> 0 | D12: =동탄!D12+화성!D12+파주!D12+판교!D12+광교!D12+삼송!D12+양산!D12 -> 0 | E12: =동탄!E12+화성!E12+파주!E12+판교!E12+광교!E12+삼송!E12+양산!E12 -> 0 | F12: =동탄!F12+화성!F12+파주!F12+판교!F12+광교!F12+삼송!F12+양산!F12 -> 0 | G12: =동탄!G12+화성!G12+파주!G12+판교!G12+광교!G12+삼송!G12+양산!G12 -> 0 | H12: =동탄!H12+화성!H12+파주!H12+판교!H12+광교!H12+삼송!H12+양산!H12 -> 0 | I12: =동탄!I12+화성!I12+파주!I12+판교!I12+광교!I12+삼송!I12+양산!I12 -> 0
A13: 자본소계 | B13: =동탄!B13+화성!B13+파주!B13+판교!B13+광교!B13+삼송!B13+양산!B13+대구!B13+청주!B13 -> 0 | C13: =동탄!C13+화성!C13+파주!C13+판교!C13+광교!C13+삼송!C13+양산!C13 -> 0 | D13: =동탄!D13+화성!D13+파주!D13+판교!D13+광교!D13+삼송!D13+양산!D13 -> 0 | E13: =동탄!E13+화성!E13+파주!E13+판교!E13+광교!E13+삼송!E13+양산!E13 -> 0 | F13: =동탄!F13+화성!F13+파주!F13+판교!F13+광교!F13+삼송!F13+양산!F13 -> 0 | G13: =동탄!G13+화성!G13+파주!G13+판교!G13+광교!G13+삼송!G13+양산!G13 -> 0 | H13: =동탄!H13+화성!H13+파주!H13+판교!H13+광교!H13+삼송!H13+양산!H13 -> 0 | I13: =동탄!I13+화성!I13+파주!I13+판교!I13+광교!I13+삼송!I13+양산!I13 -> 0
B14: =동탄!B14+화성!B14+파주!B14+판교!B14+광교!B14+삼송!B14+양산!B14+대구!B14+청주!B14 -> 0 | C14: =동탄!C14+화성!C14+파주!C14+판교!C14+광교!C14+삼송!C14+양산!C14 -> 0 | D14: =동탄!D14+화성!D14+파주!D14+판교!D14+광교!D14+삼송!D14+양산!D14 -> 0
A15: 수선유지비-건물/구축물 | B15: =동탄!B15+화성!B15+파주!B15+판교!B15+광교!B15+삼송!B15+양산!B15+대구!B15+청주!B15 -> 0 | C15: =동탄!C15+화성!C15+파주!C15+판교!C15+광교!C15+삼송!C15+양산!C15 -> 0 | D15: =동탄!D15+화성!D15+파주!D15+판교!D15+광교!D15+삼송!D15+양산!D15 -> 0 | E15: =동탄!E15+화성!E15+파주!E15+판교!E15+광교!E15+삼송!E15+양산!E15 -> 0 | F15: =동탄!F15+화성!F15+파주!F15+판교!F15+광교!F15+삼송!F15+양산!F15 -> 0 | G15: =동탄!G15+화성!G15+파주!G15+판교!G15+광교!G15+삼송!G15+양산!G15 -> 0 | H15: =동탄!H15+화성!H15+파주!H15+판교!H15+광교!H15+삼송!H15+양산!H15 -> 0 | I15: =동탄!I15+화성!I15+파주!I15+판교!I15+광교!I15+삼송!I15+양산!I15 -> 0
A16: 수선유지비-열원정기점검 | B16: =동탄!B16+화성!B16+파주!B16+판교!B16+광교!B16+삼송!B16+양산!B16+대구!B16+청주!B16 -> 0 | C16: =동탄!C16+화성!C16+파주!C16+판교!C16+광교!C16+삼송!C16+양산!C16 -> 0 | D16: =동탄!D16+화성!D16+파주!D16+판교!D16+광교!D16+삼송!D16+양산!D16 -> 0 | E16: =동탄!E16+화성!E16+파주!E16+판교!E16+광교!E16+삼송!E16+양산!E16 -> 0 | F16: =동탄!F16+화성!F16+파주!F16+판교!F16+광교!F16+삼송!F16+양산!F16 -> 0 | G16: =동탄!G16+화성!G16+파주!G16+판교!G16+광교!G16+삼송!G16+양산!G16 -> 0 | H16: =동탄!H16+화성!H16+파주!H16+판교!H16+광교!H16+삼송!H16+양산!H16 -> 0 | I16: =동탄!I16+화성!I16+파주!I16+판교!I16+광교!I16+삼송!I16+양산!I16 -> 0
A17: 수선유지비-열원경상정비 | B17: =동탄!B17+화성!B17+파주!B17+판교!B17+광교!B17+삼송!B17+양산!B17+대구!B17+청주!B17 -> 0 | C17: =동탄!C17+화성!C17+파주!C17+판교!C17+광교!C17+삼송!C17+양산!C17 -> 0 | D17: =동탄!D17+화성!D17+파주!D17+판교!D17+광교!D17+삼송!D17+양산!D17 -> 0 | E17: =동탄!E17+화성!E17+파주!E17+판교!E17+광교!E17+삼송!E17+양산!E17 -> 0 | F17: =동탄!F17+화성!F17+파주!F17+판교!F17+광교!F17+삼송!F17+양산!F17 -> 0 | G17: =동탄!G17+화성!G17+파주!G17+판교!G17+광교!G17+삼송!G17+양산!G17 -> 0 | H17: =동탄!H17+화성!H17+파주!H17+판교!H17+광교!H17+삼송!H17+양산!H17 -> 0 | I17: =동탄!I17+화성!I17+파주!I17+판교!I17+광교!I17+삼송!I17+양산!I17 -> 0
A18: 수선유지비-열원정기유지보수 | B18: =동탄!B18+화성!B18+파주!B18+판교!B18+광교!B18+삼송!B18+양산!B18+대구!B18+청주!B18 -> 0 | C18: =동탄!C18+화성!C18+파주!C18+판교!C18+광교!C18+삼송!C18+양산!C18 -> 0 | D18: =동탄!D18+화성!D18+파주!D18+판교!D18+광교!D18+삼송!D18+양산!D18 -> 0 | E18: =동탄!E18+화성!E18+파주!E18+판교!E18+광교!E18+삼송!E18+양산!E18 -> 0 | F18: =동탄!F18+화성!F18+파주!F18+판교!F18+광교!F18+삼송!F18+양산!F18 -> 0 | G18: =동탄!G18+화성!G18+파주!G18+판교!G18+광교!G18+삼송!G18+양산!G18 -> 0 | H18: =동탄!H18+화성!H18+파주!H18+판교!H18+광교!H18+삼송!H18+양산!H18 -> 0 | I18: =동탄!I18+화성!I18+파주!I18+판교!I18+광교!I18+삼송!I18+양산!I18 -> 0
A19: 수선유지비-열원보완개선및기타 | B19: =동탄!B19+화성!B19+파주!B19+판교!B19+광교!B19+삼송!B19+양산!B19+대구!B19+청주!B19 -> 0 | C19: =동탄!C19+화성!C19+파주!C19+판교!C19+광교!C19+삼송!C19+양산!C19 -> 0 | D19: =동탄!D19+화성!D19+파주!D19+판교!D19+광교!D19+삼송!D19+양산!D19 -> 0 | E19: =동탄!E19+화성!E19+파주!E19+판교!E19+광교!E19+삼송!E19+양산!E19 -> 0 | F19: =동탄!F19+화성!F19+파주!F19+판교!F19+광교!F19+삼송!F19+양산!F19 -> 0 | G19: =동탄!G19+화성!G19+파주!G19+판교!G19+광교!G19+삼송!G19+양산!G19 -> 0 | H19: =동탄!H19+화성!H19+파주!H19+판교!H19+광교!H19+삼송!H19+양산!H19 -> 0 | I19: =동탄!I19+화성!I19+파주!I19+판교!I19+광교!I19+삼송!I19+양산!I19 -> 0
A20: 지급수수료-열원점검수수료 | B20: =동탄!B20+화성!B20+파주!B20+판교!B20+광교!B20+삼송!B20+양산!B20+대구!B20+청주!B20 -> 0 | C20: =동탄!C20+화성!C20+파주!C20+판교!C20+광교!C20+삼송!C20+양산!C20 -> 0 | D20: =동탄!D20+화성!D20+파주!D20+판교!D20+광교!D20+삼송!D20+양산!D20 -> 0 | E20: =동탄!E20+화성!E20+파주!E20+판교!E20+광교!E20+삼송!E20+양산!E20 -> 0 | F20: =동탄!F20+화성!F20+파주!F20+판교!F20+광교!F20+삼송!F20+양산!F20 -> 0 | G20: =동탄!G20+화성!G20+파주!G20+판교!G20+광교!G20+삼송!G20+양산!G20 -> 0 | H20: =동탄!H20+화성!H20+파주!H20+판교!H20+광교!H20+삼송!H20+양산!H20 -> 0 | I20: =동탄!I20+화성!I20+파주!I20+판교!I20+광교!I20+삼송!I20+양산!I20 -> 0
A21: 손익소계 | B21: =동탄!B21+화성!B21+파주!B21+판교!B21+광교!B21+삼송!B21+양산!B21+대구!B21+청주!B21 -> 0 | C21: =동탄!C21+화성!C21+파주!C21+판교!C21+광교!C21+삼송!C21+양산!C21 -> 0 | D21: =동탄!D21+화성!D21+파주!D21+판교!D21+광교!D21+삼송!D21+양산!D21 -> 0 | E21: =동탄!E21+화성!E21+파주!E21+판교!E21+광교!E21+삼송!E21+양산!E21 -> 0 | F21: =동탄!F21+화성!F21+파주!F21+판교!F21+광교!F21+삼송!F21+양산!F21 -> 0 | G21: =동탄!G21+화성!G21+파주!G21+판교!G21+광교!G21+삼송!G21+양산!G21 -> 0 | H21: =동탄!H21+화성!H21+파주!H21+판교!H21+광교!H21+삼송!H21+양산!H21 -> 0 | I21: =동탄!I21+화성!I21+파주!I21+판교!I21+광교!I21+삼송!I21+양산!I21 -> 0
B24: 대구 청주 포함

Sheet 동탄
K2: 단위 : 천원
B3: 2025 | C3: 2024 | D3: 2023 | E3: 2022 | F3: 2021 | G3: 2020 | H3: 2019 | I3: 2018 | J3: 2017 | K3: 2016 | L3: 참고(2023) 배정
A4: 저장품-열원(보수) | B4: ` | L4: 69000
A5: 건 물 | L5: 0
A6: 구축물 | L6: 0
A7: 기계장치 | L7: 20142000
A8: 공구와기구-열원시설공기구 | L8: 423000
A9: 건가-외주비-열원정기점검 | L9: =9153000+1000000 -> 10153000
A10: 건설중인자산-재생고온부품 | L10: 0
A11: 건설중인자산-자산화예비품 | L11: 389000
A12: 투자비 | L12: 389000
A13: 자본소계 | L13: =SUM(L4:L11) -> 31176000
A15: 수선유지비-건물/구축물 | L15: 103000
A16: 수선유지비-열원정기점검
A17: 수선유지비-열원경상정비
A18: 수선유지비-열원정기유지보수
A19: 수선유지비-열원보완개선및기타
A20: 지급수수료-열원점검수수료
A21: 손익소계
A23: #1 GT
A24: #2 GT
A25: ST #1,2
A27: 기계장치
A28: - (정기) 고온부품재생, LTSA
A29: - (정기?) CRI
... A52: 저장품-열원(보수)

Sheet 화성
K2: 단위 : 천원
B3: 2025 | C3: 2024 | D3: 2023 | E3: 2022 | F3: 2021 | G3: 2020 | H3: 2019 | I3: 2018 | J3: 2017 | K3: 2016
A4: 저장품-열원(보수) | B4: `
A5: 건 물
A6: 구축물
A7: 기계장치
A8: 공구와기구-열원시설공기구
A9: 건가-외주비-열원정기점검
A10: 건설중인자산-재생고온부품
A11: 건설중인자산-자산화예비품
A12: 투자비
A13: 자본소계
A15: 수선유지비-건물/구축물
A16: 수선유지비-열원정기점검
A17: 수선유지비-열원경상정비
... A47: 저장품-열원(보수)

Sheet 파주
K2: 단위 : 천원
B3: 2025 | C3: 2024 | D3: 2023 | E3: 2022 | F3: 2021 | G3: 2020 | H3: 2019 | I3: 2018 | J3: 2017 | K3: 2016
A4: 저장품-열원(보수) | B4: `
A5: 건 물
A6: 구축물
A7: 기계장치
A8: 공구와기구-열원시설공기구
A9: 건가-외주비-열원정기점검
A10: 건설중인자산-재생고온부품
A11: 건설중인자산-자산화예비품
A12: 투자비
A13: 자본소계
A15: 수선유지비-건물/구축물
A16: 수선유지비-열원정기점검
A17: 수선유지비-열원경상정비
... A47: 저장품-열원(보수)

Sheet 판교
K2: 단위 : 천원
B3: 2025 | C3: 2024 | D3: 2023 | E3: 2022 | F3: 2021 | G3: 2020 | H3: 2019 | I3: 2018 | J3: 2017 | K3: 2016
A4: 저장품-열원(보수) | B4: `
A5: 건 물
A6: 구축물
A7: 기계장치
A8: 공구와기구-열원시설공기구
A9: 건가-외주비-열원정기점검
A10: 건설중인자산-재생고온부품
A11: 건설중인자산-자산화예비품
A12: 투자비
A13: 자본소계
A15: 수선유지비-건물/구축물
A16: 수선유지비-열원정기점검
A17: 수선유지비-열원경상정비
... A47: 저장품-열원(보수)

Sheet 광교
K2: 단위 : 천원
B3: 2025 | C3: 2024 | D3: 2023 | E3: 2022 | F3: 2021 | G3: 2020 | H3: 2019 | I3: 2018 | J3: 2017 | K3: 2016
A4: 저장품-열원(보수) | B4: `
A5: 건 물
A6: 구축물
A7: 기계장치
A8: 공구와기구-열원시설공기구
A9: 건가-외주비-열원정기점검
A10: 건설중인자산-재생고온부품
A11: 건설중인자산-자산화예비품
A12: 투자비
A13: 자본소계
A15: 수선유지비-건물/구축물
A16: 수선유지비-열원정기점검
A17: 수선유지비-열원경상정비
... A47: 저장품-열원(보수)

Sheet 삼송
K2: 단위 : 천원
B3: 2025 | C3: 2024 | D3: 2023 | E3: 2022 | F3: 2021 | G3: 2020 | H3: 2019 | I3: 2018 | J3: 2017 | K3: 2016
A4: 저장품-열원(보수) | B4: `
A5: 건 물
A6: 구축물
A7: 기계장치
A8: 공구와기구-열원시설공기구
A9: 건가-외주비-열원정기점검
A10: 건설중인자산-재생고온부품
A11: 건설중인자산-자산화예비품
A12: 투자비
A13: 자본소계
A15: 수선유지비-건물/구축물
A16: 수선유지비-열원정기점검
A17: 수선유지비-열원경상정비
... A47: 저장품-열원(보수)

Sheet 양산
K2: 단위 : 천원
B3: 2025 | C3: 2024 | D3: 2023 | E3: 2022 | F3: 2021 | G3: 2020 | H3: 2019 | I3: 2018 | J3: 2017 | K3: 2016
A4: 저장품-열원(보수) | B4: `
A5: 건 물
A6: 구축물
A7: 기계장치
A8: 공구와기구-열원시설공기구
A9: 건가-외주비-열원정기점검
A10: 건설중인자산-재생고온부품
A11: 건설중인자산-자산화예비품
A12: 투자비
A13: 자본소계
A15: 수선유지비-건물/구축물 | L15: =AVERAGE(E15:I15) -> #DIV/0!
A16: 수선유지비-열원정기점검
A17: 수선유지비-열원경상정비
A18: 수선유지비-열원정기유지보수
A19: 수선유지비-열원보완개선및기타
A20: 지급수수료-열원점검수수료
A21: 손익소계
A23: GT
A24: ST
A25: DH
A27: 기계장치
A28: - (정기) 고온부품재생, LTSA
A29: - (정기) CRI
... A49: * 양산지사는 중대형CHP 보수예산이 '25년부터 본격적으로 발생하여 25년 예산을 예외적으로 표준화에 사용함

Sheet 대구
K2: 단위 : 천원
B3: 2025 | C3: 2024 | D3: 2023 | E3: 2022 | F3: 2021 | G3: 2020 | H3: 2019 | I3: 2018 | J3: 2017 | K3: 2016
A4: 저장품-열원(보수) | B4: `
A5: 건 물
A6: 구축물
A7: 기계장치
A8: 공구와기구-열원시설공기구
A9: 건가-외주비-열원정기점검
A10: 건설중인자산-재생고온부품
A11: 건설중인자산-자산화예비품
A12: 투자비
A13: 자본소계
A15: 수선유지비-건물/구축물
A16: 수선유지비-열원정기점검
A17: 수선유지비-열원경상정비
... A47: 저장품-열원(보수)

Sheet 청주
K2: 단위 : 천원
B3: 2025 | C3: 2024 | D3: 2023 | E3: 2022 | F3: 2021 | G3: 2020 | H3: 2019 | I3: 2018 | J3: 2017 | K3: 2016
A4: 저장품-열원(보수) | B4: `
A5: 건 물
A6: 구축물
A7: 기계장치
A8: 공구와기구-열원시설공기구
A9: 건가-외주비-열원정기점검
A10: 건설중인자산-재생고온부품
A11: 건설중인자산-자산화예비품
A12: 투자비
A13: 자본소계
A15: 수선유지비-건물/구축물
A16: 수선유지비-열원정기점검
A17: 수선유지비-열원경상정비
... A23: 등급
A24: DH | Q24: =38/22 -> 1.7272727
A27: 기계장치
A28: - (정기) 고온부품재생, LTSA
A29: - (정기) CRI
A30: - 투자비
A31: - (비정기, 표준화) 기타기계장치
A33: 손익예산 Standization
A34: 수선유지비-건물/구축물
A35: 수선유지비-열원정기점검
A36: 수선유지비-열원경상정비
A37: 수선유지비-열원정기유지보수
A38: 수선유지비-열원보완개선및기타
A39: 지급수수료-열원점검수수료
... A47: 저장품-열원(보수)

Sheet 소형CHP(여기부터)
B3: 2025년 | C3: 2024년 | D3: 2023년 | E3: 2022년 | F3: 2021년 | G3: 2020년 | H3: 2019년 | I3: 2018년
A4: 저장품-열원(보수) | B4: =강남!B4+수원!B4+광주전남!B4 -> 0 | C4: =강남!C4+수원!C4+대구!C4+청주!C4+광주전남!C4 -> 0 | D4: =강남!D4+수원!D4+대구!D4+청주!D4+광주전남!D4 -> 0 | E4: =강남!E4+수원!E4+대구!E4+청주!E4+광주전남!E4 -> 0 | F4: =강남!F4+수원!F4+대구!F4+청주!F4+광주전남!F4 -> 0 | G4: =강남!G4+수원!G4+대구!G4+청주!G4+광주전남!G4 -> 0 | H4: =강남!H4+수원!H4+대구!H4+청주!H4+광주전남!H4 -> 0 | I4: =강남!I4+수원!I4+대구!I4+청주!I4+광주전남!I4 -> 0
A5: 건 물 | B5: =강남!B5+수원!B5+광주전남!B5 -> 0 | C5: =강남!C5+수원!C5+대구!C5+청주!C5+광주전남!C5 -> 0 | D5: =강남!D5+수원!D5+대구!D5+청주!D5+광주전남!D5 -> 0 | E5: =강남!E5+수원!E5+대구!E5+청주!E5+광주전남!E5 -> 0 | F5: =강남!F5+수원!F5+대구!F5+청주!F5+광주전남!F5 -> 0 | G5: =강남!G5+수원!G5+대구!G5+청주!G5+광주전남!G5 -> 0 | H5: =강남!H5+수원!H5+대구!H5+청주!H5+광주전남!H5 -> 0 | I5: =강남!I5+수원!I5+대구!I5+청주!I5+광주전남!I5 -> 0
A6: 구축물 | B6: =강남!B6+수원!B6+광주전남!B6 -> 0 | C6: =강남!C6+수원!C6+대구!C6+청주!C6+광주전남!C6 -> 0 | D6: =강남!D6+수원!D6+대구!D6+청주!D6+광주전남!D6 -> 0 | E6: =강남!E6+수원!E6+대구!E6+청주!E6+광주전남!E6 -> 0 | F6: =강남!F6+수원!F6+대구!F6+청주!F6+광주전남!F6 -> 0 | G6: =강남!G6+수원!G6+대구!G6+청주!G6+광주전남!G6 -> 0 | H6: =강남!H6+수원!H6+대구!H6+청주!H6+광주전남!H6 -> 0 | I6: =강남!I6+수원!I6+대구!I6+청주!I6+광주전남!I6 -> 0
A7: 기계장치 | B7: =강남!B7+수원!B7+광주전남!B7 -> 0 | C7: =강남!C7+수원!C7+대구!C7+청주!C7+광주전남!C7 -> 0 | D7: =강남!D7+수원!D7+대구!D7+청주!D7+광주전남!D7 -> 0 | E7: =강남!E7+수원!E7+대구!E7+청주!E7+광주전남!E7 -> 0 | F7: =강남!F7+수원!F7+대구!F7+청주!F7+광주전남!F7 -> 0 | G7: =강남!G7+수원!G7+대구!G7+청주!G7+광주전남!G7 -> 0 | H7: =강남!H7+수원!H7+대구!H7+청주!H7+광주전남!H7 -> 0 | I7: =강남!I7+수원!I7+대구!I7+청주!I7+광주전남!I7 -> 0
A8: 공구와기구-열원시설공기구 | B8: =강남!B8+수원!B8+광주전남!B8 -> 0 | C8: =강남!C8+수원!C8+대구!C8+청주!C8+광주전남!C8 -> 0 | D8: =강남!D8+수원!D8+대구!D8+청주!D8+광주전남!D8 -> 0 | E8: =강남!E8+수원!E8+대구!E8+청주!E8+광주전남!E8 -> 0 | F8: =강남!F8+수원!F8+대구!F8+청주!F8+광주전남!F8 -> 0 | G8: =강남!G8+수원!G8+대구!G8+청주!G8+광주전남!G8 -> 0 | H8: =강남!H8+수원!H8+대구!H8+청주!H8+광주전남!H8 -> 0 | I8: =강남!I8+수원!I8+대구!I8+청주!I8+광주전남!I8 -> 0
A9: 건가-외주비-열원정기점검 | B9: =강남!B9+수원!B9+광주전남!B9 -> 0 | C9: =강남!C9+수원!C9+대구!C9+청주!C9+광주전남!C9 -> 0 | D9: =강남!D10+수원!D9+대구!D9+청주!D9+광주전남!D9 -> 0 | E9: =강남!E9+수원!E9+대구!E9+청주!E9+광주전남!E9 -> 0 | F9: =강남!F9+수원!F9+대구!F9+청주!F9+광주전남!F9 -> 0 | G9: =강남!G9+수원!G9+대구!G9+청주!G9+광주전남!G9 -> 0 | H9: =강남!H9+수원!H9+대구!H9+청주!H9+광주전남!H9 -> 0 | I9: =강남!I9+수원!I9+대구!I9+청주!I9+광주전남!I9 -> 0
A10: 건설중인자산-재생고온부품 | B10: =강남!B10+수원!B10+광주전남!B10 -> 0 | C10: =강남!C10+수원!C10+대구!C10+청주!C10+광주전남!C10 -> 0 | D10: =강남!D11+수원!D10+대구!D10+청주!D10+광주전남!D10 -> 0 | E10: =강남!E10+수원!E10+대구!E10+청주!E10+광주전남!E10 -> 0 | F10: =강남!F10+수원!F10+대구!F10+청주!F10+광주전남!F10 -> 0 | G10: =강남!G10+수원!G10+대구!G10+청주!G10+광주전남!G10 -> 0 | H10: =강남!H10+수원!H10+대구!H10+청주!H10+광주전남!H10 -> 0 | I10: =강남!I10+수원!I10+대구!I10+청주!I10+광주전남!I10 -> 0
A11: 건설중인자산-자산화예비품 | B11: =강남!B11+수원!B11+광주전남!B11 -> 0 | C11: =강남!C11+수원!C11+대구!C11+청주!C11+광주전남!C11 -> 0 | D11: =강남!D11+수원!D11+대구!D11+청주!D11+광주전남!D11 -> 0 | E11: =강남!E11+수원!E11+대구!E11+청주!E11+광주전남!E11 -> 0 | F11: =강남!F11+수원!F11+대구!F11+청주!F11+광주전남!F11 -> 0 | G11: =강남!G11+수원!G11+대구!G11+청주!G11+광주전남!G11 -> 0 | H11: =강남!H11+수원!H11+대구!H11+청주!H11+광주전남!H11 -> 0 | I11: =강남!I11+수원!I11+대구!I11+청주!I11+광주전남!I11 -> 0
A12: 투자비 | B12: =강남!B12+수원!B12+광주전남!B12 -> 0 | C12: =강남!C13+수원!C13+대구!C13+청주!C13+광주전남!C13 -> 0 | D12: =강남!D13+수원!D13+대구!D13+청주!D13+광주전남!D13 -> 0 | E12: =강남!E13+수원!E13+대구!E13+청주!E13+광주전남!E13 -> 0 | F12: =강남!F13+수원!F13+대구!F13+청주!F13+광주전남!F13 -> 0 | G12: =강남!G13+수원!G13+대구!G13+청주!G13+광주전남!G13 -> 0 | H12: =강남!H13+수원!H13+대구!H13+청주!H13+광주전남!H13 -> 0 | I12: =강남!I13+수원!I13+대구!I13+청주!I13+광주전남!I13 -> 0
A13: 자본소계 | B13: =강남!B13+수원!B13+광주전남!B13 -> 0 | C13: =강남!C13+수원!C13+대구!C13+청주!C13+광주전남!C13 -> 0 | D13: =강남!D13+수원!D13+대구!D13+청주!D13+광주전남!D13 -> 0 | E13: =강남!E13+수원!E13+대구!E13+청주!E13+광주전남!E13 -> 0 | F13: =강남!F13+수원!F13+대구!F13+청주!F13+광주전남!F13 -> 0 | G13: =강남!G13+수원!G13+대구!G13+청주!G13+광주전남!G13 -> 0 | H13: =강남!H13+수원!H13+대구!H13+청주!H13+광주전남!H13 -> 0 | I13: =강남!I13+수원!I13+대구!I13+청주!I13+광주전남!I13 -> 0
C14: =강남!C14+수원!C14+대구!C14+청주!C14+광주전남!C14 -> 0
A15: 수선유지비-건물/구축물 | B15: =강남!B15+수원!B15+광주전남!B15 -> 0 | C15: =강남!C15+수원!C15+대구!C15+청주!C15+광주전남!C15 -> 0 | D15: =강남!D15+수원!D15+대구!D15+청주!D15+광주전남!D15 -> 0 | E15: =강남!E15+수원!E15+대구!E15+청주!E15+광주전남!E15 -> 0 | F15: =강남!F15+수원!F15+대구!F15+청주!F15+광주전남!F15 -> 0 | G15: =강남!G15+수원!G15+대구!G15+청주!G15+광주전남!G15 -> 0 | H15: =강남!H15+수원!H15+대구!H15+청주!H15+광주전남!H15 -> 0 | I15: =강남!I15+수원!I15+대구!I15+청주!I15+광주전남!I15 -> 0
A16: 수선유지비-열원정기점검 | B16: =강남!B16+수원!B16+광주전남!B16 -> 0 | C16: =강남!C16+수원!C16+대구!C16+청주!C16+광주전남!C16 -> 0 | D16: =강남!D16+수원!D16+대구!D16+청주!D16+광주전남!D16 -> 0 | E16: =강남!E16+수원!E16+대구!E16+청주!E16+광주전남!E16 -> 0 | F16: =강남!F16+수원!F16+대구!F16+청주!F16+광주전남!F16 -> 0 | G16: =강남!G16+수원!G16+대구!G16+청주!G16+광주전남!G16 -> 0 | H16: =강남!H16+수원!H16+대구!H16+청주!H16+광주전남!H16 -> 0 | I16: =강남!I16+수원!I16+대구!I16+청주!I16+광주전남!I16 -> 0
A17: 수선유지비-열원경상정비 | B17: =강남!B17+수원!B17+광주전남!B17 -> 0 | C17: =강남!C17+수원!C17+대구!C17+청주!C17+광주전남!C17 -> 0 | D17: =강남!D17+수원!D17+대구!D17+청주!D17+광주전남!D17 -> 0 | E17: =강남!E17+수원!E17+대구!E17+청주!E17+광주전남!E17 -> 0 | F17: =강남!F17+수원!F17+대구!F17+청주!F17+광주전남!F17 -> 0 | G17: =강남!G17+수원!G17+대구!G17+청주!G17+광주전남!G17 -> 0 | H17: =강남!H17+수원!H17+대구!H17+청주!H17+광주전남!H17 -> 0 | I17: =강남!I17+수원!I17+대구!I17+청주!I17+광주전남!I17 -> 0
A18: 수선유지비-열원정기유지보수 | B18: =강남!B18+수원!B18+광주전남!B18 -> 0 | C18: =강남!C18+수원!C18+대구!C18+청주!C18+광주전남!C18 -> 0 | D18: =강남!D18+수원!D18+대구!D18+청주!D18+광주전남!D18 -> 0 | E18: =강남!E18+수원!E18+대구!E18+청주!E18+광주전남!E18 -> 0 | F18: =강남!F18+수원!F18+대구!F18+청주!F18+광주전남!F18 -> 0 | G18: =강남!G18+수원!G18+대구!G18+청주!G18+광주전남!G18 -> 0 | H18: =강남!H18+수원!H18+대구!H18+청주!H18+광주전남!H18 -> 0 | I18: =강남!I18+수원!I18+대구!I18+청주!I18+광주전남!I18 -> 0
A19: 수선유지비-열원보완개선및기타 | B19: =강남!B19+수원!B19+광주전남!B19 -> 0 | C19: =강남!C19+수원!C19+대구!C19+청주!C19+광주전남!C19 -> 0 | D19: =강남!D19+수원!D19+대구!D19+청주!D19+광주전남!D19 -> 0 | E19: =강남!E19+수원!E19+대구!E19+청주!E19+광주전남!E19 -> 0 | F19: =강남!F19+수원!F19+대구!F19+청주!F19+광주전남!F19 -> 0 | G19: =강남!G19+수원!G19+대구!G19+청주!G19+광주전남!G19 -> 0 | H19: =강남!H19+수원!H19+대구!H19+청주!H19+광주전남!H19 -> 0 | I19: =강남!I19+수원!I19+대구!I19+청주!I19+광주전남!I19 -> 0
A20: 지급수수료-열원점검수수료 | B20: =강남!B20+수원!B20+광주전남!B20 -> 0 | C20: =강남!C20+수원!C20+대구!C20+청주!C20+광주전남!C20 -> 0 | D20: =강남!D20+수원!D20+대구!D20+청주!D20+광주전남!D20 -> 0 | E20: =강남!E20+수원!E20+대구!E20+청주!E20+광주전남!E20 -> 0 | F20: =강남!F20+수원!F20+대구!F20+청주!F20+광주전남!F20 -> 0 | G20: =강남!G20+수원!G20+대구!G20+청주!G20+광주전남!G20 -> 0 | H20: =강남!H20+수원!H20+대구!H20+청주!H20+광주전남!H20 -> 0 | I20: =강남!I20+수원!I20+대구!I20+청주!I20+광주전남!I20 -> 0
A21: 손익소계 | B21: =강남!B21+수원!B21+광주전남!B21 -> 0 | C21: =강남!C21+수원!C21+대구!C21+청주!C21+광주전남!C21 -> 0 | D21: =강남!D21+수원!D21+대구!D21+청주!D21+광주전남!D21 -> 0 | E21: =강남!E21+수원!E21+대구!E21+청주!E21+광주전남!E21 -> 0 | F21: =강남!F21+수원!F21+대구!F21+청주!F21+광주전남!F21 -> 0 | G21: =강남!G21+수원!G21+대구!G21+청주!G21+광주전남!G21 -> 0 | H21: =강남!H21+수원!H21+대구!H21+청주!H21+광주전남!H21 -> 0 | I21: =강남!I21+수원!I21+대구!I21+청주!I21+광주전남!I21 -> 0
B24: 대구 청주 제외

Sheet 강남
K2: 단위 : 천원
B3: 2025 | C3: 2024 | D3: 2023 | E3: 2022 | F3: 2021 | G3: 2020 | H3: 2019 | I3: 2018 | J3: 2017 | K3: 2016
A4: 저장품-열원(보수)
A5: 건 물
A6: 구축물
A7: 기계장치
A8: 공구와기구-열원시설공기구
A9: 건가-외주비-열원정기점검
A10: 건설중인자산-재생고온부품
A11: 건설중인자산-자산화예비품
A12: 투자비
A13: 자본소계
A15: 수선유지비-건물/구축물
A16: 수선유지비-열원정기점검
... A49: *강남지사는 최근 설비노후화로 인해 설비개선 소요가 점점 증가중에 있음, 특히 자본적 지출예산을 추가로 계상하여 표준화 완료

Sheet 수원
K2: 단위 : 천원
B3: 2025 | C3: 2024 | D3: 2023 | E3: 2022 | F3: 2021 | G3: 2020 | H3: 2019 | I3: 2018 | J3: 2017 | K3: 2016
A4: 저장품-열원(보수)
A5: 건 물
A6: 구축물
A7: 기계장치
A8: 공구와기구-열원시설공기구
A9: 건가-외주비-열원정기점검
A10: 건설중인자산-재생고온부품
A11: 건설중인자산-자산화예비품
A12: 투자비
A13: 자본소계
A15: 수선유지비-건물/구축물
A16: 수선유지비-열원정기점검
... A49: * 수원 a급정비실적은 당초 22년에 계획단 작업 일부 시행못한것이라 배정예산으로 기입

Sheet 광주전남
K2: 단위 : 천원
B3: 2025 | C3: 2024 | D3: 2023 | E3: 2022 | F3: 2021 | G3: 2020 | H3: 2019 | I3: 2018 | J3: 2017 | K3: 2016
A4: 저장품-열원(보수)
A5: 건 물
A6: 구축물
A7: 기계장치
A8: 공구와기구-열원시설공기구
A9: 건가-외주비-열원정기점검
A10: 건설중인자산-재생고온부품
A11: 건설중인자산-자산화예비품
A12: 투자비
A13: 자본소계
A15: 수선유지비-건물/구축물
A16: 수선유지비-열원정기점검
... A27: 기계장치
A28: - (정기) 고온부품재생, LTSA | E28: 0 | F28: 0 | G28: 0 | H28: 0 | I28: 0 | J28: 0 | K28: 0
A29: - (정기) CRI | E29: 0 | F29: 0 | G29: 0 | H29: 0 | I29: 0 | J29: 0 | K29: 0
A30: - 투자비 | B30: 1099587
A31: - (비정기, 표준화) 기타기계장치 | B31: =B7-B29-B28+B30 -> 1099587 | C31: =C7-C29-C28 -> 0 | D31: =D7-D29-D28 -> 0 | E31: =E7-E29-E28 -> 0 | F31: =F7-F29-F28 -> 0 | G31: =G7-G29-G28 -> 0 | H31: =H7-H29-H28 -> 0 | I31: =I7-I29-I28 -> 0 | J31: =J7-J29-J28 -> 0 | K31: =K7-K29-K28 -> 0
A33: 손익예산 Standization | D33: A급 | E33: B급 | F33: C급 | G33: 비고 | O33: 33 | P33: 24 | Q33: 44 | R33: 31 | S33: 26
A34: 수선유지비-건물/구축물 | O34: 38 | P34: 23 | Q34: 37 | R34: 27 | S34: 0
A35: 수선유지비-열원정기점검 | P35: 22 | Q35: 36 | R35: 27 | S35: 26
A36: 수선유지비-열원경상정비 | O36: =AVERAGE(O33:O35) -> 35.5 | P36: =AVERAGE(P33:P35) -> 23 | Q36: =AVERAGE(Q33:Q35) -> 39 | R36: =AVERAGE(R33:R35) -> 28.333333 | S36: =AVERAGE(S33:S35) -> 17.333333
A37: 수선유지비-열원정기유지보수
A38: 수선유지비-열원보완개선및기타
A39: 지급수수료-열원점검수수료
A41: 자본예산 Standization
A42: 기계장치
A43: - (비정기, 표준화) 기타기계장치
A44: 건가-외주비-열원정기점검
A45: 공구와기구
A46: 건설중인자산-자산화예비품
A47: 저장품-열원(보수)
E50: * 광주전남은 '22년 이후 본격 가동으로 인한 유지보수 비용 발생 중

Sheet DH
B3: 2025년 | C3: 2024년 | D3: 2023년 | E3: 2022년 | F3: 2021년 | G3: 2020년 | H3: 2019년 | I3: 2018년
A4: 저장품-열원(보수) | B4: =중앙!B4+분당!B4+고양!B4+용인!B4+세종!B4+김해!B4+평택!B4 -> 0 | C4: =중앙!C4+분당!C4+고양!C4+용인!C4+세종!C4+김해!C4+평택!C4 -> 0 | D4: =중앙!D4+분당!D4+고양!D4+용인!D4+세종!D4+김해!D4+평택!D4 -> 0 | E4: =중앙!E4+분당!E4+고양!E4+용인!E4+세종!E4+김해!E4+양산!E4+평택!E4 -> 0 | F4: =중앙!F4+분당!F4+고양!F4+용인!F4+세종!F4+김해!F4+양산!F4+평택!F4 -> 0 | G4: =중앙!G4+분당!G4+고양!G4+용인!G4+세종!G4+김해!G4+양산!G4+평택!G4 -> 0 | H4: =중앙!H4+분당!H4+고양!H4+용인!H4+세종!H4+김해!H4+양산!H4+평택!H4 -> 0 | I4: =중앙!I4+분당!I4+고양!I4+용인!I4+세종!I4+김해!I4+양산!I4+평택!I4 -> 0
A5: 건 물 | B5: =중앙!B5+분당!B5+고양!B5+용인!B5+세종!B5+김해!B5+평택!B5 -> 0 | C5: =중앙!C5+분당!C5+고양!C5+용인!C5+세종!C5+김해!C5+평택!C5 -> 0 | D5: =중앙!D5+분당!D5+고양!D5+용인!D5+세종!D5+김해!D5+평택!D5 -> 0 | E5: =중앙!E5+분당!E5+고양!E5+용인!E5+세종!E5+김해!E5+양산!E5+평택!E5 -> 0 | F5: =중앙!F5+분당!F5+고양!F5+용인!F5+세종!F5+김해!F5+양산!F5+평택!F5 -> 0 | G5: =중앙!G5+분당!G5+고양!G5+용인!G5+세종!G5+김해!G5+양산!G5+평택!G5 -> 0 | H5: =중앙!H5+분당!H5+고양!H5+용인!H5+세종!H5+김해!H5+양산!H5+평택!H5 -> 0 | I5: =중앙!I5+분당!I5+고양!I5+용인!I5+세종!I5+김해!I5+양산!I5+평택!I5 -> 0
A6: 구축물 | B6: =중앙!B6+분당!B6+고양!B6+용인!B6+세종!B6+김해!B6+평택!B6 -> 0 | C6: =중앙!C6+분당!C6+고양!C6+용인!C6+세종!C6+김해!C6+평택!C6 -> 0 | D6: =중앙!D6+분당!D6+고양!D6+용인!D6+세종!D6+김해!D6+평택!D6 -> 0 | E6: =중앙!E6+분당!E6+고양!E6+용인!E6+세종!E6+김해!E6+양산!E6+평택!E6 -> 0 | F6: =중앙!F6+분당!F6+고양!F6+용인!F6+세종!F6+김해!F6+양산!F6+평택!F6 -> 0 | G6: =중앙!G6+분당!G6+고양!G6+용인!G6+세종!G6+김해!G6+양산!G6+평택!G6 -> 0 | H6: =중앙!H6+분당!H6+고양!H6+용인!H6+세종!H6+김해!H6+양산!H6+평택!H6 -> 0 | I6: =중앙!I6+분당!I6+고양!I6+용인!I6+세종!I6+김해!I6+양산!I6+평택!I6 -> 0
A7: 기계장치 | B7: =중앙!B7+분당!B7+고양!B7+용인!B7+세종!B7+김해!B7+평택!B7 -> 0 | C7: =중앙!C7+분당!C7+고양!C7+용인!C7+세종!C7+김해!C7+평택!C7 -> 0 | D7: =중앙!D7+분당!D7+고양!D7+용인!D7+세종!D7+김해!D7+평택!D7 -> 0 | E7: =중앙!E7+분당!E7+고양!E7+용인!E7+세종!E7+김해!E7+양산!E7+평택!E7 -> 0 | F7: =중앙!F7+분당!F7+고양!F7+용인!F7+세종!F7+김해!F7+양산!F7+평택!F7 -> 0 | G7: =중앙!G7+분당!G7+고양!G7+용인!G7+세종!G7+김해!G7+양산!G7+평택!G7 -> 0 | H7: =중앙!H7+분당!H7+고양!H7+용인!H7+세종!H7+김해!H7+양산!H7+평택!H7 -> 0 | I7: =중앙!I7+분당!I7+고양!I7+용인!I7+세종!I7+김해!I7+양산!I7+평택!I7 -> 0
A8: 공구와기구-열원시설공기구 | B8: =중앙!B8+분당!B8+고양!B8+용인!B8+세종!B8+김해!B8+평택!B8 -> 0 | C8: =중앙!C8+분당!C8+고양!C8+용인!C8+세종!C8+김해!C8+평택!C8 -> 0 | D8: =중앙!D8+분당!D8+고양!D8+용인!D8+세종!D8+김해!D8+평택!D8 -> 0 | E8: =중앙!E8+분당!E8+고양!E8+용인!E8+세종!E8+김해!E8+양산!E8+평택!E8 -> 0 | F8: =중앙!F8+분당!F8+고양!F8+용인!F8+세종!F8+김해!F8+양산!F8+평택!F8 -> 0 | G8: =중앙!G8+분당!G8+고양!G8+용인!G8+세종!G8+김해!G8+양산!G8+평택!G8 -> 0 | H8: =중앙!H8+분당!H8+고양!H8+용인!H8+세종!H8+김해!H8+양산!H8+평택!H8 -> 0 | I8: =중앙!I8+분당!I8+고양!I8+용인!I8+세종!I8+김해!I8+양산!I8+평택!I8 -> 0
A9: 건가-외주비-열원정기점검 | B9: =중앙!B9+분당!B9+고양!B9+용인!B9+세종!B9+김해!B9+평택!B9 -> 0 | C9: =중앙!C9+분당!C9+고양!C9+용인!C9+세종!C9+김해!C9+평택!C9 -> 0 | D9: =중앙!D9+분당!D9+고양!D9+용인!D9+세종!D9+김해!D9+평택!D9 -> 0 | E9: =중앙!E9+분당!E9+고양!E9+용인!E9+세종!E9+김해!E9+양산!E9+평택!E9 -> 0 | F9: =중앙!F9+분당!F9+고양!F9+용인!F9+세종!F9+김해!F9+양산!F9+평택!F9 -> 0 | G9: =중앙!G9+분당!G9+고양!G9+용인!G9+세종!G9+김해!G9+양산!G9+평택!G9 -> 0 | H9: =중앙!H9+분당!H9+고양!H9+용인!H9+세종!H9+김해!H9+양산!H9+평택!H9 -> 0 | I9: =중앙!I9+분당!I9+고양!I9+용인!I9+세종!I9+김해!I9+양산!I9+평택!I9 -> 0
A10: 건설중인자산-재생고온부품 | B10: =중앙!B10+분당!B10+고양!B10+용인!B10+세종!B10+김해!B10+평택!B10 -> 0 | C10: =중앙!C10+분당!C10+고양!C10+용인!C10+세종!C10+김해!C10+평택!C10 -> 0 | D10: =중앙!D10+분당!D10+고양!D10+용인!D10+세종!D10+김해!D10+평택!D10 -> 0 | E10: =중앙!E10+분당!E10+고양!E10+용인!E10+세종!E10+김해!E10+양산!E10+평택!E10 -> 0 | F10: =중앙!F10+분당!F10+고양!F10+용인!F10+세종!F10+김해!F10+양산!F10+평택!F10 -> 0 | G10: =중앙!G10+분당!G10+고양!G10+용인!G10+세종!G10+김해!G10+양산!G10+평택!G10 -> 0 | H10: =중앙!H10+분당!H10+고양!H10+용인!H10+세종!H10+김해!H10+양산!H10+평택!H10 -> 0 | I10: =중앙!I10+분당!I10+고양!I10+용인!I10+세종!I10+김해!I10+양산!I10+평택!I10 -> 0
A11: 건설중인자산-자산화예비품 | B11: =중앙!B11+분당!B11+고양!B11+용인!B11+세종!B11+김해!B11+평택!B11 -> 0 | C11: =중앙!C11+분당!C11+고양!C11+용인!C11+세종!C11+김해!C11+평택!C11 -> 0 | D11: =중앙!D11+분당!D11+고양!D11+용인!D11+세종!D11+김해!D11+평택!D11 -> 0 | E11: =중앙!E11+분당!E11+고양!E11+용인!E11+세종!E11+김해!E11+양산!E11+평택!E11 -> 0 | F11: =중앙!F11+분당!F11+고양!F11+용인!F11+세종!F11+김해!F11+양산!F11+평택!F11 -> 0 | G11: =중앙!G11+분당!G11+고양!G11+용인!G11+세종!G11+김해!G11+양산!G11+평택!G11 -> 0 | H11: =중앙!H11+분당!H11+고양!H11+용인!H11+세종!H11+김해!H11+양산!H11+평택!H11 -> 0 | I11: =중앙!I11+분당!I11+고양!I11+용인!I11+세종!I11+김해!I11+양산!I11+평택!I11 -> 0
A12: 투자비 | B12: =중앙!B13+분당!B13+고양!B13+용인!B13+세종!B13+김해!B13+평택!B13 -> 0 | C12: =중앙!C13+분당!C13+고양!C13+용인!C13+세종!C13+김해!C13+평택!C13 -> 0 | D12: =중앙!D13+분당!D13+고양!D13+용인!D13+세종!D13+김해!D13+평택!D13 -> 0 | E12: =중앙!E13+분당!E13+고양!E13+용인!E13+세종!E13+김해!E13+양산!E13+평택!E13 -> 0 | F12: =중앙!F13+분당!F13+고양!F13+용인!F13+세종!F13+김해!F13+양산!F13+평택!F13 -> 0 | G12: =중앙!G13+분당!G13+고양!G13+용인!G13+세종!G13+김해!G13+양산!G13+평택!G13 -> 0 | H12: =중앙!H13+분당!H13+고양!H13+용인!H13+세종!H13+김해!H13+양산!H13+평택!H13 -> 0 | I12: =중앙!I13+분당!I13+고양!I13+용인!I13+세종!I13+김해!I13+양산!I13+평택!I13 -> 0
A13: 자본소계 | B13: =중앙!B13+분당!B13+고양!B13+용인!B13+세종!B13+김해!B13+평택!B13 -> 0 | C13: =중앙!C13+분당!C13+고양!C13+용인!C13+세종!C13+김해!C13+평택!C13 -> 0 | D13: =중앙!D13+분당!D13+고양!D13+용인!D13+세종!D13+김해!D13+평택!D13 -> 0 | E13: =중앙!E13+분당!E13+고양!E13+용인!E13+세종!E13+김해!E13+양산!E13+평택!E13 -> 0 | F13: =중앙!F13+분당!F13+고양!F13+용인!F13+세종!F13+김해!F13+양산!F13+평택!F13 -> 0 | G13: =중앙!G13+분당!G13+고양!G13+용인!G13+세종!G13+김해!G13+양산!G13+평택!G13 -> 0 | H13: =중앙!H13+분당!H13+고양!H13+용인!H13+세종!H13+김해!H13+양산!H13+평택!H13 -> 0 | I13: =중앙!I13+분당!I13+고양!I13+용인!I13+세종!I13+김해!I13+양산!I13+평택!I13 -> 0
B14: =중앙!B14+분당!B14+고양!B14+용인!B14+세종!B14+김해!B14+평택!B14 -> 0 | C14: =중앙!C14+분당!C14+고양!C14+용인!C14+세종!C14+김해!C14+평택!C14 -> 0 | E14: =중앙!E14+분당!E14+고양!E14+용인!E14+세종!E14+김해!E14+양산!E14+평택!E14 -> 0 | F14: =중앙!F14+분당!F14+고양!F14+용인!F14+세종!F14+김해!F14+양산!F14+평택!F14 -> 0 | G14: =중앙!G14+분당!G14+고양!G14+용인!G14+세종!G14+김해!G14+양산!G14+평택!G14 -> 0 | H14: =중앙!H14+분당!H14+고양!H14+용인!H14+세종!H14+김해!H14+양산!H14+평택!H14 -> 0 | I14: =중앙!I14+분당!I14+고양!I14+용인!I14+세종!I14+김해!I14+양산!I14+평택!I14 -> 0
A15: 수선유지비-건물/구축물 | B15: =중앙!B15+분당!B15+고양!B15+용인!B15+세종!B15+김해!B15+평택!B15 -> 0 | C15: =중앙!C15+분당!C15+고양!C15+용인!C15+세종!C15+김해!C15+평택!C15 -> 0 | D15: =중앙!D15+분당!D15+고양!D15+용인!D15+세종!D15+김해!D15+양산!D15+평택!D15 -> 0 | E15: =중앙!E15+분당!E15+고양!E15+용인!E15+세종!E15+김해!E15+양산!E15+평택!E15 -> 0 | F15: =중앙!F15+분당!F15+고양!F15+용인!F15+세종!F15+김해!F15+양산!F15+평택!F15 -> 0 | G15: =중앙!G15+분당!G15+고양!G15+용인!G15+세종!G15+김해!G15+양산!G15+평택!G15 -> 0 | H15: =중앙!H15+분당!H15+고양!H15+용인!H15+세종!H15+김해!H15+양산!H15+평택!H15 -> 0 | I15: =중앙!I15+분당!I15+고양!I15+용인!I15+세종!I15+김해!I15+양산!I15+평택!I15 -> 0
A16: 수선유지비-열원정기점검 | B16: =중앙!B16+분당!B16+고양!B16+용인!B16+세종!B16+김해!B16+평택!B16 -> 0 | C16: =중앙!C16+분당!C16+고양!C16+용인!C16+세종!C16+김해!C16+평택!C16 -> 0 | D16: =중앙!D16+분당!D16+고양!D16+용인!D16+세종!D16+김해!D16+양산!D16+평택!D16 -> 0 | E16: =중앙!E16+분당!E16+고양!E16+용인!E16+세종!E16+김해!E16+양산!E16+평택!E16 -> 0 | F16: =중앙!F16+분당!F16+고양!F16+용인!F16+세종!F16+김해!F16+양산!F16+평택!F16 -> 0 | G16: =중앙!G16+분당!G16+고양!G16+용인!G16+세종!G16+김해!G16+양산!G16+평택!G16 -> 0 | H16: =중앙!H16+분당!H16+고양!H16+용인!H16+세종!H16+김해!H16+양산!H16+평택!H16 -> 0 | I16: =중앙!I16+분당!I16+고양!I16+용인!I16+세종!I16+김해!I16+양산!I16+평택!I16 -> 0
A17: 수선유지비-열원경상정비 | B17: =중앙!B17+분당!B17+고양!B17+용인!B17+세종!B17+김해!B17+평택!B17 -> 0 | C17: =중앙!C17+분당!C17+고양!C17+용인!C17+세종!C17+김해!C17+평택!C17 -> 0 | D17: =중앙!D17+분당!D17+고양!D17+용인!D17+세종!D17+김해!D17+양산!D17+평택!D17 -> 0 | E17: =중앙!E17+분당!E17+고양!E17+용인!E17+세종!E17+김해!E17+양산!E17+평택!E17 -> 0 | F17: =중앙!F17+분당!F17+고양!F17+용인!F17+세종!F17+김해!F17+양산!F17+평택!F17 -> 0 | G17: =중앙!G17+분당!G17+고양!G17+용인!G17+세종!G17+김해!G17+양산!G17+평택!G17 -> 0 | H17: =중앙!H17+분당!H17+고양!H17+용인!H17+세종!H17+김해!H17+양산!H17+평택!H17 -> 0 | I17: =중앙!I17+분당!I17+고양!I17+용인!I17+세종!I17+김해!I17+양산!I17+평택!I17 -> 0
A18: 수선유지비-열원정기유지보수 | B18: =중앙!B18+분당!B18+고양!B18+용인!B18+세종!B18+김해!B18+평택!B18 -> 0 | C18: =중앙!C18+분당!C18+고양!C18+용인!C18+세종!C18+김해!C18+평택!C18 -> 0 | D18: =중앙!D18+분당!D18+고양!D18+용인!D18+세종!D18+김해!D18+양산!D18+평택!D18 -> 0 | E18: =중앙!E18+분당!E18+고양!E18+용인!E18+세종!E18+김해!E18+양산!E18+평택!E18 -> 0 | F18: =중앙!F18+분당!F18+고양!F18+용인!F18+세종!F18+김해!F18+양산!F18+평택!F18 -> 0 | G18: =중앙!G18+분당!G18+고양!G18+용인!G18+세종!G18+김해!G18+양산!G18+평택!G18 -> 0 | H18: =중앙!H18+분당!H18+고양!H18+용인!H18+세종!H18+김해!H18+양산!H18+평택!H18 -> 0 | I18: =중앙!I18+분당!I18+고양!I18+용인!I18+세종!I18+김해!I18+양산!I18+평택!I18 -> 0
A19: 수선유지비-열원보완개선및기타 | B19: =중앙!B19+분당!B19+고양!B19+용인!B19+세종!B19+김해!B19+평택!B19 -> 0 | C19: =중앙!C19+분당!C19+고양!C19+용인!C19+세종!C19+김해!C19+평택!C19 -> 0 | D19: =중앙!D19+분당!D19+고양!D19+용인!D19+세종!D19+김해!D19+양산!D19+평택!D19 -> 0 | E19: =중앙!E19+분당!E19+고양!E19+용인!E19+세종!E19+김해!E19+양산!E19+평택!E19 -> 0 | F19: =중앙!F19+분당!F19+고양!F19+용인!F19+세종!F19+김해!F19+양산!F19+평택!F19 -> 0 | G19: =중앙!G19+분당!G19+고양!G19+용인!G19+세종!G19+김해!G19+양산!G19+평택!G19 -> 0 | H19: =중앙!H19+분당!H19+고양!H19+용인!H19+세종!H19+김해!H19+양산!H19+평택!H19 -> 0 | I19: =중앙!I19+분당!I19+고양!I19+용인!I19+세종!I19+김해!I19+양산!I19+평택!I19 -> 0
A20: 지급수수료-열원점검수수료 | B20: =중앙!B20+분당!B20+고양!B20+용인!B20+세종!B20+김해!B20+평택!B20 -> 0 | C20: =중앙!C20+분당!C20+고양!C20+용인!C20+세종!C20+김해!C20+평택!C20 -> 0 | D20: =중앙!D20+분당!D20+고양!D20+용인!D20+세종!D20+김해!D20+양산!D20+평택!D20 -> 0 | E20: =중앙!E20+분당!E20+고양!E20+용인!E20+세종!E20+김해!E20+양산!E20+평택!E20 -> 0 | F20: =중앙!F20+분당!F20+고양!F20+용인!F20+세종!F20+김해!F20+양산!F20+평택!F20 -> 0 | G20: =중앙!G20+분당!G20+고양!G20+용인!G20+세종!G20+김해!G20+양산!G20+평택!G20 -> 0 | H20: =중앙!H20+분당!H20+고양!H20+용인!H20+세종!H20+김해!H20+양산!H20+평택!H20 -> 0 | I20: =중앙!I20+분당!I20+고양!I20+용인!I20+세종!I20+김해!I20+양산!I20+평택!I20 -> 0
A21: 손익소계 | B21: =중앙!B21+분당!B21+고양!B21+용인!B21+세종!B21+김해!B21+평택!B21 -> 0 | C21: =중앙!C21+분당!C21+고양!C21+용인!C21+세종!C21+김해!C21+평택!C21 -> 0 | D21: =중앙!D21+분당!D21+고양!D21+용인!D21+세종!D21+김해!D21+양산!D21+평택!D21 -> 0 | E21: =중앙!E21+분당!E21+고양!E21+용인!E21+세종!E21+김해!E21+양산!E21+평택!E21 -> 0 | F21: =중앙!F21+분당!F21+고양!F21+용인!F21+세종!F21+김해!F21+양산!F21+평택!F21 -> 0 | G21: =중앙!G21+분당!G21+고양!G21+용인!G21+세종!G21+김해!G21+양산!G21+평택!G21 -> 0 | H21: =중앙!H21+분당!H21+고양!H21+용인!H21+세종!H21+김해!H21+양산!H21+평택!H21 -> 0 | I21: =중앙!I21+분당!I21+고양!I21+용인!I21+세종!I21+김해!I21+양산!I21+평택!I21 -> 0

Sheet 중앙
K2: 단위 : 천원
B3: 2025 | C3: 2024 | D3: 2023 | E3: 2022 | F3: 2021 | G3: 2020 | H3: 2019 | I3: 2018 | J3: 2017 | K3: 2016
A4: 저장품-열원(보수)
A5: 건 물
A6: 구축물
A7: 기계장치
A8: 공구와기구-열원시설공기구
A9: 건가-외주비-열원정기점검
A10: 건설중인자산-재생고온부품
A11: 건설중인자산-자산화예비품
A12: 투자비
A13: 자본소계
A15: 수선유지비-건물/구축물
A16: 수선유지비-열원정기점검
... A47: 저장품-열원(보수)
D49: * 냉동기 개체등의 비용은 건가/외주비로 집행예정이라 기타기계장치 보정 추가X
D50: ** 중앙, 고양 냉방지사는 노후화 보정률 1.2 시행
D51: *** 통합발주대비 중앙, 고양, 용인, 분당 경상정비도 보정률 반영

Sheet 분당
K2: 단위 : 천원
B3: 2025 | C3: 2024 | D3: 2023 | E3: 2022 | F3: 2021 | G3: 2020 | H3: 2019 | I3: 2018 | J3: 2017 | K3: 2016
A4: 저장품-열원(보수)
A5: 건 물
A6: 구축물
A7: 기계장치
A8: 공구와기구-열원시설공기구
A9: 건가-외주비-열원정기점검
A10: 건설중인자산-재생고온부품
A11: 건설중인자산-자산화예비품
A12: 투자비
A13: 자본소계
A15: 수선유지비-건물/구축물
A16: 수선유지비-열원정기점검
... A47: 저장품-열원(보수)

Sheet 고양
K2: 단위 : 천원
B3: 2025 | C3: 2024 | D3: 2023 | E3: 2022 | F3: 2021 | G3: 2020 | H3: 2019 | I3: 2018 | J3: 2017 | K3: 2016
A4: 저장품-열원(보수)
A5: 건 물
A6: 구축물
A7: 기계장치
A8: 공구와기구-열원시설공기구
A9: 건가-외주비-열원정기점검
A10: 건설중인자산-재생고온부품
A11: 건설중인자산-자산화예비품
A12: 투자비
A13: 자본소계
A15: 수선유지비-건물/구축물
A16: 수선유지비-열원정기점검 | L16: =AVERAGE(E16:I16) -> #DIV/0!
A17: 수선유지비-열원경상정비 | L17: =AVERAGE(E17:I17) -> #DIV/0!
A18: 수선유지비-열원정기유지보수 | L18: =AVERAGE(E18:I18) -> #DIV/0!
A19: 수선유지비-열원보완개선및기타 | L19: =AVERAGE(E19:I19) -> #DIV/0!
A20: 지급수수료-열원점검수수료 | L20: =AVERAGE(E20:I20) -> #DIV/0!
A21: 손익소계 | L21: =AVERAGE(E21:I21) -> #DIV/0!
A23: 등급
A27: 기계장치
A28: - (정기) 고온부품재생, LTSA
A29: - (정기) CRI
A30: - 투자비
A31: - (비정기, 표준화) 기타기계장치
A33: 손익예산 Standization
A34: 수선유지비-건물/구축물
A35: 수선유지비-열원정기점검
A36: 수선유지비-열원경상정비
A37: 수선유지비-열원정기유지보수
A38: 수선유지비-열원보완개선및기타
... A47: 저장품-열원(보수)
D48: * 고양사업소 기타기계장치 연간 표준화 금액은 8억원 정도로 보임

Sheet 용인
K2: 단위 : 천원
B3: 2025 | C3: 2024 | D3: 2023 | E3: 2022 | F3: 2021 | G3: 2020 | H3: 2019 | I3: 2018 | J3: 2017 | K3: 2016
A4: 저장품-열원(보수)
A5: 건 물
A6: 구축물
A7: 기계장치
A8: 공구와기구-열원시설공기구
A9: 건가-외주비-열원정기점검
A10: 건설중인자산-재생고온부품
A11: 건설중인자산-자산화예비품
A12: 투자비
A13: 자본소계
A15: 수선유지비-건물/구축물 | L15: =AVERAGE(E15:I15) -> #DIV/0!
A16: 수선유지비-열원정기점검 | L16: =AVERAGE(E16:I16) -> #DIV/0!
A17: 수선유지비-열원경상정비 | L17: =AVERAGE(E17:I17) -> #DIV/0!
A18: 수선유지비-열원정기유지보수 | L18: =AVERAGE(E18:I18) -> #DIV/0!
A19: 수선유지비-열원보완개선및기타 | L19: =AVERAGE(E19:I19) -> #DIV/0!
A20: 지급수수료-열원점검수수료 | L20: =AVERAGE(E20:I20) -> #DIV/0!
A21: 손익소계
A23: 등급
A27: 기계장치
A28: - (정기) 고온부품재생, LTSA
A29: - (정기) CRI
A30: - 투자비
A31: - (비정기, 표준화) 기타기계장치
A33: 손익예산 Standization
A34: 수선유지비-건물/구축물
A35: 수선유지비-열원정기점검
A36: 수선유지비-열원경상정비
A37: 수선유지비-열원정기유지보수
... A47: 저장품-열원(보수)

Sheet 세종
K2: 단위 : 천원
B3: 2025 | C3: 2024 | D3: 2023 | E3: 2022 | F3: 2021 | G3: 2020 | H3: 2019 | I3: 2018 | J3: 2017 | K3: 2016
A4: 저장품-열원(보수)
A5: 건 물
A6: 구축물
A7: 기계장치
A8: 공구와기구-열원시설공기구
A9: 건가-외주비-열원정기점검
A10: 건설중인자산-재생고온부품
A11: 건설중인자산-자산화예비품
A12: 투자비
A13: 자본소계
A15: 수선유지비-건물/구축물 | L15: =AVERAGE(E15:I15) -> #DIV/0!
A16: 수선유지비-열원정기점검 | L16: =AVERAGE(E16:I16) -> #DIV/0!
A17: 수선유지비-열원경상정비 | L17: =AVERAGE(E17:I17) -> #DIV/0!
A18: 수선유지비-열원정기유지보수 | L18: =AVERAGE(E18:I18) -> #DIV/0!
A19: 수선유지비-열원보완개선및기타 | L19: =AVERAGE(E19:I19) -> #DIV/0!
A20: 지급수수료-열원점검수수료 | L20: =AVERAGE(E20:I20) -> #DIV/0!
A21: 손익소계
A23: 등급
A27: 기계장치
A28: - (정기) 고온부품재생, LTSA
A29: - (정기) CRI
A30: - 투자비
A31: - (비정기, 표준화) 기타기계장치
A33: 손익예산 Standization
A34: 수선유지비-건물/구축물
A35: 수선유지비-열원정기점검
A36: 수선유지비-열원경상정비
A37: 수선유지비-열원정기유지보수
... A47: 저장품-열원(보수)

Sheet 김해
K2: 단위 : 천원
B3: 2025 | C3: 2024 | D3: 2023 | E3: 2022 | F3: 2021 | G3: 2020 | H3: 2019 | I3: 2018 | J3: 2017 | K3: 2016
A4: 저장품-열원(보수)
A5: 건 물
A6: 구축물
A7: 기계장치
A8: 공구와기구-열원시설공기구
A9: 건가-외주비-열원정기점검
A10: 건설중인자산-재생고온부품
A11: 건설중인자산-자산화예비품
A12: 투자비
A13: 자본소계
A15: 수선유지비-건물/구축물
A16: 수선유지비-열원정기점검
... A47: 저장품-열원(보수)

Sheet 평택
K2: 단위 : 천원
B3: 2025 | C3: 2024 | D3: 2023 | E3: 2022 | F3: 2021 | G3: 2020 | H3: 2019 | I3: 2018 | J3: 2017 | K3: 2016
A4: 저장품-열원(보수)
A5: 건 물
A6: 구축물
A7: 기계장치
A8: 공구와기구-열원시설공기구
A9: 건가-외주비-열원정기점검
A10: 건설중인자산-재생고온부품
A11: 건설중인자산-자산화예비품
A12: 투자비
A13: 자본소계
A15: 수선유지비-건물/구축물
A16: 수선유지비-열원정기점검
A17: 수선유지비-열원경상정비
A18: 수선유지비-열원정기유지보수 | Q18: =1254/1221 -> 1.027027
A19: 수선유지비-열원보완개선및기타
A20: 지급수수료-열원점검수수료
A21: 손익소계
A23: 등급
A27: 기계장치
A28: - (정기) 고온부품재생, LTSA
A29: - (정기) CRI
A30: - 투자비
A31: - (비정기, 표준화) 기타기계장치
A33: 손익예산 Standization
A34: 수선유지비-건물/구축물
A35: 수선유지비-열원정기점검
... A47: 저장품-열원(보수)
