Workbook

Sheet 25년 계획 대비 실적
I1: [단위 : 천원, 부가세 별도]
A2: 연번 | B2: 예산과목 | C2: 속성 | D2: 주관부서명 | E2: 예산귀속 부서명(처.지사) | F2: 예산귀속 부서명(팀) | G2: 사업명 | H2: 연예산(A) | I2: 최종 실적금액(B)
A3: 예시) | B3: 수선유지비-건물/구축물 | G3: 23년 유지보수 계획 미반영 후 신규사업의 경우 탭추가하여 작성 필요 EX) 00지사 00공사 | H3: 0

Sheet (작성불필요)종합표
A4: 구 분 | I4: 중대형 CHP | R4: 소형 CHP | V4: DH | AE4: 합계
C5: 플랜트기술처 | D5: 안전처 | E5: 통합운영처 | F5: 건설처 | G5: 미래사업처 | H5: 소계 | I5: 동탄지사 | J5: 화성지사 | K5: 파주지사 | L5: 광교지사 | M5: 판교지사 | N5: 삼송지사 | O5: 대구지사 | P5: 청주지사 | Q5: 소계 | R5: 수원사업소 | S5: 광주전남지사 | T5: 강남지사 | U5: 소계 | V5: 중앙지사 | W5: 고양사업소 | X5: 용인지사 | Y5: 분당사업소 | Z5: 세종지사 | AA5: 김해사업소 | AB5: 양산지사 | AC5: 평택지사 | AD5: 소계
A6: 자산 | B6: 기계장치 | C6: =SUMIFS('25년 계획 대비 실적'!$I:$I,'25년 계획 대비 실적'!$B:$B,'(작성불필요)종합표'!$B6,'25년 계획 대비 실적'!$E:$E,'(작성불필요)종합표'!C$5) -> 0 | D6: =SUMIFS('25년 계획 대비 실적'!$I:$I,'25년 계획 대비 실적'!$B:$B,'(작성불필요)종합표'!$B6,'25년 계획 대비 실적'!$E:$E,'(작성불필요)종합표'!D$5) -> 0 | E6: =SUMIFS('25년 계획 대비 실적'!$I:$I,'25년 계획 대비 실적'!$B:$B,'(작성불필요)종합표'!$B6,'25년 계획 대비 실적'!$E:$E,'(작성불필요)종합표'!E$5) -> 0 | F6: =SUMIFS('25년 계획 대비 실적'!$I:$I,'25년 계획 대비 실적'!$B:$B,'(작성불필요)종합표'!$B6,'25년 계획 대비 실적'!$E:$E,'(작성불필요)종합표'!F$5) -> 0 | G6: =SUMIFS('25년 계획 대비 실적'!$I:$I,'25년 계획 대비 실적'!$B:$B,'(작성불필요)종합표'!$B6,'25년 계획 대비 실적'!$E:$E,'(작성불필요)종합표'!G$5) -> 0 | H6: =SUM(C6:G6) -> 0 | I6: =SUMIFS('25년 계획 대비 실적'!$I:$I,'25년 계획 대비 실적'!$B:$B,'(작성불필요)종합표'!$B6,'25년 계획 대비 실적'!$E:$E,'(작성불필요)종합표'!I$5) -> 0 | J6: =SUMIFS('25년 계획 대비 실적'!$I:$I,'25년 계획 대비 실적'!$B:$B,'(작성불필요)종합표'!$B6,'25년 계획 대비 실적'!$E:$E,'(작성불필요)종합표'!J$5) -> 0 | K6: =SUMIFS('25년 계획 대비 실적'!$I:$I,'25년 계획 대비 실적'!$B:$B,'(작성불필요)종합표'!$B6,'25년 계획 대비 실적'!$E:$E,'(작성불필요)종합표'!K$5) -> 0 | L6: =SUMIFS('25년 계획 대비 실적'!$I:$I,'25년 계획 대비 실적'!$B:$B,'(작성불필요)종합표'!$B6,'25년 계획 대비 실적'!$E:$E,'(작성불필요)종합표'!L$5) -> 0 | M6: =SUMIFS('25년 계획 대비 실적'!$I:$I,'25년 계획 대비 실적'!$B:$B,'(작성불필요)종합표'!$B6,'25년 계획 대비 실적'!$E:$E,'(작성불필요)종합표'!M$5) -> 0 | N6: =SUMIFS('25년 계획 대비 실적'!$I:$I,'25년 계획 대비 실적'!$B:$B,'(작성불필요)종합표'!$B6,'25년 계획 대비 실적'!$E:$E,'(작성불필요)종합표'!N$5) -> 0 | O6: =SUMIFS('25년 계획 대비 실적'!$I:$I,'25년 계획 대비 실적'!$B:$B,'(작성불필요)종합표'!$B6,'25년 계획 대비 실적'!$E:$E,'(작성불필요)종합표'!O$5) -> 0 | P6: =SUMIFS('25년 계획 대비 실적'!$I:$I,'25년 계획 대비 실적'!$B:$B,'(작성불필요)종합표'!$B6,'25년 계획 대비 실적'!$E:$E,'(작성불필요)종합표'!P$5) -> 0 | Q6: =SUM(I6:P6) -> 0 | R6: =SUMIFS('25년 계획 대비 실적'!$I:$I,'25년 계획 대비 실적'!$B:$B,'(작성불필요)종합표'!$B6,'25년 계획 대비 실적'!$E:$E,'(작성불필요)종합표'!R$5) -> 0 | S6: =SUMIFS('25년 계획 대비 실적'!$I:$I,'25년 계획 대비 실적'!$B:$B,'(작성불필요)종합표'!$B6,'25년 계획 대비 실적'!$E:$E,'(작성불필요)종합표'!S$5) -> 0 | T6: =SUMIFS('25년 계획 대비 실적'!$I:$I,'25년 계획 대비 실적'!$B:$B,'(작성불필요)종합표'!$B6,'25년 계획 대비 실적'!$E:$E,'(작성불필요)종합표'!T$5) -> 0 | U6: =SUM(R6:T6) -> 0 | V6: =SUMIFS('25년 계획 대비 실적'!$I:$I,'25년 계획 대비 실적'!$B:$B,'(작성불필요)종합표'!$B6,'25년 계획 대비 실적'!$E:$E,'(작성불필요)종합표'!V$5) -> 0 | W6: =SUMIFS('25년 계획 대비 실적'!$I:$I,'25년 계획 대비 실적'!$B:$B,'(작성불필요)종합표'!$B6,'25년 계획 대비 실적'!$E:$E,'(작성불필요)종합표'!W$5) -> 0 | X6: =SUMIFS('25년 계획 대비 실적'!$I:$I,'25년 계획 대비 실적'!$B:$B,'(작성불필요)종합표'!$B6,'25년 계획 대비 실적'!$E:$E,'(작성불필요)종합표'!X$5) -> 0 | Y6: =SUMIFS('25년 계획 대비 실적'!$I:$I,'25년 계획 대비 실적'!$B:$B,'(작성불필요)종합표'!$B6,'25년 계획 대비 실적'!$E:$E,'(작성불필요)종합표'!Y$5) -> 0 | Z6: =SUMIFS('25년 계획 대비 실적'!$I:$I,'25년 계획 대비 실적'!$B:$B,'(작성불필요)종합표'!$B6,'25년 계획 대비 실적'!$E:$E,'(작성불필요)종합표'!Z$5) -> 0 | AA6: =SUMIFS('25년 계획 대비 실적'!$I:$I,'25년 계획 대비 실적'!$B:$B,'(작성불필요)종합표'!$B6,'25년 계획 대비 실적'!$E:$E,'(작성불필요)종합표'!AA$5) -> 0 | AB6: =SUMIFS('25년 계획 대비 실적'!$I:$I,'25년 계획 대비 실적'!$B:$B,'(작성불필요)종합표'!$B6,'25년 계획 대비 실적'!$E:$E,'(작성불필요)종합표'!AB$5) -> 0 | AC6: =SUMIFS('25년 계획 대비 실적'!$I:$I,'25년 계획 대비 실적'!$B:$B,'(작성불필요)종합표'!$B6,'25년 계획 대비 실적'!$E:$E,'(작성불필요)종합표'!AC$5) -> 0 | AD6: =SUM(V6:AC6) -> 0 | AE6: =H6+Q6+U6+AD6 -> 0
B7: 공구와기구-열원시설공기구 | C7: =SUMIFS('25년 계획 대비 실적'!$I:$I,'25년 계획 대비 실적'!$B:$B,'(작성불필요)종합표'!$B7,'25년 계획 대비 실적'!$E:$E,'(작성불필요)종합표'!C$5) -> 0 | D7: =SUMIFS('25년 계획 대비 실적'!$I:$I,'25년 계획 대비 실적'!$B:$B,'(작성불필요)종합표'!$B7,'25년 계획 대비 실적'!$E:$E,'(작성불필요)종합표'!D$5) -> 0 | E7: =SUMIFS('25년 계획 대비 실적'!$I:$I,'25년 계획 대비 실적'!$B:$B,'(작성불필요)종합표'!$B7,'25년 계획 대비 실적'!$E:$E,'(작성불필요)종합표'!E$5) -> 0 | F7: =SUMIFS('25년 계획 대비 실적'!$I:$I,'25년 계획 대비 실적'!$B:$B,'(작성불필요)종합표'!$B7,'25년 계획 대비 실적'!$E:$E,'(작성불필요)종합표'!F$5) -> 0 | G7: =SUMIFS('25년 계획 대비 실적'!$I:$I,'25년 계획 대비 실적'!$B:$B,'(작성불필요)종합표'!$B7,'25년 계획 대비 실적'!$E:$E,'(작성불필요)종합표'!G$5) -> 0 | H7: =SUM(C7:G7) -> 0 | I7: =SUMIFS('25년 계획 대비 실적'!$I:$I,'25년 계획 대비 실적'!$B:$B,'(작성불필요)종합표'!$B7,'25년 계획 대비 실적'!$E:$E,'(작성불필요)종합표'!I$5) -> 0 | J7: =SUMIFS('25년 계획 대비 실적'!$I:$I,'25년 계획 대비 실적'!$B:$B,'(작성불필요)종합표'!$B7,'25년 계획 대비 실적'!$E:$E,'(작성불필요)종합표'!J$5) -> 0 | K7: =SUMIFS('25년 계획 대비 실적'!$I:$I,'25년 계획 대비 실적'!$B:$B,'(작성불필요)종합표'!$B7,'25년 계획 대비 실적'!$E:$E,'(작성불필요)종합표'!K$5) -> 0 | L7: =SUMIFS('25년 계획 대비 실적'!$I:$I,'25년 계획 대비 실적'!$B:$B,'(작성불필요)종합표'!$B7,'25년 계획 대비 실적'!$E:$E,'(작성불필요)종합표'!L$5) -> 0 | M7: =SUMIFS('25년 계획 대비 실적'!$I:$I,'25년 계획 대비 실적'!$B:$B,'(작성불필요)종합표'!$B7,'25년 계획 대비 실적'!$E:$E,'(작성불필요)종합표'!M$5) -> 0 | N7: =SUMIFS('25년 계획 대비 실적'!$I:$I,'25년 계획 대비 실적'!$B:$B,'(작성불필요)종합표'!$B7,'25년 계획 대비 실적'!$E:$E,'(작성불필요)종합표'!N$5) -> 0 | O7: =SUMIFS('25년 계획 대비 실적'!$I:$I,'25년 계획 대비 실적'!$B:$B,'(작성불필요)종합표'!$B7,'25년 계획 대비 실적'!$E:$E,'(작성불필요)종합표'!O$5) -> 0 | P7: =SUMIFS('25년 계획 대비 실적'!$I:$I,'25년 계획 대비 실적'!$B:$B,'(작성불필요)종합표'!$B7,'25년 계획 대비 실적'!$E:$E,'(작성불필요)종합표'!P$5) -> 0 | Q7: =SUM(I7:P7) -> 0 | R7: =SUMIFS('25년 계획 대비 실적'!$I:$I,'25년 계획 대비 실적'!$B:$B,'(작성불필요)종합표'!$B7,'25년 계획 대비 실적'!$E:$E,'(작성불필요)종합표'!R$5) -> 0 | S7: =SUMIFS('25년 계획 대비 실적'!$I:$I,'25년 계획 대비 실적'!$B:$B,'(작성불필요)종합표'!$B7,'25년 계획 대비 실적'!$E:$E,'(작성불필요)종합표'!S$5) -> 0 | T7: =SUMIFS('25년 계획 대비 실적'!$I:$I,'25년 계획 대비 실적'!$B:$B,'(작성불필요)종합표'!$B7,'25년 계획 대비 실적'!$E:$E,'(작성불필요)종합표'!T$5) -> 0 | U7: =SUM(R7:T7) -> 0 | V7: =SUMIFS('25년 계획 대비 실적'!$I:$I,'25년 계획 대비 실적'!$B:$B,'(작성불필요)종합표'!$B7,'25년 계획 대비 실적'!$E:$E,'(작성불필요)종합표'!V$5) -> 0 | W7: =SUMIFS('25년 계획 대비 실적'!$I:$I,'25년 계획 대비 실적'!$B:$B,'(작성불필요)종합표'!$B7,'25년 계획 대비 실적'!$E:$E,'(작성불필요)종합표'!W$5) -> 0 | X7: =SUMIFS('25년 계획 대비 실적'!$I:$I,'25년 계획 대비 실적'!$B:$B,'(작성불필요)종합표'!$B7,'25년 계획 대비 실적'!$E:$E,'(작성불필요)종합표'!X$5) -> 0 | Y7: =SUMIFS('25년 계획 대비 실적'!$I:$I,'25년 계획 대비 실적'!$B:$B,'(작성불필요)종합표'!$B7,'25년 계획 대비 실적'!$E:$E,'(작성불필요)종합표'!Y$5) -> 0 | Z7: =SUMIFS('25년 계획 대비 실적'!$I:$I,'25년 계획 대비 실적'!$B:$B,'(작성불필요)종합표'!$B7,'25년 계획 대비 실적'!$E:$E,'(작성불필요)종합표'!Z$5) -> 0 | AA7: =SUMIFS('25년 계획 대비 실적'!$I:$I,'25년 계획 대비 실적'!$B:$B,'(작성불필요)종합표'!$B7,'25년 계획 대비 실적'!$E:$E,'(작성불필요)종합표'!AA$5) -> 0 | AB7: =SUMIFS('25년 계획 대비 실적'!$I:$I,'25년 계획 대비 실적'!$B:$B,'(작성불필요)종합표'!$B7,'25년 계획 대비 실적'!$E:$E,'(작성불필요)종합표'!AB$5) -> 0 | AC7: =SUMIFS('25년 계획 대비 실적'!$I:$I,'25년 계획 대비 실적'!$B:$B,'(작성불필요)종합표'!$B7,'25년 계획 대비 실적'!$E:$E,'(작성불필요)종합표'!AC$5) -> 0 | AD7: =SUM(V7:AC7) -> 0 | AE7: =H7+Q7+U7+AD7 -> 0
A8: 예비품 | B8: 저장품-열원(보수) | C8: =SUMIFS('25년 계획 대비 실적'!$I:$I,'25년 계획 대비 실적'!$B:$B,'(작성불필요)종합표'!$B8,'25년 계획 대비 실적'!$E:$E,'(작성불필요)종합표'!C$5) -> 0 | D8: =SUMIFS('25년 계획 대비 실적'!$I:$I,'25년 계획 대비 실적'!$B:$B,'(작성불필요)종합표'!$B8,'25년 계획 대비 실적'!$E:$E,'(작성불필요)종합표'!D$5) -> 0 | E8: =SUMIFS('25년 계획 대비 실적'!$I:$I,'25년 계획 대비 실적'!$B:$B,'(작성불필요)종합표'!$B8,'25년 계획 대비 실적'!$E:$E,'(작성불필요)종합표'!E$5) -> 0 | F8: =SUMIFS('25년 계획 대비 실적'!$I:$I,'25년 계획 대비 실적'!$B:$B,'(작성불필요)종합표'!$B8,'25년 계획 대비 실적'!$E:$E,'(작성불필요)종합표'!F$5) -> 0 | G8: =SUMIFS('25년 계획 대비 실적'!$I:$I,'25년 계획 대비 실적'!$B:$B,'(작성불필요)종합표'!$B8,'25년 계획 대비 실적'!$E:$E,'(작성불필요)종합표'!G$5) -> 0 | H8: =SUM(C8:G8) -> 0 | I8: =SUMIFS('25년 계획 대비 실적'!$I:$I,'25년 계획 대비 실적'!$B:$B,'(작성불필요)종합표'!$B8,'25년 계획 대비 실적'!$E:$E,'(작성불필요)종합표'!I$5) -> 0 | J8: =SUMIFS('25년 계획 대비 실적'!$I:$I,'25년 계획 대비 실적'!$B:$B,'(작성불필요)종합표'!$B8,'25년 계획 대비 실적'!$E:$E,'(작성불필요)종합표'!J$5) -> 0 | K8: =SUMIFS('25년 계획 대비 실적'!$I:$I,'25년 계획 대비 실적'!$B:$B,'(작성불필요)종합표'!$B8,'25년 계획 대비 실적'!$E:$E,'(작성불필요)종합표'!K$5) -> 0 | L8: =SUMIFS('25년 계획 대비 실적'!$I:$I,'25년 계획 대비 실적'!$B:$B,'(작성불필요)종합표'!$B8,'25년 계획 대비 실적'!$E:$E,'(작성불필요)종합표'!L$5) -> 0 | M8: =SUMIFS('25년 계획 대비 실적'!$I:$I,'25년 계획 대비 실적'!$B:$B,'(작성불필요)종합표'!$B8,'25년 계획 대비 실적'!$E:$E,'(작성불필요)종합표'!M$5) -> 0 | N8: =SUMIFS('25년 계획 대비 실적'!$I:$I,'25년 계획 대비 실적'!$B:$B,'(작성불필요)종합표'!$B8,'25년 계획 대비 실적'!$E:$E,'(작성불필요)종합표'!N$5) -> 0 | O8: =SUMIFS('25년 계획 대비 실적'!$I:$I,'25년 계획 대비 실적'!$B:$B,'(작성불필요)종합표'!$B8,'25년 계획 대비 실적'!$E:$E,'(작성불필요)종합표'!O$5) -> 0 | P8: =SUMIFS('25년 계획 대비 실적'!$I:$I,'25년 계획 대비 실적'!$B:$B,'(작성불필요)종합표'!$B8,'25년 계획 대비 실적'!$E:$E,'(작성불필요)종합표'!P$5) -> 0 | Q8: =SUM(I8:P8) -> 0 | R8: =SUMIFS('25년 계획 대비 실적'!$I:$I,'25년 계획 대비 실적'!$B:$B,'(작성불필요)종합표'!$B8,'25년 계획 대비 실적'!$E:$E,'(작성불필요)종합표'!R$5) -> 0 | S8: =SUMIFS('25년 계획 대비 실적'!$I:$I,'25년 계획 대비 실적'!$B:$B,'(작성불필요)종합표'!$B8,'25년 계획 대비 실적'!$E:$E,'(작성불필요)종합표'!S$5) -> 0 | T8: =SUMIFS('25년 계획 대비 실적'!$I:$I,'25년 계획 대비 실적'!$B:$B,'(작성불필요)종합표'!$B8,'25년 계획 대비 실적'!$E:$E,'(작성불필요)종합표'!T$5) -> 0 | U8: =SUM(R8:T8) -> 0 | V8: =SUMIFS('25년 계획 대비 실적'!$I:$I,'25년 계획 대비 실적'!$B:$B,'(작성불필요)종합표'!$B8,'25년 계획 대비 실적'!$E:$E,'(작성불필요)종합표'!V$5) -> 0 | W8: =SUMIFS('25년 계획 대비 실적'!$I:$I,'25년 계획 대비 실적'!$B:$B,'(작성불필요)종합표'!$B8,'25년 계획 대비 실적'!$E:$E,'(작성불필요)종합표'!W$5) -> 0 | X8: =SUMIFS('25년 계획 대비 실적'!$I:$I,'25년 계획 대비 실적'!$B:$B,'(작성불필요)종합표'!$B8,'25년 계획 대비 실적'!$E:$E,'(작성불필요)종합표'!X$5) -> 0 | Y8: =SUMIFS('25년 계획 대비 실적'!$I:$I,'25년 계획 대비 실적'!$B:$B,'(작성불필요)종합표'!$B8,'25년 계획 대비 실적'!$E:$E,'(작성불필요)종합표'!Y$5) -> 0 | Z8: =SUMIFS('25년 계획 대비 실적'!$I:$I,'25년 계획 대비 실적'!$B:$B,'(작성불필요)종합표'!$B8,'25년 계획 대비 실적'!$E:$E,'(작성불필요)종합표'!Z$5) -> 0 | AA8: =SUMIFS('25년 계획 대비 실적'!$I:$I,'25년 계획 대비 실적'!$B:$B,'(작성불필요)종합표'!$B8,'25년 계획 대비 실적'!$E:$E,'(작성불필요)종합표'!AA$5) -> 0 | AB8: =SUMIFS('25년 계획 대비 실적'!$I:$I,'25년 계획 대비 실적'!$B:$B,'(작성불필요)종합표'!$B8,'25년 계획 대비 실적'!$E:$E,'(작성불필요)종합표'!AB$5) -> 0 | AC8: =SUMIFS('25년 계획 대비 실적'!$I:$I,'25년 계획 대비 실적'!$B:$B,'(작성불필요)종합표'!$B8,'25년 계획 대비 실적'!$E:$E,'(작성불필요)종합표'!AC$5) -> 0 | AD8: =SUM(V8:AC8) -> 0 | AE8: =H8+Q8+U8+AD8 -> 0
B9: 건설중인자산-재생고온부품 | C9: =SUMIFS('25년 계획 대비 실적'!$I:$I,'25년 계획 대비 실적'!$B:$B,'(작성불필요)종합표'!$B9,'25년 계획 대비 실적'!$E:$E,'(작성불필요)종합표'!C$5) -> 0 | D9: =SUMIFS('25년 계획 대비 실적'!$I:$I,'25년 계획 대비 실적'!$B:$B,'(작성불필요)종합표'!$B9,'25년 계획 대비 실적'!$E:$E,'(작성불필요)종합표'!D$5) -> 0 | E9: =SUMIFS('25년 계획 대비 실적'!$I:$I,'25년 계획 대비 실적'!$B:$B,'(작성불필요)종합표'!$B9,'25년 계획 대비 실적'!$E:$E,'(작성불필요)종합표'!E$5) -> 0 | F9: =SUMIFS('25년 계획 대비 실적'!$I:$I,'25년 계획 대비 실적'!$B:$B,'(작성불필요)종합표'!$B9,'25년 계획 대비 실적'!$E:$E,'(작성불필요)종합표'!F$5) -> 0 | G9: =SUMIFS('25년 계획 대비 실적'!$I:$I,'25년 계획 대비 실적'!$B:$B,'(작성불필요)종합표'!$B9,'25년 계획 대비 실적'!$E:$E,'(작성불필요)종합표'!G$5) -> 0 | H9: =SUM(C9:G9) -> 0 | I9: =SUMIFS('25년 계획 대비 실적'!$I:$I,'25년 계획 대비 실적'!$B:$B,'(작성불필요)종합표'!$B9,'25년 계획 대비 실적'!$E:$E,'(작성불필요)종합표'!I$5) -> 0 | J9: =SUMIFS('25년 계획 대비 실적'!$I:$I,'25년 계획 대비 실적'!$B:$B,'(작성불필요)종합표'!$B9,'25년 계획 대비 실적'!$E:$E,'(작성불필요)종합표'!J$5) -> 0 | K9: =SUMIFS('25년 계획 대비 실적'!$I:$I,'25년 계획 대비 실적'!$B:$B,'(작성불필요)종합표'!$B9,'25년 계획 대비 실적'!$E:$E,'(작성불필요)종합표'!K$5) -> 0 | L9: =SUMIFS('25년 계획 대비 실적'!$I:$I,'25년 계획 대비 실적'!$B:$B,'(작성불필요)종합표'!$B9,'25년 계획 대비 실적'!$E:$E,'(작성불필요)종합표'!L$5) -> 0 | M9: =SUMIFS('25년 계획 대비 실적'!$I:$I,'25년 계획 대비 실적'!$B:$B,'(작성불필요)종합표'!$B9,'25년 계획 대비 실적'!$E:$E,'(작성불필요)종합표'!M$5) -> 0 | N9: =SUMIFS('25년 계획 대비 실적'!$I:$I,'25년 계획 대비 실적'!$B:$B,'(작성불필요)종합표'!$B9,'25년 계획 대비 실적'!$E:$E,'(작성불필요)종합표'!N$5) -> 0 | O9: =SUMIFS('25년 계획 대비 실적'!$I:$I,'25년 계획 대비 실적'!$B:$B,'(작성불필요)종합표'!$B9,'25년 계획 대비 실적'!$E:$E,'(작성불필요)종합표'!O$5) -> 0 | P9: =SUMIFS('25년 계획 대비 실적'!$I:$I,'25년 계획 대비 실적'!$B:$B,'(작성불필요)종합표'!$B9,'25년 계획 대비 실적'!$E:$E,'(작성불필요)종합표'!P$5) -> 0 | Q9: =SUM(I9:P9) -> 0 | R9: =SUMIFS('25년 계획 대비 실적'!$I:$I,'25년 계획 대비 실적'!$B:$B,'(작성불필요)종합표'!$B9,'25년 계획 대비 실적'!$E:$E,'(작성불필요)종합표'!R$5) -> 0 | S9: =SUMIFS('25년 계획 대비 실적'!$I:$I,'25년 계획 대비 실적'!$B:$B,'(작성불필요)종합표'!$B9,'25년 계획 대비 실적'!$E:$E,'(작성불필요)종합표'!S$5) -> 0 | T9: =SUMIFS('25년 계획 대비 실적'!$I:$I,'25년 계획 대비 실적'!$B:$B,'(작성불필요)종합표'!$B9,'25년 계획 대비 실적'!$E:$E,'(작성불필요)종합표'!T$5) -> 0 | U9: =SUM(R9:T9) -> 0 | V9: =SUMIFS('25년 계획 대비 실적'!$I:$I,'25년 계획 대비 실적'!$B:$B,'(작성불필요)종합표'!$B9,'25년 계획 대비 실적'!$E:$E,'(작성불필요)종합표'!V$5) -> 0 | W9: =SUMIFS('25년 계획 대비 실적'!$I:$I,'25년 계획 대비 실적'!$B:$B,'(작성불필요)종합표'!$B9,'25년 계획 대비 실적'!$E:$E,'(작성불필요)종합표'!W$5) -> 0 | X9: =SUMIFS('25년 계획 대비 실적'!$I:$I,'25년 계획 대비 실적'!$B:$B,'(작성불필요)종합표'!$B9,'25년 계획 대비 실적'!$E:$E,'(작성불필요)종합표'!X$5) -> 0 | Y9: =SUMIFS('25년 계획 대비 실적'!$I:$I,'25년 계획 대비 실적'!$B:$B,'(작성불필요)종합표'!$B9,'25년 계획 대비 실적'!$E:$E,'(작성불필요)종합표'!Y$5) -> 0 | Z9: =SUMIFS('25년 계획 대비 실적'!$I:$I,'25년 계획 대비 실적'!$B:$B,'(작성불필요)종합표'!$B9,'25년 계획 대비 실적'!$E:$E,'(작성불필요)종합표'!Z$5) -> 0 | AA9: =SUMIFS('25년 계획 대비 실적'!$I:$I,'25년 계획 대비 실적'!$B:$B,'(작성불필요)종합표'!$B9,'25년 계획 대비 실적'!$E:$E,'(작성불필요)종합표'!AA$5) -> 0 | AB9: =SUMIFS('25년 계획 대비 실적'!$I:$I,'25년 계획 대비 실적'!$B:$B,'(작성불필요)종합표'!$B9,'25년 계획 대비 실적'!$E:$E,'(작성불필요)종합표'!AB$5) -> 0 | AC9: =SUMIFS('25년 계획 대비 실적'!$I:$I,'25년 계획 대비 실적'!$B:$B,'(작성불필요)종합표'!$B9,'25년 계획 대비 실적'!$E:$E,'(작성불필요)종합표'!AC$5) -> 0 | AD9: =SUM(V9:AC9) -> 0 | AE9: =H9+Q9+U9+AD9 -> 0
B10: 건설중인자산-자산화예비품 | C10: =SUMIFS('25년 계획 대비 실적'!$I:$I,'25년 계획 대비 실적'!$B:$B,'(작성불필요)종합표'!$B10,'25년 계획 대비 실적'!$E:$E,'(작성불필요)종합표'!C$5) -> 0 | D10: =SUMIFS('25년 계획 대비 실적'!$I:$I,'25년 계획 대비 실적'!$B:$B,'(작성불필요)종합표'!$B10,'25년 계획 대비 실적'!$E:$E,'(작성불필요)종합표'!D$5) -> 0 | E10: =SUMIFS('25년 계획 대비 실적'!$I:$I,'25년 계획 대비 실적'!$B:$B,'(작성불필요)종합표'!$B10,'25년 계획 대비 실적'!$E:$E,'(작성불필요)종합표'!E$5) -> 0 | F10: =SUMIFS('25년 계획 대비 실적'!$I:$I,'25년 계획 대비 실적'!$B:$B,'(작성불필요)종합표'!$B10,'25년 계획 대비 실적'!$E:$E,'(작성불필요)종합표'!F$5) -> 0 | G10: =SUMIFS('25년 계획 대비 실적'!$I:$I,'25년 계획 대비 실적'!$B:$B,'(작성불필요)종합표'!$B10,'25년 계획 대비 실적'!$E:$E,'(작성불필요)종합표'!G$5) -> 0 | H10: =SUM(C10:G10) -> 0 | I10: =SUMIFS('25년 계획 대비 실적'!$I:$I,'25년 계획 대비 실적'!$B:$B,'(작성불필요)종합표'!$B10,'25년 계획 대비 실적'!$E:$E,'(작성불필요)종합표'!I$5) -> 0 | J10: =SUMIFS('25년 계획 대비 실적'!$I:$I,'25년 계획 대비 실적'!$B:$B,'(작성불필요)종합표'!$B10,'25년 계획 대비 실적'!$E:$E,'(작성불필요)종합표'!J$5) -> 0 | K10: =SUMIFS('25년 계획 대비 실적'!$I:$I,'25년 계획 대비 실적'!$B:$B,'(작성불필요)종합표'!$B10,'25년 계획 대비 실적'!$E:$E,'(작성불필요)종합표'!K$5) -> 0 | L10: =SUMIFS('25년 계획 대비 실적'!$I:$I,'25년 계획 대비 실적'!$B:$B,'(작성불필요)종합표'!$B10,'25년 계획 대비 실적'!$E:$E,'(작성불필요)종합표'!L$5) -> 0 | M10: =SUMIFS('25년 계획 대비 실적'!$I:$I,'25년 계획 대비 실적'!$B:$B,'(작성불필요)종합표'!$B10,'25년 계획 대비 실적'!$E:$E,'(작성불필요)종합표'!M$5) -> 0 | N10: =SUMIFS('25년 계획 대비 실적'!$I:$I,'25년 계획 대비 실적'!$B:$B,'(작성불필요)종합표'!$B10,'25년 계획 대비 실적'!$E:$E,'(작성불필요)종합표'!N$5) -> 0 | O10: =SUMIFS('25년 계획 대비 실적'!$I:$I,'25년 계획 대비 실적'!$B:$B,'(작성불필요)종합표'!$B10,'25년 계획 대비 실적'!$E:$E,'(작성불필요)종합표'!O$5) -> 0 | P10: =SUMIFS('25년 계획 대비 실적'!$I:$I,'25년 계획 대비 실적'!$B:$B,'(작성불필요)종합표'!$B10,'25년 계획 대비 실적'!$E:$E,'(작성불필요)종합표'!P$5) -> 0 | Q10: =SUM(I10:P10) -> 0 | R10: =SUMIFS('25년 계획 대비 실적'!$I:$I,'25년 계획 대비 실적'!$B:$B,'(작성불필요)종합표'!$B10,'25년 계획 대비 실적'!$E:$E,'(작성불필요)종합표'!R$5) -> 0 | S10: =SUMIFS('25년 계획 대비 실적'!$I:$I,'25년 계획 대비 실적'!$B:$B,'(작성불필요)종합표'!$B10,'25년 계획 대비 실적'!$E:$E,'(작성불필요)종합표'!S$5) -> 0 | T10: =SUMIFS('25년 계획 대비 실적'!$I:$I,'25년 계획 대비 실적'!$B:$B,'(작성불필요)종합표'!$B10,'25년 계획 대비 실적'!$E:$E,'(작성불필요)종합표'!T$5) -> 0 | U10: =SUM(R10:T10) -> 0 | V10: =SUMIFS('25년 계획 대비 실적'!$I:$I,'25년 계획 대비 실적'!$B:$B,'(작성불필요)종합표'!$B10,'25년 계획 대비 실적'!$E:$E,'(작성불필요)종합표'!V$5) -> 0 | W10: =SUMIFS('25년 계획 대비 실적'!$I:$I,'25년 계획 대비 실적'!$B:$B,'(작성불필요)종합표'!$B10,'25년 계획 대비 실적'!$E:$E,'(작성불필요)종합표'!W$5) -> 0 | X10: =SUMIFS('25년 계획 대비 실적'!$I:$I,'25년 계획 대비 실적'!$B:$B,'(작성불필요)종합표'!$B10,'25년 계획 대비 실적'!$E:$E,'(작성불필요)종합표'!X$5) -> 0 | Y10: =SUMIFS('25년 계획 대비 실적'!$I:$I,'25년 계획 대비 실적'!$B:$B,'(작성불필요)종합표'!$B10,'25년 계획 대비 실적'!$E:$E,'(작성불필요)종합표'!Y$5) -> 0 | Z10: =SUMIFS('25년 계획 대비 실적'!$I:$I,'25년 계획 대비 실적'!$B:$B,'(작성불필요)종합표'!$B10,'25년 계획 대비 실적'!$E:$E,'(작성불필요)종합표'!Z$5) -> 0 | AA10: =SUMIFS('25년 계획 대비 실적'!$I:$I,'25년 계획 대비 실적'!$B:$B,'(작성불필요)종합표'!$B10,'25년 계획 대비 실적'!$E:$E,'(작성불필요)종합표'!AA$5) -> 0 | AB10: =SUMIFS('25년 계획 대비 실적'!$I:$I,'25년 계획 대비 실적'!$B:$B,'(작성불필요)종합표'!$B10,'25년 계획 대비 실적'!$E:$E,'(작성불필요)종합표'!AB$5) -> 0 | AC10: =SUMIFS('25년 계획 대비 실적'!$I:$I,'25년 계획 대비 실적'!$B:$B,'(작성불필요)종합표'!$B10,'25년 계획 대비 실적'!$E:$E,'(작성불필요)종합표'!AC$5) -> 0 | AD10: =SUM(V10:AC10) -> 0 | AE10: =H10+Q10+U10+AD10 -> 0
A11: A급 정비 | B11: 외주비-열원정기점검 | C11: =SUMIFS('25년 계획 대비 실적'!$I:$I,'25년 계획 대비 실적'!$B:$B,'(작성불필요)종합표'!$B11,'25년 계획 대비 실적'!$E:$E,'(작성불필요)종합표'!C$5) -> 0 | D11: =SUMIFS('25년 계획 대비 실적'!$I:$I,'25년 계획 대비 실적'!$B:$B,'(작성불필요)종합표'!$B11,'25년 계획 대비 실적'!$E:$E,'(작성불필요)종합표'!D$5) -> 0 | E11: =SUMIFS('25년 계획 대비 실적'!$I:$I,'25년 계획 대비 실적'!$B:$B,'(작성불필요)종합표'!$B11,'25년 계획 대비 실적'!$E:$E,'(작성불필요)종합표'!E$5) -> 0 | F11: =SUMIFS('25년 계획 대비 실적'!$I:$I,'25년 계획 대비 실적'!$B:$B,'(작성불필요)종합표'!$B11,'25년 계획 대비 실적'!$E:$E,'(작성불필요)종합표'!F$5) -> 0 | G11: =SUMIFS('25년 계획 대비 실적'!$I:$I,'25년 계획 대비 실적'!$B:$B,'(작성불필요)종합표'!$B11,'25년 계획 대비 실적'!$E:$E,'(작성불필요)종합표'!G$5) -> 0 | H11: =SUM(C11:G11) -> 0 | I11: =SUMIFS('25년 계획 대비 실적'!$I:$I,'25년 계획 대비 실적'!$B:$B,'(작성불필요)종합표'!$B11,'25년 계획 대비 실적'!$E:$E,'(작성불필요)종합표'!I$5) -> 0 | J11: =SUMIFS('25년 계획 대비 실적'!$I:$I,'25년 계획 대비 실적'!$B:$B,'(작성불필요)종합표'!$B11,'25년 계획 대비 실적'!$E:$E,'(작성불필요)종합표'!J$5) -> 0 | K11: =SUMIFS('25년 계획 대비 실적'!$I:$I,'25년 계획 대비 실적'!$B:$B,'(작성불필요)종합표'!$B11,'25년 계획 대비 실적'!$E:$E,'(작성불필요)종합표'!K$5) -> 0 | L11: =SUMIFS('25년 계획 대비 실적'!$I:$I,'25년 계획 대비 실적'!$B:$B,'(작성불필요)종합표'!$B11,'25년 계획 대비 실적'!$E:$E,'(작성불필요)종합표'!L$5) -> 0 | M11: =SUMIFS('25년 계획 대비 실적'!$I:$I,'25년 계획 대비 실적'!$B:$B,'(작성불필요)종합표'!$B11,'25년 계획 대비 실적'!$E:$E,'(작성불필요)종합표'!M$5) -> 0 | N11: =SUMIFS('25년 계획 대비 실적'!$I:$I,'25년 계획 대비 실적'!$B:$B,'(작성불필요)종합표'!$B11,'25년 계획 대비 실적'!$E:$E,'(작성불필요)종합표'!N$5) -> 0 | O11: =SUMIFS('25년 계획 대비 실적'!$I:$I,'25년 계획 대비 실적'!$B:$B,'(작성불필요)종합표'!$B11,'25년 계획 대비 실적'!$E:$E,'(작성불필요)종합표'!O$5) -> 0 | P11: =SUMIFS('25년 계획 대비 실적'!$I:$I,'25년 계획 대비 실적'!$B:$B,'(작성불필요)종합표'!$B11,'25년 계획 대비 실적'!$E:$E,'(작성불필요)종합표'!P$5) -> 0 | Q11: =SUM(I11:P11) -> 0 | R11: =SUMIFS('25년 계획 대비 실적'!$I:$I,'25년 계획 대비 실적'!$B:$B,'(작성불필요)종합표'!$B11,'25년 계획 대비 실적'!$E:$E,'(작성불필요)종합표'!R$5) -> 0 | S11: =SUMIFS('25년 계획 대비 실적'!$I:$I,'25년 계획 대비 실적'!$B:$B,'(작성불필요)종합표'!$B11,'25년 계획 대비 실적'!$E:$E,'(작성불필요)종합표'!S$5) -> 0 | T11: =SUMIFS('25년 계획 대비 실적'!$I:$I,'25년 계획 대비 실적'!$B:$B,'(작성불필요)종합표'!$B11,'25년 계획 대비 실적'!$E:$E,'(작성불필요)종합표'!T$5) -> 0 | U11: =SUM(R11:T11) -> 0 | V11: =SUMIFS('25년 계획 대비 실적'!$I:$I,'25년 계획 대비 실적'!$B:$B,'(작성불필요)종합표'!$B11,'25년 계획 대비 실적'!$E:$E,'(작성불필요)종합표'!V$5) -> 0 | W11: =SUMIFS('25년 계획 대비 실적'!$I:$I,'25년 계획 대비 실적'!$B:$B,'(작성불필요)종합표'!$B11,'25년 계획 대비 실적'!$E:$E,'(작성불필요)종합표'!W$5) -> 0 | X11: =SUMIFS('25년 계획 대비 실적'!$I:$I,'25년 계획 대비 실적'!$B:$B,'(작성불필요)종합표'!$B11,'25년 계획 대비 실적'!$E:$E,'(작성불필요)종합표'!X$5) -> 0 | Y11: =SUMIFS('25년 계획 대비 실적'!$I:$I,'25년 계획 대비 실적'!$B:$B,'(작성불필요)종합표'!$B11,'25년 계획 대비 실적'!$E:$E,'(작성불필요)종합표'!Y$5) -> 0 | Z11: =SUMIFS('25년 계획 대비 실적'!$I:$I,'25년 계획 대비 실적'!$B:$B,'(작성불필요)종합표'!$B11,'25년 계획 대비 실적'!$E:$E,'(작성불필요)종합표'!Z$5) -> 0 | AA11: =SUMIFS('25년 계획 대비 실적'!$I:$I,'25년 계획 대비 실적'!$B:$B,'(작성불필요)종합표'!$B11,'25년 계획 대비 실적'!$E:$E,'(작성불필요)종합표'!AA$5) -> 0 | AB11: =SUMIFS('25년 계획 대비 실적'!$I:$I,'25년 계획 대비 실적'!$B:$B,'(작성불필요)종합표'!$B11,'25년 계획 대비 실적'!$E:$E,'(작성불필요)종합표'!AB$5) -> 0 | AC11: =SUMIFS('25년 계획 대비 실적'!$I:$I,'25년 계획 대비 실적'!$B:$B,'(작성불필요)종합표'!$B11,'25년 계획 대비 실적'!$E:$E,'(작성불필요)종합표'!AC$5) -> 0 | AD11: =SUM(V11:AC11) -> 0 | AE11: =H11+Q11+U11+AD11 -> 0
A12: 건설 공사 | B12: 외주비-열원공사비 | C12: =SUMIFS('25년 계획 대비 실적'!$I:$I,'25년 계획 대비 실적'!$B:$B,'(작성불필요)종합표'!$B12,'25년 계획 대비 실적'!$E:$E,'(작성불필요)종합표'!C$5) -> 0 | H12: =SUM(C12:G12) -> 0 | I12: =SUMIFS('25년 계획 대비 실적'!$I:$I,'25년 계획 대비 실적'!$B:$B,'(작성불필요)종합표'!$B12,'25년 계획 대비 실적'!$E:$E,'(작성불필요)종합표'!I$5) -> 0 | J12: =SUMIFS('25년 계획 대비 실적'!$I:$I,'25년 계획 대비 실적'!$B:$B,'(작성불필요)종합표'!$B12,'25년 계획 대비 실적'!$E:$E,'(작성불필요)종합표'!J$5) -> 0 | K12: =SUMIFS('25년 계획 대비 실적'!$I:$I,'25년 계획 대비 실적'!$B:$B,'(작성불필요)종합표'!$B12,'25년 계획 대비 실적'!$E:$E,'(작성불필요)종합표'!K$5) -> 0 | L12: =SUMIFS('25년 계획 대비 실적'!$I:$I,'25년 계획 대비 실적'!$B:$B,'(작성불필요)종합표'!$B12,'25년 계획 대비 실적'!$E:$E,'(작성불필요)종합표'!L$5) -> 0 | M12: =SUMIFS('25년 계획 대비 실적'!$I:$I,'25년 계획 대비 실적'!$B:$B,'(작성불필요)종합표'!$B12,'25년 계획 대비 실적'!$E:$E,'(작성불필요)종합표'!M$5) -> 0 | N12: =SUMIFS('25년 계획 대비 실적'!$I:$I,'25년 계획 대비 실적'!$B:$B,'(작성불필요)종합표'!$B12,'25년 계획 대비 실적'!$E:$E,'(작성불필요)종합표'!N$5) -> 0 | O12: =SUMIFS('25년 계획 대비 실적'!$I:$I,'25년 계획 대비 실적'!$B:$B,'(작성불필요)종합표'!$B12,'25년 계획 대비 실적'!$E:$E,'(작성불필요)종합표'!O$5) -> 0 | P12: =SUMIFS('25년 계획 대비 실적'!$I:$I,'25년 계획 대비 실적'!$B:$B,'(작성불필요)종합표'!$B12,'25년 계획 대비 실적'!$E:$E,'(작성불필요)종합표'!P$5) -> 0 | Q12: =SUM(I12:P12) -> 0 | R12: =SUMIFS('25년 계획 대비 실적'!$I:$I,'25년 계획 대비 실적'!$B:$B,'(작성불필요)종합표'!$B12,'25년 계획 대비 실적'!$E:$E,'(작성불필요)종합표'!R$5) -> 0 | S12: =SUMIFS('25년 계획 대비 실적'!$I:$I,'25년 계획 대비 실적'!$B:$B,'(작성불필요)종합표'!$B12,'25년 계획 대비 실적'!$E:$E,'(작성불필요)종합표'!S$5) -> 0 | T12: =SUMIFS('25년 계획 대비 실적'!$I:$I,'25년 계획 대비 실적'!$B:$B,'(작성불필요)종합표'!$B12,'25년 계획 대비 실적'!$E:$E,'(작성불필요)종합표'!T$5) -> 0 | U12: =SUM(R12:T12) -> 0 | V12: =SUMIFS('25년 계획 대비 실적'!$I:$I,'25년 계획 대비 실적'!$B:$B,'(작성불필요)종합표'!$B12,'25년 계획 대비 실적'!$E:$E,'(작성불필요)종합표'!V$5) -> 0 | W12: =SUMIFS('25년 계획 대비 실적'!$I:$I,'25년 계획 대비 실적'!$B:$B,'(작성불필요)종합표'!$B12,'25년 계획 대비 실적'!$E:$E,'(작성불필요)종합표'!W$5) -> 0 | X12: =SUMIFS('25년 계획 대비 실적'!$I:$I,'25년 계획 대비 실적'!$B:$B,'(작성불필요)종합표'!$B12,'25년 계획 대비 실적'!$E:$E,'(작성불필요)종합표'!X$5) -> 0 | Y12: =SUMIFS('25년 계획 대비 실적'!$I:$I,'25년 계획 대비 실적'!$B:$B,'(작성불필요)종합표'!$B12,'25년 계획 대비 실적'!$E:$E,'(작성불필요)종합표'!Y$5) -> 0 | Z12: =SUMIFS('25년 계획 대비 실적'!$I:$I,'25년 계획 대비 실적'!$B:$B,'(작성불필요)종합표'!$B12,'25년 계획 대비 실적'!$E:$E,'(작성불필요)종합표'!Z$5) -> 0 | AA12: =SUMIFS('25년 계획 대비 실적'!$I:$I,'25년 계획 대비 실적'!$B:$B,'(작성불필요)종합표'!$B12,'25년 계획 대비 실적'!$E:$E,'(작성불필요)종합표'!AA$5) -> 0 | AB12: =SUMIFS('25년 계획 대비 실적'!$I:$I,'25년 계획 대비 실적'!$B:$B,'(작성불필요)종합표'!$B12,'25년 계획 대비 실적'!$E:$E,'(작성불필요)종합표'!AB$5) -> 0 | AC12: =SUMIFS('25년 계획 대비 실적'!$I:$I,'25년 계획 대비 실적'!$B:$B,'(작성불필요)종합표'!$B12,'25년 계획 대비 실적'!$E:$E,'(작성불필요)종합표'!AC$5) -> 0 | AD12: =SUM(V12:AC12) -> 0 | AE12: =H12+Q12+U12+AD12 -> 0
B13: 재료비-열원자재비 | C13: =SUMIFS('25년 계획 대비 실적'!$I:$I,'25년 계획 대비 실적'!$B:$B,'(작성불필요)종합표'!$B13,'25년 계획 대비 실적'!$E:$E,'(작성불필요)종합표'!C$5) -> 0 | H13: =SUM(C13:G13) -> 0 | I13: =SUMIFS('25년 계획 대비 실적'!$I:$I,'25년 계획 대비 실적'!$B:$B,'(작성불필요)종합표'!$B13,'25년 계획 대비 실적'!$E:$E,'(작성불필요)종합표'!I$5) -> 0 | J13: =SUMIFS('25년 계획 대비 실적'!$I:$I,'25년 계획 대비 실적'!$B:$B,'(작성불필요)종합표'!$B13,'25년 계획 대비 실적'!$E:$E,'(작성불필요)종합표'!J$5) -> 0 | K13: =SUMIFS('25년 계획 대비 실적'!$I:$I,'25년 계획 대비 실적'!$B:$B,'(작성불필요)종합표'!$B13,'25년 계획 대비 실적'!$E:$E,'(작성불필요)종합표'!K$5) -> 0 | L13: =SUMIFS('25년 계획 대비 실적'!$I:$I,'25년 계획 대비 실적'!$B:$B,'(작성불필요)종합표'!$B13,'25년 계획 대비 실적'!$E:$E,'(작성불필요)종합표'!L$5) -> 0 | M13: =SUMIFS('25년 계획 대비 실적'!$I:$I,'25년 계획 대비 실적'!$B:$B,'(작성불필요)종합표'!$B13,'25년 계획 대비 실적'!$E:$E,'(작성불필요)종합표'!M$5) -> 0 | N13: =SUMIFS('25년 계획 대비 실적'!$I:$I,'25년 계획 대비 실적'!$B:$B,'(작성불필요)종합표'!$B13,'25년 계획 대비 실적'!$E:$E,'(작성불필요)종합표'!N$5) -> 0 | O13: =SUMIFS('25년 계획 대비 실적'!$I:$I,'25년 계획 대비 실적'!$B:$B,'(작성불필요)종합표'!$B13,'25년 계획 대비 실적'!$E:$E,'(작성불필요)종합표'!O$5) -> 0 | P13: =SUMIFS('25년 계획 대비 실적'!$I:$I,'25년 계획 대비 실적'!$B:$B,'(작성불필요)종합표'!$B13,'25년 계획 대비 실적'!$E:$E,'(작성불필요)종합표'!P$5) -> 0 | Q13: =SUM(I13:P13) -> 0 | R13: =SUMIFS('25년 계획 대비 실적'!$I:$I,'25년 계획 대비 실적'!$B:$B,'(작성불필요)종합표'!$B13,'25년 계획 대비 실적'!$E:$E,'(작성불필요)종합표'!R$5) -> 0 | S13: =SUMIFS('25년 계획 대비 실적'!$I:$I,'25년 계획 대비 실적'!$B:$B,'(작성불필요)종합표'!$B13,'25년 계획 대비 실적'!$E:$E,'(작성불필요)종합표'!S$5) -> 0 | T13: =SUMIFS('25년 계획 대비 실적'!$I:$I,'25년 계획 대비 실적'!$B:$B,'(작성불필요)종합표'!$B13,'25년 계획 대비 실적'!$E:$E,'(작성불필요)종합표'!T$5) -> 0 | U13: =SUM(R13:T13) -> 0 | V13: =SUMIFS('25년 계획 대비 실적'!$I:$I,'25년 계획 대비 실적'!$B:$B,'(작성불필요)종합표'!$B13,'25년 계획 대비 실적'!$E:$E,'(작성불필요)종합표'!V$5) -> 0 | W13: =SUMIFS('25년 계획 대비 실적'!$I:$I,'25년 계획 대비 실적'!$B:$B,'(작성불필요)종합표'!$B13,'25년 계획 대비 실적'!$E:$E,'(작성불필요)종합표'!W$5) -> 0 | X13: =SUMIFS('25년 계획 대비 실적'!$I:$I,'25년 계획 대비 실적'!$B:$B,'(작성불필요)종합표'!$B13,'25년 계획 대비 실적'!$E:$E,'(작성불필요)종합표'!X$5) -> 0 | Y13: =SUMIFS('25년 계획 대비 실적'!$I:$I,'25년 계획 대비 실적'!$B:$B,'(작성불필요)종합표'!$B13,'25년 계획 대비 실적'!$E:$E,'(작성불필요)종합표'!Y$5) -> 0 | Z13: =SUMIFS('25년 계획 대비 실적'!$I:$I,'25년 계획 대비 실적'!$B:$B,'(작성불필요)종합표'!$B13,'25년 계획 대비 실적'!$E:$E,'(작성불필요)종합표'!Z$5) -> 0 | AA13: =SUMIFS('25년 계획 대비 실적'!$I:$I,'25년 계획 대비 실적'!$B:$B,'(작성불필요)종합표'!$B13,'25년 계획 대비 실적'!$E:$E,'(작성불필요)종합표'!AA$5) -> 0 | AB13: =SUMIFS('25년 계획 대비 실적'!$I:$I,'25년 계획 대비 실적'!$B:$B,'(작성불필요)종합표'!$B13,'25년 계획 대비 실적'!$E:$E,'(작성불필요)종합표'!AB$5) -> 0 | AC13: =SUMIFS('25년 계획 대비 실적'!$I:$I,'25년 계획 대비 실적'!$B:$B,'(작성불필요)종합표'!$B13,'25년 계획 대비 실적'!$E:$E,'(작성불필요)종합표'!AC$5) -> 0 | AD13: =SUM(V13:AC13) -> 0 | AE13: =H13+Q13+U13+AD13 -> 0
B14: 외주비-열원기술용역비 | C14: =SUMIFS('25년 계획 대비 실적'!$I:$I,'25년 계획 대비 실적'!$B:$B,'(작성불필요)종합표'!$B14,'25년 계획 대비 실적'!$E:$E,'(작성불필요)종합표'!C$5) -> 0 | D14: =SUMIFS('25년 계획 대비 실적'!$I:$I,'25년 계획 대비 실적'!$B:$B,'(작성불필요)종합표'!$B14,'25년 계획 대비 실적'!$E:$E,'(작성불필요)종합표'!D$5) -> 0 | E14: =SUMIFS('25년 계획 대비 실적'!$I:$I,'25년 계획 대비 실적'!$B:$B,'(작성불필요)종합표'!$B14,'25년 계획 대비 실적'!$E:$E,'(작성불필요)종합표'!E$5) -> 0 | F14: =SUMIFS('25년 계획 대비 실적'!$I:$I,'25년 계획 대비 실적'!$B:$B,'(작성불필요)종합표'!$B14,'25년 계획 대비 실적'!$E:$E,'(작성불필요)종합표'!F$5) -> 0 | G14: =SUMIFS('25년 계획 대비 실적'!$I:$I,'25년 계획 대비 실적'!$B:$B,'(작성불필요)종합표'!$B14,'25년 계획 대비 실적'!$E:$E,'(작성불필요)종합표'!G$5) -> 0 | H14: =SUM(C14:G14) -> 0 | I14: =SUMIFS('25년 계획 대비 실적'!$I:$I,'25년 계획 대비 실적'!$B:$B,'(작성불필요)종합표'!$B14,'25년 계획 대비 실적'!$E:$E,'(작성불필요)종합표'!I$5) -> 0 | J14: =SUMIFS('25년 계획 대비 실적'!$I:$I,'25년 계획 대비 실적'!$B:$B,'(작성불필요)종합표'!$B14,'25년 계획 대비 실적'!$E:$E,'(작성불필요)종합표'!J$5) -> 0 | K14: =SUMIFS('25년 계획 대비 실적'!$I:$I,'25년 계획 대비 실적'!$B:$B,'(작성불필요)종합표'!$B14,'25년 계획 대비 실적'!$E:$E,'(작성불필요)종합표'!K$5) -> 0 | L14: =SUMIFS('25년 계획 대비 실적'!$I:$I,'25년 계획 대비 실적'!$B:$B,'(작성불필요)종합표'!$B14,'25년 계획 대비 실적'!$E:$E,'(작성불필요)종합표'!L$5) -> 0 | M14: =SUMIFS('25년 계획 대비 실적'!$I:$I,'25년 계획 대비 실적'!$B:$B,'(작성불필요)종합표'!$B14,'25년 계획 대비 실적'!$E:$E,'(작성불필요)종합표'!M$5) -> 0 | N14: =SUMIFS('25년 계획 대비 실적'!$I:$I,'25년 계획 대비 실적'!$B:$B,'(작성불필요)종합표'!$B14,'25년 계획 대비 실적'!$E:$E,'(작성불필요)종합표'!N$5) -> 0 | O14: =SUMIFS('25년 계획 대비 실적'!$I:$I,'25년 계획 대비 실적'!$B:$B,'(작성불필요)종합표'!$B14,'25년 계획 대비 실적'!$E:$E,'(작성불필요)종합표'!O$5) -> 0 | P14: =SUMIFS('25년 계획 대비 실적'!$I:$I,'25년 계획 대비 실적'!$B:$B,'(작성불필요)종합표'!$B14,'25년 계획 대비 실적'!$E:$E,'(작성불필요)종합표'!P$5) -> 0 | Q14: =SUM(I14:P14) -> 0 | R14: =SUMIFS('25년 계획 대비 실적'!$I:$I,'25년 계획 대비 실적'!$B:$B,'(작성불필요)종합표'!$B14,'25년 계획 대비 실적'!$E:$E,'(작성불필요)종합표'!R$5) -> 0 | S14: =SUMIFS('25년 계획 대비 실적'!$I:$I,'25년 계획 대비 실적'!$B:$B,'(작성불필요)종합표'!$B14,'25년 계획 대비 실적'!$E:$E,'(작성불필요)종합표'!S$5) -> 0 | T14: =SUMIFS('25년 계획 대비 실적'!$I:$I,'25년 계획 대비 실적'!$B:$B,'(작성불필요)종합표'!$B14,'25년 계획 대비 실적'!$E:$E,'(작성불필요)종합표'!T$5) -> 0 | U14: =SUM(R14:T14) -> 0 | V14: =SUMIFS('25년 계획 대비 실적'!$I:$I,'25년 계획 대비 실적'!$B:$B,'(작성불필요)종합표'!$B14,'25년 계획 대비 실적'!$E:$E,'(작성불필요)종합표'!V$5) -> 0 | W14: =SUMIFS('25년 계획 대비 실적'!$I:$I,'25년 계획 대비 실적'!$B:$B,'(작성불필요)종합표'!$B14,'25년 계획 대비 실적'!$E:$E,'(작성불필요)종합표'!W$5) -> 0 | X14: =SUMIFS('25년 계획 대비 실적'!$I:$I,'25년 계획 대비 실적'!$B:$B,'(작성불필요)종합표'!$B14,'25년 계획 대비 실적'!$E:$E,'(작성불필요)종합표'!X$5) -> 0 | Y14: =SUMIFS('25년 계획 대비 실적'!$I:$I,'25년 계획 대비 실적'!$B:$B,'(작성불필요)종합표'!$B14,'25년 계획 대비 실적'!$E:$E,'(작성불필요)종합표'!Y$5) -> 0 | Z14: =SUMIFS('25년 계획 대비 실적'!$I:$I,'25년 계획 대비 실적'!$B:$B,'(작성불필요)종합표'!$B14,'25년 계획 대비 실적'!$E:$E,'(작성불필요)종합표'!Z$5) -> 0 | AA14: =SUMIFS('25년 계획 대비 실적'!$I:$I,'25년 계획 대비 실적'!$B:$B,'(작성불필요)종합표'!$B14,'25년 계획 대비 실적'!$E:$E,'(작성불필요)종합표'!AA$5) -> 0 | AB14: =SUMIFS('25년 계획 대비 실적'!$I:$I,'25년 계획 대비 실적'!$B:$B,'(작성불필요)종합표'!$B14,'25년 계획 대비 실적'!$E:$E,'(작성불필요)종합표'!AB$5) -> 0 | AC14: =SUMIFS('25년 계획 대비 실적'!$I:$I,'25년 계획 대비 실적'!$B:$B,'(작성불필요)종합표'!$B14,'25년 계획 대비 실적'!$E:$E,'(작성불필요)종합표'!AC$5) -> 0 | AD14: =SUM(V14:AC14) -> 0 | AE14: =H14+Q14+U14+AD14 -> 0
A15: 자본예산 합계 | C15: =SUM(C6:C14) -> 0 | D15: =SUM(D6:D14) -> 0 | E15: =SUM(E6:E14) -> 0 | F15: =SUM(F6:F14) -> 0 | G15: =SUM(G6:G14) -> 0 | H15: =SUM(H6:H14) -> 0 | I15: =SUM(I6:I14) -> 0 | J15: =SUM(J6:J14) -> 0 | ... AE15: =SUM(AE6:AE14) -> 0
